================================================================================
W&B RUN DATA: ABLATION-twohot-OFF-gaussian_weak_seed42_20260129_234650
================================================================================

## RUN METADATA
Run ID: cu7m0b4p
Created: 2026-01-29T22:46:51Z
State: crashed
Duration: 141394.889797616 seconds

## CONFIGURATION
  [Environment]
    opponent: weak
  [Training]
    batch_size: 32
    batch_length: 32
    imagination_horizon: 15
    discount: 0.997
  [Entropy]
    entropy_scale: 0.0003
  [Self-Play]
    self_play_pool_size: 10
    self_play_save_interval: 500
    self_play_weak_ratio: 0.3
    use_pfsp: False
    pfsp_mode: variance
  [Architecture]
    recurrent_size: 256
    latent_length: 16
    latent_classes: 16
  [Meta]
    seed: 42
    algorithm: DreamerV3

## FINAL SUMMARY
  runtime: 39.28 hours (141395 seconds)

## NOTE: Data reduced (fraction=1.0, max_points=1666)

## METRICS DATA

### STATS
#### buffer_size
  Points: 79
  Min: 16767.0000, Max: 250000.0000, Mean: 222545.2025
  Data: [
    16767.0000, 32156.0000, 48003.0000, 61287.0000, 75934.0000, 87787.0000, 99655.0000, 112231.0000, 123857.0000, 137256.0000,
    149312.0000, 162286.0000, 175300.0000, 188456.0000, 199284.0000, 211533.0000, 223049.0000, 233392.0000, 243526.0000, 250000.0000,
    250000.0000, 250000.0000, 250000.0000, 250000.0000, 250000.0000, 250000.0000, 250000.0000, 250000.0000, 250000.0000, 250000.0000,
    250000.0000, 250000.0000, 250000.0000, 250000.0000, 250000.0000, 250000.0000, 250000.0000, 250000.0000, 250000.0000, 250000.0000,
    250000.0000, 250000.0000, 250000.0000, 250000.0000, 250000.0000, 250000.0000, 250000.0000, 250000.0000, 250000.0000, 250000.0000,
    250000.0000, 250000.0000, 250000.0000, 250000.0000, 250000.0000, 250000.0000, 250000.0000, 250000.0000, 250000.0000, 250000.0000,
    250000.0000, 250000.0000, 250000.0000, 250000.0000, 250000.0000, 250000.0000, 250000.0000, 250000.0000, 250000.0000, 250000.0000,
    250000.0000, 250000.0000, 250000.0000, 250000.0000, 250000.0000, 250000.0000, 250000.0000, 250000.0000, 250000.0000,
  ]

#### draws
  Points: 79
  Min: 0.0000, Max: 684.0000, Mean: 543.7975
  Data: [
    0.0000, 44.0000, 91.0000, 117.0000, 154.0000, 179.0000, 199.0000, 226.0000, 251.0000, 280.0000,
    301.0000, 328.0000, 359.0000, 388.0000, 410.0000, 436.0000, 457.0000, 473.0000, 487.0000, 505.0000,
    512.0000, 521.0000, 538.0000, 544.0000, 553.0000, 560.0000, 566.0000, 574.0000, 580.0000, 581.0000,
    583.0000, 589.0000, 593.0000, 596.0000, 601.0000, 606.0000, 612.0000, 616.0000, 617.0000, 622.0000,
    624.0000, 627.0000, 629.0000, 630.0000, 634.0000, 640.0000, 644.0000, 645.0000, 646.0000, 647.0000,
    648.0000, 649.0000, 650.0000, 652.0000, 655.0000, 656.0000, 658.0000, 659.0000, 660.0000, 663.0000,
    663.0000, 663.0000, 665.0000, 667.0000, 668.0000, 669.0000, 670.0000, 671.0000, 672.0000, 673.0000,
    675.0000, 676.0000, 676.0000, 677.0000, 680.0000, 680.0000, 683.0000, 683.0000, 684.0000,
  ]

#### env_steps
  Points: 79
  Min: 50.0000, Max: 610402.0000, Mean: 366070.1266
  Data: [
    50.0000, 15439.0000, 31286.0000, 44570.0000, 59217.0000, 71070.0000, 82938.0000, 95514.0000, 107140.0000, 120539.0000,
    132595.0000, 145569.0000, 158583.0000, 171739.0000, 182567.0000, 194816.0000, 206332.0000, 216675.0000, 226809.0000, 237524.0000,
    246477.0000, 256803.0000, 266934.0000, 274994.0000, 283141.0000, 291141.0000, 299329.0000, 308132.0000, 315573.0000, 322847.0000,
    329797.0000, 337393.0000, 344778.0000, 351433.0000, 359119.0000, 366160.0000, 373641.0000, 380568.0000, 386615.0000, 394178.0000,
    400725.0000, 407927.0000, 415125.0000, 421324.0000, 427580.0000, 434424.0000, 440914.0000, 446441.0000, 452281.0000, 458575.0000,
    464385.0000, 469808.0000, 474962.0000, 480603.0000, 486593.0000, 491844.0000, 497045.0000, 502678.0000, 507555.0000, 513583.0000,
    518256.0000, 523402.0000, 528972.0000, 534353.0000, 539847.0000, 545176.0000, 549963.0000, 555149.0000, 560061.0000, 564986.0000,
    570211.0000, 575567.0000, 580275.0000, 585499.0000, 591135.0000, 595665.0000, 600979.0000, 605245.0000, 610402.0000,
  ]

#### episodes
  Points: 79
  Min: 101.0000, Max: 7901.0000, Mean: 4001.0000
  Data: [
    101.0000, 201.0000, 301.0000, 401.0000, 501.0000, 601.0000, 701.0000, 801.0000, 901.0000, 1001.0000,
    1101.0000, 1201.0000, 1301.0000, 1401.0000, 1501.0000, 1601.0000, 1701.0000, 1801.0000, 1901.0000, 2001.0000,
    2101.0000, 2201.0000, 2301.0000, 2401.0000, 2501.0000, 2601.0000, 2701.0000, 2801.0000, 2901.0000, 3001.0000,
    3101.0000, 3201.0000, 3301.0000, 3401.0000, 3501.0000, 3601.0000, 3701.0000, 3801.0000, 3901.0000, 4001.0000,
    4101.0000, 4201.0000, 4301.0000, 4401.0000, 4501.0000, 4601.0000, 4701.0000, 4801.0000, 4901.0000, 5001.0000,
    5101.0000, 5201.0000, 5301.0000, 5401.0000, 5501.0000, 5601.0000, 5701.0000, 5801.0000, 5901.0000, 6001.0000,
    6101.0000, 6201.0000, 6301.0000, 6401.0000, 6501.0000, 6601.0000, 6701.0000, 6801.0000, 6901.0000, 7001.0000,
    7101.0000, 7201.0000, 7301.0000, 7401.0000, 7501.0000, 7601.0000, 7701.0000, 7801.0000, 7901.0000,
  ]

#### gradient_steps
  Points: 79
  Min: 32.0000, Max: 249632.0000, Mean: 124832.0000
  Data: [
    32.0000, 3232.0000, 6432.0000, 9632.0000, 12832.0000, 16032.0000, 19232.0000, 22432.0000, 25632.0000, 28832.0000,
    32032.0000, 35232.0000, 38432.0000, 41632.0000, 44832.0000, 48032.0000, 51232.0000, 54432.0000, 57632.0000, 60832.0000,
    64032.0000, 67232.0000, 70432.0000, 73632.0000, 76832.0000, 80032.0000, 83232.0000, 86432.0000, 89632.0000, 92832.0000,
    96032.0000, 99232.0000, 102432.0000, 105632.0000, 108832.0000, 112032.0000, 115232.0000, 118432.0000, 121632.0000, 124832.0000,
    128032.0000, 131232.0000, 134432.0000, 137632.0000, 140832.0000, 144032.0000, 147232.0000, 150432.0000, 153632.0000, 156832.0000,
    160032.0000, 163232.0000, 166432.0000, 169632.0000, 172832.0000, 176032.0000, 179232.0000, 182432.0000, 185632.0000, 188832.0000,
    192032.0000, 195232.0000, 198432.0000, 201632.0000, 204832.0000, 208032.0000, 211232.0000, 214432.0000, 217632.0000, 220832.0000,
    224032.0000, 227232.0000, 230432.0000, 233632.0000, 236832.0000, 240032.0000, 243232.0000, 246432.0000, 249632.0000,
  ]

#### losses
  Points: 79
  Min: 1.0000, Max: 947.0000, Mean: 770.2532
  Data: [
    1.0000, 49.0000, 94.0000, 142.0000, 178.0000, 224.0000, 278.0000, 325.0000, 377.0000, 422.0000,
    473.0000, 517.0000, 560.0000, 590.0000, 623.0000, 651.0000, 678.0000, 701.0000, 727.0000, 745.0000,
    767.0000, 785.0000, 796.0000, 807.0000, 815.0000, 826.0000, 831.0000, 834.0000, 837.0000, 848.0000,
    854.0000, 861.0000, 863.0000, 865.0000, 868.0000, 870.0000, 875.0000, 878.0000, 879.0000, 880.0000,
    882.0000, 882.0000, 885.0000, 888.0000, 890.0000, 890.0000, 890.0000, 893.0000, 895.0000, 896.0000,
    898.0000, 899.0000, 901.0000, 903.0000, 906.0000, 909.0000, 910.0000, 912.0000, 915.0000, 917.0000,
    918.0000, 919.0000, 921.0000, 921.0000, 921.0000, 923.0000, 925.0000, 930.0000, 931.0000, 932.0000,
    932.0000, 933.0000, 934.0000, 938.0000, 941.0000, 942.0000, 942.0000, 945.0000, 947.0000,
  ]

#### mean_reward
  Points: 79
  Min: -20.3818, Max: 9.3806, Mean: 4.8319
  Data: [
    -11.7036, -20.3818, -13.4118, -8.5175, -7.9364, -7.3494, -7.9453, -5.8313, -6.5908, -5.7531,
    -5.3744, -5.0598, -4.8575, -1.6931, -0.9779, -0.6475, 0.3263, 2.1133, 1.6188, 2.9343,
    3.5285, 4.0439, 4.6942, 6.0013, 6.4406, 5.9374, 7.2581, 7.5717, 7.8891, 6.6701,
    7.6354, 7.0380, 8.3188, 8.4943, 7.9893, 8.3572, 7.5092, 8.2122, 8.9811, 8.5607,
    8.5524, 8.8595, 8.2718, 8.6751, 8.4831, 8.7514, 9.0079, 8.6856, 8.9232, 9.0045,
    8.7914, 9.1254, 8.9358, 8.7843, 8.3737, 8.7063, 9.1018, 8.9054, 8.8305, 8.6716,
    9.3474, 9.1946, 8.9028, 9.2719, 9.3806, 8.9512, 9.0655, 8.3126, 9.2193, 9.2196,
    9.2992, 9.1048, 9.3509, 8.5203, 8.5388, 9.3294, 9.2816, 8.9575, 8.9364,
  ]

#### opponent_selfplay_count
  Points: 79
  Min: 0.0000, Max: 0.0000, Mean: 0.0000
  Data: [
    0.0000, 0.0000, 0.0000, 0.0000, 0.0000, 0.0000, 0.0000, 0.0000, 0.0000, 0.0000,
    0.0000, 0.0000, 0.0000, 0.0000, 0.0000, 0.0000, 0.0000, 0.0000, 0.0000, 0.0000,
    0.0000, 0.0000, 0.0000, 0.0000, 0.0000, 0.0000, 0.0000, 0.0000, 0.0000, 0.0000,
    0.0000, 0.0000, 0.0000, 0.0000, 0.0000, 0.0000, 0.0000, 0.0000, 0.0000, 0.0000,
    0.0000, 0.0000, 0.0000, 0.0000, 0.0000, 0.0000, 0.0000, 0.0000, 0.0000, 0.0000,
    0.0000, 0.0000, 0.0000, 0.0000, 0.0000, 0.0000, 0.0000, 0.0000, 0.0000, 0.0000,
    0.0000, 0.0000, 0.0000, 0.0000, 0.0000, 0.0000, 0.0000, 0.0000, 0.0000, 0.0000,
    0.0000, 0.0000, 0.0000, 0.0000, 0.0000, 0.0000, 0.0000, 0.0000, 0.0000,
  ]

#### opponent_strong_count
  Points: 79
  Min: 0.0000, Max: 3811.0000, Mean: 1902.1519
  Data: [
    0.0000, 48.0000, 102.0000, 152.0000, 200.0000, 240.0000, 294.0000, 340.0000, 384.0000, 438.0000,
    485.0000, 534.0000, 583.0000, 643.0000, 680.0000, 729.0000, 782.0000, 830.0000, 877.0000, 928.0000,
    979.0000, 1036.0000, 1091.0000, 1148.0000, 1190.0000, 1240.0000, 1293.0000, 1342.0000, 1381.0000, 1428.0000,
    1475.0000, 1522.0000, 1568.0000, 1618.0000, 1665.0000, 1710.0000, 1760.0000, 1805.0000, 1856.0000, 1899.0000,
    1952.0000, 1999.0000, 2044.0000, 2086.0000, 2138.0000, 2180.0000, 2223.0000, 2274.0000, 2326.0000, 2377.0000,
    2429.0000, 2475.0000, 2525.0000, 2581.0000, 2629.0000, 2681.0000, 2724.0000, 2772.0000, 2818.0000, 2870.0000,
    2916.0000, 2965.0000, 3011.0000, 3064.0000, 3110.0000, 3166.0000, 3219.0000, 3266.0000, 3318.0000, 3369.0000,
    3418.0000, 3464.0000, 3510.0000, 3551.0000, 3606.0000, 3659.0000, 3709.0000, 3760.0000, 3811.0000,
  ]

#### opponent_weak_count
  Points: 79
  Min: 1.0000, Max: 3990.0000, Mean: 1998.8481
  Data: [
    1.0000, 53.0000, 99.0000, 149.0000, 201.0000, 261.0000, 307.0000, 361.0000, 417.0000, 463.0000,
    516.0000, 567.0000, 618.0000, 658.0000, 721.0000, 772.0000, 819.0000, 871.0000, 924.0000, 973.0000,
    1022.0000, 1065.0000, 1110.0000, 1153.0000, 1211.0000, 1261.0000, 1308.0000, 1359.0000, 1420.0000, 1473.0000,
    1526.0000, 1579.0000, 1633.0000, 1683.0000, 1736.0000, 1791.0000, 1841.0000, 1896.0000, 1945.0000, 2002.0000,
    2049.0000, 2102.0000, 2157.0000, 2215.0000, 2263.0000, 2321.0000, 2378.0000, 2427.0000, 2475.0000, 2524.0000,
    2572.0000, 2626.0000, 2676.0000, 2720.0000, 2772.0000, 2820.0000, 2877.0000, 2929.0000, 2983.0000, 3031.0000,
    3085.0000, 3136.0000, 3190.0000, 3237.0000, 3291.0000, 3335.0000, 3382.0000, 3435.0000, 3483.0000, 3532.0000,
    3583.0000, 3637.0000, 3691.0000, 3750.0000, 3795.0000, 3842.0000, 3892.0000, 3941.0000, 3990.0000,
  ]

#### win_rate
  Points: 79
  Min: 0.0000, Max: 0.9900, Mean: 0.7810
  Data: [
    0.0000, 0.0800, 0.0800, 0.2600, 0.2700, 0.2900, 0.2600, 0.2600, 0.2300, 0.2600,
    0.2800, 0.2900, 0.2600, 0.4100, 0.4500, 0.4600, 0.5200, 0.6100, 0.6000, 0.6400,
    0.7100, 0.7300, 0.7200, 0.8300, 0.8300, 0.8200, 0.8900, 0.8900, 0.9100, 0.8800,
    0.9200, 0.8700, 0.9400, 0.9500, 0.9200, 0.9300, 0.8900, 0.9300, 0.9800, 0.9400,
    0.9600, 0.9700, 0.9500, 0.9600, 0.9400, 0.9400, 0.9600, 0.9600, 0.9700, 0.9800,
    0.9700, 0.9800, 0.9700, 0.9600, 0.9400, 0.9600, 0.9700, 0.9700, 0.9600, 0.9500,
    0.9900, 0.9900, 0.9600, 0.9800, 0.9900, 0.9700, 0.9700, 0.9400, 0.9800, 0.9800,
    0.9800, 0.9800, 0.9900, 0.9500, 0.9400, 0.9900, 0.9700, 0.9700, 0.9700,
  ]

#### wins
  Points: 79
  Min: 0.0000, Max: 6170.0000, Mean: 2586.9494
  Data: [
    0.0000, 8.0000, 16.0000, 42.0000, 69.0000, 98.0000, 124.0000, 150.0000, 173.0000, 199.0000,
    227.0000, 256.0000, 282.0000, 323.0000, 368.0000, 414.0000, 466.0000, 527.0000, 587.0000, 651.0000,
    722.0000, 795.0000, 867.0000, 950.0000, 1033.0000, 1115.0000, 1204.0000, 1293.0000, 1384.0000, 1472.0000,
    1564.0000, 1651.0000, 1745.0000, 1840.0000, 1932.0000, 2025.0000, 2114.0000, 2207.0000, 2305.0000, 2399.0000,
    2495.0000, 2592.0000, 2687.0000, 2783.0000, 2877.0000, 2971.0000, 3067.0000, 3163.0000, 3260.0000, 3358.0000,
    3455.0000, 3553.0000, 3650.0000, 3746.0000, 3840.0000, 3936.0000, 4033.0000, 4130.0000, 4226.0000, 4321.0000,
    4420.0000, 4519.0000, 4615.0000, 4713.0000, 4812.0000, 4909.0000, 5006.0000, 5100.0000, 5198.0000, 5296.0000,
    5394.0000, 5492.0000, 5591.0000, 5686.0000, 5780.0000, 5879.0000, 5976.0000, 6073.0000, 6170.0000,
  ]


### EPISODE
#### draw_rate_100
  Points: 79
  Min: 0.0000, Max: 0.0100, Mean: 0.0001
  Data: [
    0.0000, 0.0000, 0.0000, 0.0000, 0.0000, 0.0000, 0.0000, 0.0000, 0.0000, 0.0000,
    0.0000, 0.0000, 0.0000, 0.0000, 0.0000, 0.0000, 0.0000, 0.0100, 0.0000, 0.0000,
    0.0000, 0.0000, 0.0000, 0.0000, 0.0000, 0.0000, 0.0000, 0.0000, 0.0000, 0.0000,
    0.0000, 0.0000, 0.0000, 0.0000, 0.0000, 0.0000, 0.0000, 0.0000, 0.0000, 0.0000,
    0.0000, 0.0000, 0.0000, 0.0000, 0.0000, 0.0000, 0.0000, 0.0000, 0.0000, 0.0000,
    0.0000, 0.0000, 0.0000, 0.0000, 0.0000, 0.0000, 0.0000, 0.0000, 0.0000, 0.0000,
    0.0000, 0.0000, 0.0000, 0.0000, 0.0000, 0.0000, 0.0000, 0.0000, 0.0000, 0.0000,
    0.0000, 0.0000, 0.0000, 0.0000, 0.0000, 0.0000, 0.0000, 0.0000, 0.0000,
  ]

#### length_max
  Points: 79
  Min: 50.0000, Max: 251.0000, Mean: 243.1899
  Data: [
    50.0000, 251.0000, 251.0000, 251.0000, 251.0000, 251.0000, 251.0000, 251.0000, 251.0000, 251.0000,
    251.0000, 251.0000, 251.0000, 251.0000, 251.0000, 251.0000, 251.0000, 251.0000, 251.0000, 251.0000,
    251.0000, 251.0000, 251.0000, 251.0000, 251.0000, 251.0000, 251.0000, 251.0000, 251.0000, 251.0000,
    251.0000, 251.0000, 251.0000, 251.0000, 251.0000, 251.0000, 251.0000, 251.0000, 251.0000, 251.0000,
    251.0000, 251.0000, 251.0000, 251.0000, 251.0000, 251.0000, 251.0000, 251.0000, 251.0000, 251.0000,
    251.0000, 251.0000, 251.0000, 251.0000, 251.0000, 251.0000, 251.0000, 251.0000, 251.0000, 251.0000,
    185.0000, 242.0000, 251.0000, 251.0000, 251.0000, 251.0000, 251.0000, 251.0000, 251.0000, 251.0000,
    251.0000, 251.0000, 116.0000, 251.0000, 251.0000, 140.0000, 251.0000, 156.0000, 251.0000,
  ]

#### length_mean
  Points: 79
  Min: 42.6600, Max: 158.4700, Mean: 77.8927
  Data: [
    50.0000, 153.8900, 158.4700, 132.8400, 146.4700, 118.5300, 118.6800, 125.7600, 116.2600, 133.9900,
    120.5600, 129.7400, 130.1400, 131.5600, 108.2800, 122.4900, 115.1600, 103.4300, 101.3400, 107.1500,
    89.5300, 103.2600, 101.3100, 80.6000, 81.4700, 80.0000, 81.8800, 88.0300, 74.4100, 72.7400,
    69.5000, 75.9600, 73.8500, 66.5500, 76.8600, 70.4100, 74.8100, 69.2700, 60.4700, 75.6300,
    65.4700, 72.0200, 71.9800, 61.9900, 62.5600, 68.4400, 64.9000, 55.2700, 58.4000, 62.9400,
    58.1000, 54.2300, 51.5400, 56.4100, 59.9000, 52.5100, 52.0100, 56.3300, 48.7700, 60.2800,
    46.7300, 51.4600, 55.7000, 53.8100, 54.9400, 53.2900, 47.8700, 51.8600, 49.1200, 49.2500,
    52.2500, 53.5600, 47.0800, 52.2400, 56.3600, 45.3000, 53.1400, 42.6600, 51.5700,
  ]

#### length_min
  Points: 79
  Min: 15.0000, Max: 50.0000, Mean: 25.3165
  Data: [
    50.0000, 31.0000, 27.0000, 26.0000, 27.0000, 15.0000, 26.0000, 26.0000, 20.0000, 23.0000,
    25.0000, 25.0000, 26.0000, 25.0000, 20.0000, 24.0000, 25.0000, 26.0000, 26.0000, 26.0000,
    25.0000, 25.0000, 22.0000, 26.0000, 27.0000, 27.0000, 29.0000, 30.0000, 27.0000, 28.0000,
    30.0000, 30.0000, 30.0000, 30.0000, 29.0000, 29.0000, 27.0000, 26.0000, 27.0000, 26.0000,
    26.0000, 25.0000, 25.0000, 25.0000, 25.0000, 24.0000, 24.0000, 25.0000, 23.0000, 24.0000,
    24.0000, 23.0000, 24.0000, 24.0000, 23.0000, 22.0000, 23.0000, 23.0000, 23.0000, 23.0000,
    23.0000, 22.0000, 23.0000, 24.0000, 23.0000, 23.0000, 23.0000, 24.0000, 24.0000, 23.0000,
    23.0000, 24.0000, 23.0000, 25.0000, 25.0000, 25.0000, 25.0000, 25.0000, 26.0000,
  ]

#### length_std
  Points: 79
  Min: 0.0000, Max: 97.0386, Mean: 56.1926
  Data: [
    0.0000, 97.0386, 93.6464, 85.4029, 91.0294, 88.9932, 81.0212, 88.9787, 86.3144, 91.3777,
    83.3170, 89.8295, 90.8915, 91.4175, 89.2406, 90.5614, 88.0158, 82.8178, 81.5228, 84.6809,
    71.6604, 77.1869, 83.8218, 62.5792, 66.1677, 65.0185, 66.2986, 70.3091, 59.9595, 54.6589,
    44.9574, 56.4689, 55.5583, 50.2622, 61.5292, 52.9541, 61.9625, 51.3550, 41.7558, 62.8588,
    47.5959, 55.5514, 51.5903, 43.1918, 54.6328, 56.6691, 52.0186, 38.4918, 41.2211, 43.6650,
    41.7901, 39.7016, 34.4449, 42.0348, 49.9619, 39.0655, 37.2412, 40.9624, 30.9725, 48.4657,
    26.5710, 40.0888, 44.0294, 40.0474, 38.5398, 39.9648, 30.3222, 36.0807, 32.9170, 31.3399,
    38.5252, 40.8936, 22.8248, 34.3427, 44.0208, 22.0828, 39.8344, 19.9576, 34.1415,
  ]

#### reward_mean
  Points: 79
  Min: -20.3818, Max: 9.3806, Mean: 4.8319
  Data: [
    -11.7036, -20.3818, -13.4118, -8.5175, -7.9364, -7.3494, -7.9453, -5.8313, -6.5908, -5.7531,
    -5.3744, -5.0598, -4.8575, -1.6931, -0.9779, -0.6475, 0.3263, 2.1133, 1.6188, 2.9343,
    3.5285, 4.0439, 4.6942, 6.0013, 6.4406, 5.9374, 7.2581, 7.5717, 7.8891, 6.6701,
    7.6354, 7.0380, 8.3188, 8.4943, 7.9893, 8.3572, 7.5092, 8.2122, 8.9811, 8.5607,
    8.5524, 8.8595, 8.2718, 8.6751, 8.4831, 8.7514, 9.0079, 8.6856, 8.9232, 9.0045,
    8.7914, 9.1254, 8.9358, 8.7843, 8.3737, 8.7063, 9.1018, 8.9054, 8.8305, 8.6716,
    9.3474, 9.1946, 8.9028, 9.2719, 9.3806, 8.9512, 9.0655, 8.3126, 9.2193, 9.2196,
    9.2992, 9.1048, 9.3509, 8.5203, 8.5388, 9.3294, 9.2816, 8.9575, 8.9364,
  ]

#### reward_std
  Points: 79
  Min: 0.0000, Max: 15.8354, Mean: 5.3497
  Data: [
    0.0000, 15.8354, 10.2113, 11.5611, 11.2844, 11.0264, 10.3228, 9.1641, 9.1554, 10.0342,
    9.4345, 9.7928, 8.8261, 9.2775, 9.5560, 9.5196, 9.4897, 9.2307, 9.6577, 8.8332,
    8.9559, 8.4817, 7.6587, 7.2667, 6.5139, 7.2678, 5.8598, 4.8106, 4.6151, 6.8138,
    5.5427, 6.1077, 3.8486, 3.6462, 4.4441, 3.9092, 5.3344, 4.2796, 2.5421, 3.1018,
    3.8692, 2.3726, 4.6338, 3.8486, 3.9122, 2.6604, 2.2903, 3.8931, 3.0743, 2.6578,
    3.3778, 2.6067, 3.3497, 3.4098, 4.3959, 3.8326, 2.7784, 3.2814, 3.6779, 3.4612,
    2.0652, 2.2254, 3.2820, 1.7107, 1.0845, 3.1628, 3.2021, 4.8285, 2.6358, 2.3355,
    1.7613, 2.6813, 2.0671, 4.2446, 4.0686, 2.1275, 1.8104, 3.5366, 3.2037,
  ]

#### win_rate_100
  Points: 79
  Min: 0.0000, Max: 0.9900, Mean: 0.7810
  Data: [
    0.0000, 0.0800, 0.0800, 0.2600, 0.2700, 0.2900, 0.2600, 0.2600, 0.2300, 0.2600,
    0.2800, 0.2900, 0.2600, 0.4100, 0.4500, 0.4600, 0.5200, 0.6100, 0.6000, 0.6400,
    0.7100, 0.7300, 0.7200, 0.8300, 0.8300, 0.8200, 0.8900, 0.8900, 0.9100, 0.8800,
    0.9200, 0.8700, 0.9400, 0.9500, 0.9200, 0.9300, 0.8900, 0.9300, 0.9800, 0.9400,
    0.9600, 0.9700, 0.9500, 0.9600, 0.9400, 0.9400, 0.9600, 0.9600, 0.9700, 0.9800,
    0.9700, 0.9800, 0.9700, 0.9600, 0.9400, 0.9600, 0.9700, 0.9700, 0.9600, 0.9500,
    0.9900, 0.9900, 0.9600, 0.9800, 0.9900, 0.9700, 0.9700, 0.9400, 0.9800, 0.9800,
    0.9800, 0.9800, 0.9900, 0.9500, 0.9400, 0.9900, 0.9700, 0.9700, 0.9700,
  ]


### TIME
#### elapsed_hours
  Points: 79
  Min: 0.0060, Max: 38.7791, Mean: 19.6567
  Data: [
    0.0060, 0.5217, 1.0435, 1.5566, 2.0792, 2.6001, 3.1204, 3.6560, 4.1730, 4.6910,
    5.2033, 5.7186, 6.2359, 6.7749, 7.2957, 7.8174, 8.3315, 8.8458, 9.3653, 9.8814,
    10.3693, 10.8681, 11.3697, 11.8653, 12.3598, 12.8613, 13.3557, 13.8547, 14.3447, 14.8407,
    15.3353, 15.8333, 16.3378, 16.8292, 17.3209, 17.8114, 18.3101, 18.8099, 19.3143, 19.8061,
    20.2892, 20.7766, 21.2609, 21.7468, 22.2351, 22.7246, 23.2047, 23.6893, 24.1743, 24.6640,
    25.1578, 25.6420, 26.1289, 26.6110, 27.0959, 27.5925, 28.0811, 28.5805, 29.0688, 29.5483,
    30.0325, 30.5191, 31.0019, 31.5015, 31.9917, 32.4809, 32.9677, 33.4490, 33.9303, 34.4187,
    34.9048, 35.3923, 35.8720, 36.3572, 36.8410, 37.3330, 37.8201, 38.2991, 38.7791,
  ]

#### episodes_per_hour
  Points: 79
  Min: 201.9746, Max: 16959.3414, Mean: 421.0125
  Data: [
    16959.3414, 385.2824, 288.4650, 257.6128, 240.9536, 231.1484, 224.6507, 219.0890, 215.9097, 213.3854,
    211.5979, 210.0170, 208.6300, 206.7920, 205.7383, 204.8005, 204.1648, 203.5985, 202.9830, 202.5024,
    202.6176, 202.5187, 202.3804, 202.3556, 202.3503, 202.2345, 202.2360, 202.1702, 202.2347, 202.2143,
    202.2134, 202.1695, 202.0465, 202.0891, 202.1261, 202.1738, 202.1293, 202.0744, 201.9746, 202.0085,
    202.1273, 202.1989, 202.2962, 202.3750, 202.4276, 202.4675, 202.5882, 202.6656, 202.7362, 202.7655,
    202.7603, 202.8311, 202.8784, 202.9614, 203.0195, 202.9902, 203.0188, 202.9708, 203.0012, 203.0910,
    203.1466, 203.1845, 203.2453, 203.1964, 203.2087, 203.2271, 203.2597, 203.3243, 203.3875, 203.4069,
    203.4389, 203.4625, 203.5293, 203.5637, 203.6045, 203.5999, 203.6219, 203.6861, 203.7436,
  ]

#### gradient_steps_per_second
  Points: 79
  Min: 1.4926, Max: 1.7881, Mean: 1.7455
  Data: [
    1.4926, 1.7209, 1.7123, 1.7188, 1.7143, 1.7128, 1.7120, 1.7043, 1.7062, 1.7073,
    1.7100, 1.7114, 1.7119, 1.7069, 1.7069, 1.7067, 1.7081, 1.7093, 1.7094, 1.7101,
    1.7153, 1.7184, 1.7208, 1.7238, 1.7268, 1.7285, 1.7311, 1.7329, 1.7357, 1.7376,
    1.7395, 1.7409, 1.7416, 1.7435, 1.7454, 1.7472, 1.7482, 1.7490, 1.7493, 1.7508,
    1.7529, 1.7545, 1.7564, 1.7580, 1.7594, 1.7606, 1.7625, 1.7639, 1.7653, 1.7663,
    1.7670, 1.7683, 1.7693, 1.7707, 1.7718, 1.7721, 1.7730, 1.7731, 1.7739, 1.7752,
    1.7761, 1.7770, 1.7780, 1.7780, 1.7785, 1.7791, 1.7798, 1.7808, 1.7817, 1.7822,
    1.7829, 1.7834, 1.7844, 1.7850, 1.7857, 1.7860, 1.7865, 1.7873, 1.7881,
  ]

#### steps_per_second
  Points: 79
  Min: 2.3321, Max: 8.3286, Mean: 5.7090
  Data: [
    2.3321, 8.2205, 8.3286, 7.9536, 7.9112, 7.5928, 7.3831, 7.2569, 7.1318, 7.1377,
    7.0786, 7.0710, 7.0640, 7.0414, 6.9511, 6.9225, 6.8792, 6.8040, 6.7272, 6.6771,
    6.6028, 6.5636, 6.5216, 6.4379, 6.3634, 6.2880, 6.2256, 6.1779, 6.1109, 6.0428,
    5.9738, 5.9192, 5.8620, 5.8006, 5.7593, 5.7104, 5.6684, 5.6201, 5.5603, 5.5283,
    5.4863, 5.4539, 5.4237, 5.3817, 5.3417, 5.3102, 5.2781, 5.2349, 5.1970, 5.1647,
    5.1275, 5.0894, 5.0493, 5.0168, 4.9884, 4.9515, 4.9168, 4.8856, 4.8501, 4.8281,
    4.7935, 4.7639, 4.7396, 4.7119, 4.6874, 4.6624, 4.6339, 4.6102, 4.5851, 4.5597,
    4.5378, 4.5174, 4.4934, 4.4734, 4.4571, 4.4321, 4.4140, 4.3898, 4.3724,
  ]


### EVAL
#### combined_win_rate
  Points: 12
  Min: 0.3000, Max: 1.0000, Mean: 0.8375
  Data: [
    0.3000, 0.4500, 0.8000, 0.8500, 0.8500, 0.9500, 1.0000, 0.9500, 0.9500, 1.0000,
    0.9500, 1.0000,
  ]

#### gif_strong
  Points: 12
  Error: float() argument must be a string or a real number, not 'dict'

#### gif_weak
  Points: 12
  Error: float() argument must be a string or a real number, not 'dict'

#### strong_draws
  Points: 12
  Min: 0.0000, Max: 2.0000, Mean: 0.5000
  Data: [
    1.0000, 2.0000, 2.0000, 0.0000, 1.0000, 0.0000, 0.0000, 0.0000, 0.0000, 0.0000,
    0.0000, 0.0000,
  ]

#### strong_losses
  Points: 12
  Min: 0.0000, Max: 5.0000, Mean: 1.1667
  Data: [
    5.0000, 3.0000, 2.0000, 2.0000, 0.0000, 0.0000, 0.0000, 1.0000, 1.0000, 0.0000,
    0.0000, 0.0000,
  ]

#### strong_mean_reward
  Points: 12
  Min: -6.4866, Max: 9.5511, Mean: 5.6028
  Data: [
    -6.4866, -0.6152, 0.6192, 4.6043, 7.8505, 9.2791, 9.1741, 7.4178, 7.0950, 9.2345,
    9.5096, 9.5511,
  ]

#### strong_win_rate
  Points: 12
  Min: 0.4000, Max: 1.0000, Mean: 0.8333
  Data: [
    0.4000, 0.5000, 0.6000, 0.8000, 0.9000, 1.0000, 1.0000, 0.9000, 0.9000, 1.0000,
    1.0000, 1.0000,
  ]

#### strong_wins
  Points: 12
  Min: 4.0000, Max: 10.0000, Mean: 8.3333
  Data: [
    4.0000, 5.0000, 6.0000, 8.0000, 9.0000, 10.0000, 10.0000, 9.0000, 9.0000, 10.0000,
    10.0000, 10.0000,
  ]

#### weak_draws
  Points: 12
  Min: 0.0000, Max: 2.0000, Mean: 0.5000
  Data: [
    2.0000, 2.0000, 0.0000, 1.0000, 0.0000, 1.0000, 0.0000, 0.0000, 0.0000, 0.0000,
    0.0000, 0.0000,
  ]

#### weak_losses
  Points: 12
  Min: 0.0000, Max: 6.0000, Mean: 1.0833
  Data: [
    6.0000, 4.0000, 0.0000, 0.0000, 2.0000, 0.0000, 0.0000, 0.0000, 0.0000, 0.0000,
    1.0000, 0.0000,
  ]

#### weak_mean_reward
  Points: 12
  Min: -7.7794, Max: 9.6569, Mean: 6.3430
  Data: [
    -7.7794, -2.0781, 9.0442, 7.9747, 5.1689, 8.4154, 9.4423, 9.5318, 9.6063, 9.6569,
    7.6098, 9.5230,
  ]

#### weak_win_rate
  Points: 12
  Min: 0.2000, Max: 1.0000, Mean: 0.8417
  Data: [
    0.2000, 0.4000, 1.0000, 0.9000, 0.8000, 0.9000, 1.0000, 1.0000, 1.0000, 1.0000,
    0.9000, 1.0000,
  ]

#### weak_wins
  Points: 12
  Min: 2.0000, Max: 10.0000, Mean: 8.4167
  Data: [
    2.0000, 4.0000, 10.0000, 9.0000, 8.0000, 9.0000, 10.0000, 10.0000, 10.0000, 10.0000,
    9.0000, 10.0000,
  ]


### WORLD
#### continue_actual_mean
  Points: 79
  Min: 0.9778, Max: 0.9970, Mean: 0.9883
  Data: [
    0.9879, 0.9929, 0.9909, 0.9960, 0.9970, 0.9929, 0.9919, 0.9929, 0.9940, 0.9919,
    0.9899, 0.9929, 0.9909, 0.9929, 0.9919, 0.9950, 0.9929, 0.9909, 0.9970, 0.9899,
    0.9960, 0.9899, 0.9919, 0.9899, 0.9909, 0.9899, 0.9889, 0.9909, 0.9960, 0.9889,
    0.9899, 0.9859, 0.9879, 0.9808, 0.9899, 0.9899, 0.9869, 0.9899, 0.9869, 0.9879,
    0.9909, 0.9940, 0.9879, 0.9829, 0.9889, 0.9919, 0.9889, 0.9859, 0.9859, 0.9889,
    0.9899, 0.9869, 0.9899, 0.9849, 0.9819, 0.9849, 0.9808, 0.9859, 0.9859, 0.9889,
    0.9819, 0.9859, 0.9819, 0.9819, 0.9879, 0.9859, 0.9829, 0.9829, 0.9778, 0.9839,
    0.9869, 0.9859, 0.9808, 0.9839, 0.9889, 0.9819, 0.9808, 0.9869, 0.9788,
  ]

#### continue_loss
  Points: 79
  Min: 0.0000, Max: 0.0878, Mean: 0.0051
  Data: [
    0.0878, 0.0322, 0.0344, 0.0081, 0.0046, 0.0127, 0.0091, 0.0110, 0.0072, 0.0079,
    0.0208, 0.0042, 0.0048, 0.0153, 0.0110, 0.0020, 0.0041, 0.0063, 0.0013, 0.0038,
    0.0010, 0.0032, 0.0033, 0.0033, 0.0010, 0.0081, 0.0063, 0.0149, 0.0009, 0.0024,
    0.0036, 0.0037, 0.0022, 0.0055, 0.0009, 0.0010, 0.0078, 0.0003, 0.0005, 0.0007,
    0.0003, 0.0004, 0.0017, 0.0005, 0.0021, 0.0013, 0.0014, 0.0003, 0.0018, 0.0019,
    0.0012, 0.0013, 0.0003, 0.0016, 0.0006, 0.0038, 0.0004, 0.0006, 0.0005, 0.0026,
    0.0004, 0.0001, 0.0016, 0.0017, 0.0010, 0.0001, 0.0027, 0.0008, 0.0032, 0.0012,
    0.0007, 0.0006, 0.0002, 0.0004, 0.0002, 0.0000, 0.0006, 0.0033, 0.0007,
  ]

#### continue_pred_mean
  Points: 79
  Min: 0.9786, Max: 0.9976, Mean: 0.9886
  Data: [
    0.9976, 0.9963, 0.9937, 0.9969, 0.9970, 0.9956, 0.9922, 0.9937, 0.9957, 0.9910,
    0.9892, 0.9913, 0.9905, 0.9950, 0.9939, 0.9936, 0.9906, 0.9886, 0.9958, 0.9897,
    0.9961, 0.9891, 0.9928, 0.9910, 0.9907, 0.9913, 0.9876, 0.9904, 0.9958, 0.9888,
    0.9910, 0.9853, 0.9878, 0.9804, 0.9899, 0.9899, 0.9880, 0.9898, 0.9867, 0.9875,
    0.9910, 0.9937, 0.9885, 0.9828, 0.9897, 0.9925, 0.9880, 0.9860, 0.9866, 0.9879,
    0.9905, 0.9868, 0.9898, 0.9857, 0.9823, 0.9866, 0.9811, 0.9861, 0.9862, 0.9898,
    0.9821, 0.9858, 0.9826, 0.9812, 0.9873, 0.9859, 0.9830, 0.9834, 0.9792, 0.9844,
    0.9875, 0.9858, 0.9810, 0.9839, 0.9890, 0.9818, 0.9804, 0.9881, 0.9786,
  ]

#### kl_loss
  Points: 79
  Min: 0.3918, Max: 3.2563, Mean: 2.7141
  Data: [
    0.3918, 3.1036, 2.6634, 2.9082, 2.8938, 3.2563, 2.9650, 2.8662, 2.9234, 2.7931,
    3.0746, 2.7065, 2.7225, 3.0167, 2.8772, 2.7757, 2.9424, 2.8655, 2.9287, 2.8618,
    2.8536, 2.9490, 2.7757, 3.1831, 2.8113, 2.8516, 3.1590, 2.8775, 2.8981, 2.8111,
    3.0392, 2.6840, 2.9782, 2.8370, 2.4446, 2.6134, 2.9295, 2.8144, 2.7913, 2.6125,
    2.5374, 2.7191, 2.9179, 2.5544, 2.6516, 2.9136, 2.5396, 2.7215, 2.5447, 2.6253,
    2.6947, 2.7657, 2.4006, 2.6394, 2.5716, 2.6665, 2.6775, 2.7295, 2.7498, 2.4896,
    2.6672, 2.6781, 2.5064, 2.6705, 2.5228, 2.7181, 2.3877, 2.6057, 2.5653, 2.6192,
    2.6534, 2.5654, 2.6168, 2.6729, 2.5622, 2.1903, 2.4922, 2.6484, 2.5142,
  ]

#### latent_entropy
  Points: 79
  Min: 1.0571, Max: 2.6887, Mean: 1.3613
  Data: [
    2.6887, 1.0571, 1.1162, 1.1197, 1.1321, 1.1286, 1.1534, 1.1651, 1.1616, 1.2152,
    1.2248, 1.2316, 1.2172, 1.2607, 1.2531, 1.2805, 1.2816, 1.2823, 1.3093, 1.3368,
    1.3444, 1.3346, 1.3500, 1.3417, 1.3562, 1.3446, 1.3374, 1.3573, 1.3812, 1.3696,
    1.3791, 1.3805, 1.3772, 1.3717, 1.4192, 1.3978, 1.3801, 1.3832, 1.3890, 1.4099,
    1.4132, 1.4135, 1.3929, 1.3987, 1.3950, 1.4139, 1.3933, 1.3775, 1.3950, 1.4173,
    1.3770, 1.3899, 1.4041, 1.3898, 1.4045, 1.4097, 1.3847, 1.3788, 1.4044, 1.4104,
    1.3990, 1.3820, 1.4063, 1.3859, 1.4293, 1.4015, 1.4056, 1.4009, 1.3572, 1.3891,
    1.3949, 1.4026, 1.3777, 1.3922, 1.4198, 1.4167, 1.3925, 1.4258, 1.3815,
  ]

#### loss
  Points: 79
  Min: 19.1968, Max: 29.8158, Mean: 20.1203
  Data: [
    29.8158, 21.2412, 20.3836, 20.5312, 20.4689, 20.7696, 20.6153, 20.4206, 20.4252, 20.3095,
    20.6379, 20.1595, 20.1706, 20.3944, 20.2903, 20.1209, 20.3897, 20.3162, 20.2682, 20.1811,
    20.0338, 20.4074, 20.0872, 20.5486, 20.0610, 20.0933, 20.5887, 20.3699, 20.1243, 20.0808,
    20.3369, 19.9073, 20.2736, 20.0242, 19.6459, 19.7726, 20.1816, 19.9924, 19.9278, 19.7629,
    19.6306, 19.8508, 20.1741, 19.7247, 19.8172, 20.1824, 19.7608, 19.7957, 19.6516, 19.7462,
    19.8428, 19.8670, 19.4658, 19.7982, 19.6748, 19.7993, 19.8488, 19.8221, 19.8332, 19.6316,
    19.7675, 19.7579, 19.6022, 19.7560, 19.6863, 19.7885, 19.4708, 19.7101, 19.6850, 19.6685,
    19.7287, 19.6654, 19.7133, 19.7996, 19.6118, 19.1968, 19.5114, 19.7539, 19.5809,
  ]

#### prior_posterior_kl
  Points: 79
  Min: 0.0818, Max: 0.2457, Mean: 0.2148
  Data: [
    0.0818, 0.2375, 0.2112, 0.2256, 0.2248, 0.2457, 0.2296, 0.2222, 0.2259, 0.2195,
    0.2358, 0.2138, 0.2147, 0.2327, 0.2234, 0.2172, 0.2280, 0.2234, 0.2276, 0.2235,
    0.2233, 0.2286, 0.2185, 0.2419, 0.2204, 0.2230, 0.2410, 0.2247, 0.2255, 0.2211,
    0.2339, 0.2135, 0.2302, 0.2218, 0.1987, 0.2097, 0.2277, 0.2212, 0.2196, 0.2090,
    0.2052, 0.2155, 0.2269, 0.2054, 0.2113, 0.2266, 0.2045, 0.2151, 0.2050, 0.2100,
    0.2140, 0.2178, 0.1968, 0.2100, 0.2064, 0.2118, 0.2122, 0.2163, 0.2173, 0.2014,
    0.2123, 0.2122, 0.2017, 0.2119, 0.2039, 0.2147, 0.1949, 0.2081, 0.2056, 0.2092,
    0.2114, 0.2063, 0.2088, 0.2122, 0.2058, 0.1845, 0.2017, 0.2109, 0.2028,
  ]

#### recon_error_max
  Points: 79
  Min: 0.1985, Max: 2.2742, Mean: 0.7547
  Data: [
    2.2742, 0.8832, 0.6811, 0.8303, 0.7791, 0.7852, 0.5877, 0.4700, 0.6381, 0.8209,
    0.8012, 0.5315, 0.6645, 0.7112, 1.2425, 0.8222, 0.5916, 0.9647, 1.0764, 0.9142,
    0.6570, 0.4823, 0.6144, 1.0482, 0.7957, 0.4924, 0.6839, 0.5607, 0.8162, 0.4651,
    0.8874, 0.7036, 0.3988, 0.6421, 1.4019, 0.6637, 0.5322, 1.3766, 0.5203, 0.3301,
    0.6501, 0.7185, 1.7302, 1.0396, 1.2375, 0.5296, 1.1733, 0.3555, 0.4865, 1.4574,
    0.4743, 0.9055, 0.3522, 0.8182, 0.6161, 0.4150, 1.5790, 0.5053, 0.7587, 0.3804,
    1.7482, 0.8078, 0.5540, 0.4835, 0.3610, 0.5788, 0.5535, 0.4908, 1.0075, 0.7007,
    0.5924, 0.6940, 0.4101, 1.5137, 0.4773, 0.1985, 0.4222, 0.4172, 0.2826,
  ]

#### recon_error_mean
  Points: 79
  Min: 0.0173, Max: 0.8375, Mean: 0.0405
  Data: [
    0.8375, 0.0828, 0.0473, 0.0530, 0.0502, 0.0536, 0.0462, 0.0427, 0.0395, 0.0395,
    0.0448, 0.0327, 0.0373, 0.0372, 0.0345, 0.0376, 0.0374, 0.0356, 0.0413, 0.0347,
    0.0330, 0.0335, 0.0286, 0.0345, 0.0331, 0.0301, 0.0355, 0.0320, 0.0327, 0.0286,
    0.0324, 0.0272, 0.0310, 0.0291, 0.0267, 0.0262, 0.0295, 0.0290, 0.0260, 0.0264,
    0.0269, 0.0286, 0.0318, 0.0245, 0.0272, 0.0312, 0.0261, 0.0233, 0.0220, 0.0277,
    0.0230, 0.0242, 0.0212, 0.0251, 0.0228, 0.0223, 0.0231, 0.0208, 0.0232, 0.0219,
    0.0271, 0.0230, 0.0233, 0.0224, 0.0214, 0.0223, 0.0212, 0.0222, 0.0210, 0.0226,
    0.0245, 0.0243, 0.0248, 0.0261, 0.0227, 0.0173, 0.0206, 0.0236, 0.0204,
  ]

#### recon_error_std
  Points: 79
  Min: 0.0205, Max: 0.4990, Mean: 0.0559
  Data: [
    0.4990, 0.0930, 0.0672, 0.0723, 0.0727, 0.0750, 0.0603, 0.0612, 0.0536, 0.0621,
    0.0669, 0.0459, 0.0622, 0.0581, 0.0645, 0.0599, 0.0574, 0.0631, 0.0708, 0.0607,
    0.0456, 0.0475, 0.0425, 0.0588, 0.0563, 0.0441, 0.0585, 0.0549, 0.0490, 0.0407,
    0.0577, 0.0437, 0.0473, 0.0466, 0.0584, 0.0414, 0.0497, 0.0621, 0.0419, 0.0361,
    0.0425, 0.0465, 0.0859, 0.0534, 0.0535, 0.0509, 0.0606, 0.0334, 0.0341, 0.0613,
    0.0338, 0.0454, 0.0329, 0.0488, 0.0427, 0.0320, 0.0625, 0.0357, 0.0417, 0.0303,
    0.0716, 0.0428, 0.0463, 0.0386, 0.0335, 0.0365, 0.0405, 0.0360, 0.0472, 0.0427,
    0.0459, 0.0438, 0.0409, 0.0602, 0.0314, 0.0205, 0.0351, 0.0368, 0.0278,
  ]

#### recon_loss
  Points: 79
  Min: 16.6963, Max: 24.0786, Mean: 16.9052
  Data: [
    24.0786, 17.2861, 16.9669, 17.0179, 16.9926, 17.0233, 16.9569, 16.9254, 16.8960, 16.8967,
    16.9443, 16.8351, 16.8766, 16.8760, 16.8510, 16.8795, 16.8777, 16.8611, 16.9129, 16.8536,
    16.8381, 16.8424, 16.7986, 16.8518, 16.8387, 16.8117, 16.8601, 16.8290, 16.8349, 16.7982,
    16.8322, 16.7860, 16.8203, 16.8025, 16.7816, 16.7763, 16.8064, 16.8016, 16.7752, 16.7785,
    16.7833, 16.7980, 16.8270, 16.7611, 16.7857, 16.8220, 16.7759, 16.7502, 16.7389, 16.7903,
    16.7483, 16.7583, 16.7314, 16.7667, 16.7464, 16.7418, 16.7486, 16.7278, 16.7493, 16.7379,
    16.7844, 16.7478, 16.7506, 16.7426, 16.7332, 16.7419, 16.7317, 16.7404, 16.7302, 16.7444,
    16.7618, 16.7597, 16.7638, 16.7759, 16.7452, 16.6963, 16.7261, 16.7529, 16.7244,
  ]

#### reward_actual_mean
  Points: 79
  Min: -0.1057, Max: 0.1016, Mean: 0.0096
  Data: [
    -0.0703, -0.0823, -0.1057, -0.0789, -0.0795, -0.0491, -0.0592, -0.0701, -0.0783, -0.0683,
    -0.0531, -0.0671, -0.0710, -0.0372, -0.0748, -0.0478, -0.0527, -0.0296, -0.0253, -0.0436,
    -0.0242, -0.0549, -0.0241, -0.0247, -0.0113, -0.0461, -0.0336, -0.0019, -0.0180, -0.0064,
    0.0037, 0.0145, 0.0062, 0.0498, 0.0201, 0.0278, -0.0095, -0.0072, 0.0481, 0.0295,
    0.0333, 0.0125, 0.0271, 0.0537, 0.0348, -0.0053, 0.0332, 0.0546, 0.0374, 0.0229,
    0.0379, 0.0453, 0.0357, 0.0633, 0.0541, 0.0527, 0.0686, 0.0366, 0.0576, 0.0418,
    0.0775, 0.0599, 0.0728, 0.0728, 0.0292, 0.0561, 0.0713, 0.0733, 0.1016, 0.0621,
    0.0433, 0.0550, 0.0796, 0.0720, 0.0465, 0.0800, 0.0755, 0.0535, 0.0868,
  ]

#### reward_loss
  Points: 79
  Min: 0.2244, Max: 2.3210, Mean: 0.3615
  Data: [
    2.3210, 0.6452, 0.6523, 0.5122, 0.4811, 0.3760, 0.4997, 0.5075, 0.4792, 0.4423,
    0.4884, 0.4802, 0.4518, 0.4086, 0.4539, 0.3677, 0.4627, 0.4620, 0.3370, 0.3572,
    0.2625, 0.4244, 0.4444, 0.3640, 0.3020, 0.3589, 0.4551, 0.5389, 0.2947, 0.3779,
    0.3664, 0.3166, 0.3260, 0.2969, 0.2928, 0.2653, 0.3244, 0.2715, 0.2558, 0.2716,
    0.2311, 0.2464, 0.2894, 0.2955, 0.2957, 0.3425, 0.3363, 0.2485, 0.2910, 0.2621,
    0.3348, 0.2822, 0.2386, 0.2738, 0.2654, 0.3137, 0.2690, 0.2922, 0.2593, 0.2980,
    0.2356, 0.2466, 0.2658, 0.2602, 0.2704, 0.2385, 0.2654, 0.2714, 0.3069, 0.2406,
    0.2526, 0.2469, 0.2744, 0.2501, 0.2244, 0.2464, 0.2476, 0.2973, 0.2567,
  ]

#### reward_pred_error_mean
  Points: 79
  Min: 0.0041, Max: 0.2151, Mean: 0.0150
  Data: [
    0.2151, 0.0319, 0.0294, 0.0272, 0.0175, 0.0167, 0.0265, 0.0232, 0.0239, 0.0200,
    0.0300, 0.0225, 0.0188, 0.0158, 0.0142, 0.0262, 0.0203, 0.0235, 0.0161, 0.0102,
    0.0116, 0.0225, 0.0129, 0.0095, 0.0080, 0.0089, 0.0132, 0.0150, 0.0075, 0.0147,
    0.0141, 0.0114, 0.0119, 0.0088, 0.0119, 0.0068, 0.0144, 0.0104, 0.0097, 0.0129,
    0.0061, 0.0079, 0.0102, 0.0152, 0.0064, 0.0117, 0.0081, 0.0052, 0.0086, 0.0060,
    0.0103, 0.0102, 0.0052, 0.0092, 0.0072, 0.0086, 0.0118, 0.0113, 0.0061, 0.0069,
    0.0060, 0.0076, 0.0073, 0.0099, 0.0101, 0.0075, 0.0084, 0.0075, 0.0112, 0.0078,
    0.0083, 0.0101, 0.0079, 0.0066, 0.0057, 0.0041, 0.0046, 0.0074, 0.0067,
  ]

#### reward_pred_error_std
  Points: 79
  Min: 0.0166, Max: 0.1864, Mean: 0.0639
  Data: [
    0.1864, 0.0916, 0.1223, 0.1235, 0.0580, 0.0467, 0.1099, 0.0975, 0.1109, 0.0502,
    0.1553, 0.0807, 0.0841, 0.0625, 0.0491, 0.1479, 0.1042, 0.1273, 0.0690, 0.0323,
    0.0674, 0.1131, 0.0830, 0.0437, 0.0435, 0.0301, 0.0658, 0.0676, 0.0266, 0.0740,
    0.0685, 0.0567, 0.0595, 0.0435, 0.0722, 0.0274, 0.0888, 0.0758, 0.0557, 0.0867,
    0.0412, 0.0533, 0.0509, 0.0795, 0.0351, 0.0639, 0.0621, 0.0228, 0.0448, 0.0325,
    0.0814, 0.0733, 0.0347, 0.0605, 0.0332, 0.0524, 0.0696, 0.0651, 0.0292, 0.0469,
    0.0257, 0.0486, 0.0371, 0.0818, 0.0572, 0.0501, 0.0486, 0.0431, 0.0633, 0.0453,
    0.0413, 0.0782, 0.0422, 0.0321, 0.0327, 0.0166, 0.0205, 0.0571, 0.0373,
  ]

#### reward_pred_mean
  Points: 79
  Min: -0.2510, Max: 0.0994, Mean: 0.0083
  Data: [
    -0.2510, -0.0811, -0.0988, -0.0911, -0.0749, -0.0500, -0.0588, -0.0705, -0.0796, -0.0657,
    -0.0535, -0.0683, -0.0768, -0.0328, -0.0725, -0.0509, -0.0545, -0.0364, -0.0220, -0.0407,
    -0.0180, -0.0492, -0.0215, -0.0282, -0.0116, -0.0445, -0.0305, -0.0025, -0.0193, -0.0047,
    0.0088, 0.0185, 0.0070, 0.0482, 0.0200, 0.0265, -0.0011, -0.0088, 0.0433, 0.0347,
    0.0347, 0.0149, 0.0266, 0.0617, 0.0324, -0.0048, 0.0378, 0.0537, 0.0383, 0.0239,
    0.0385, 0.0504, 0.0374, 0.0641, 0.0538, 0.0496, 0.0706, 0.0410, 0.0551, 0.0413,
    0.0772, 0.0647, 0.0699, 0.0766, 0.0367, 0.0582, 0.0716, 0.0740, 0.0994, 0.0617,
    0.0447, 0.0630, 0.0840, 0.0701, 0.0449, 0.0819, 0.0777, 0.0515, 0.0877,
  ]


### BEHAVIOR
#### actor_loss
  Points: 79
  Min: -18.3867, Max: 0.0100, Mean: -0.2349
  Data: [
    -18.3867, -0.0674, -0.0148, -0.0231, -0.0160, -0.0124, -0.0095, -0.0206, -0.0058, -0.0001,
    -0.0084, -0.0070, -0.0143, -0.0032, -0.0086, -0.0158, -0.0000, -0.0004, -0.0003, 0.0017,
    -0.0005, 0.0021, -0.0089, 0.0049, 0.0009, 0.0046, -0.0008, 0.0051, 0.0072, -0.0008,
    0.0044, 0.0012, 0.0051, 0.0032, 0.0044, -0.0032, 0.0062, 0.0012, 0.0047, 0.0095,
    0.0044, 0.0044, 0.0045, 0.0019, -0.0062, 0.0002, -0.0014, -0.0014, 0.0100, -0.0045,
    -0.0032, -0.0027, -0.0034, -0.0006, 0.0023, 0.0003, -0.0033, 0.0082, -0.0005, 0.0070,
    -0.0029, 0.0078, -0.0050, -0.0001, 0.0017, -0.0015, 0.0054, 0.0018, 0.0005, 0.0003,
    -0.0056, 0.0038, -0.0013, -0.0051, -0.0056, -0.0005, -0.0058, -0.0003, 0.0022,
  ]

#### actor_mean_abs
  Points: 79
  Min: 0.1938, Max: 0.3812, Mean: 0.3216
  Data: [
    0.1938, 0.2862, 0.2239, 0.2926, 0.3436, 0.2761, 0.3156, 0.3239, 0.3548, 0.2796,
    0.2848, 0.3014, 0.3305, 0.3015, 0.3812, 0.3565, 0.3473, 0.3575, 0.3346, 0.3322,
    0.3169, 0.3253, 0.2944, 0.3648, 0.3391, 0.3372, 0.3042, 0.3141, 0.3225, 0.3312,
    0.3124, 0.3216, 0.3280, 0.3409, 0.3234, 0.3117, 0.3064, 0.3154, 0.3107, 0.3117,
    0.3147, 0.3276, 0.3119, 0.3117, 0.3170, 0.3359, 0.3247, 0.3102, 0.3340, 0.3247,
    0.3260, 0.3284, 0.3503, 0.3324, 0.3207, 0.3027, 0.3323, 0.3621, 0.3387, 0.3143,
    0.3551, 0.3401, 0.3035, 0.3307, 0.3499, 0.3526, 0.3053, 0.3348, 0.3091, 0.3099,
    0.3193, 0.2975, 0.3357, 0.3288, 0.3381, 0.3218, 0.3437, 0.3194, 0.3388,
  ]

#### advantages_abs_mean
  Points: 79
  Min: 0.0392, Max: 7.1431, Mean: 0.1504
  Data: [
    7.1431, 0.0819, 0.0410, 0.0762, 0.0722, 0.0700, 0.0876, 0.0669, 0.0610, 0.0599,
    0.0615, 0.0540, 0.0684, 0.0787, 0.0783, 0.0596, 0.0832, 0.0640, 0.0628, 0.0642,
    0.0630, 0.0582, 0.0608, 0.0677, 0.0568, 0.0647, 0.0701, 0.0710, 0.0742, 0.0698,
    0.0779, 0.0694, 0.0719, 0.0756, 0.0689, 0.0755, 0.0652, 0.0652, 0.0659, 0.0588,
    0.0580, 0.0613, 0.0571, 0.0625, 0.0700, 0.0721, 0.0466, 0.0584, 0.0663, 0.0581,
    0.0546, 0.0532, 0.0622, 0.0626, 0.0559, 0.0528, 0.0542, 0.0556, 0.0586, 0.0422,
    0.0751, 0.0554, 0.0512, 0.0615, 0.0530, 0.0535, 0.0411, 0.0467, 0.0483, 0.0472,
    0.0454, 0.0472, 0.0398, 0.0473, 0.0443, 0.0392, 0.0429, 0.0479, 0.0461,
  ]

#### advantages_max
  Points: 79
  Min: -1.1720, Max: 2.5870, Mean: 1.2241
  Data: [
    -1.1720, 1.1225, 0.7952, 1.5046, 1.3188, 0.8650, 1.1998, 1.2091, 1.0231, 0.8310,
    0.8217, 0.9381, 1.0923, 1.0924, 1.1807, 0.8697, 1.1650, 0.8231, 0.8845, 1.1520,
    0.9712, 1.0726, 1.0944, 0.6859, 0.7594, 1.1771, 1.0168, 1.3118, 1.0976, 1.3977,
    1.5412, 1.0481, 1.4669, 1.3663, 1.5188, 1.0713, 1.4058, 1.5569, 1.3137, 1.3094,
    1.2097, 1.4012, 1.1778, 1.2589, 1.4167, 1.6313, 1.4863, 1.3561, 1.9832, 1.5108,
    1.7589, 0.9595, 1.4482, 1.2654, 1.3425, 1.6209, 1.5721, 0.8503, 1.3857, 1.1907,
    2.5870, 1.4737, 1.3687, 1.5326, 1.4710, 1.2393, 1.2287, 1.5026, 1.1653, 1.4685,
    1.9936, 1.2275, 0.9609, 0.8794, 1.1764, 0.8895, 1.5880, 1.0785, 1.1456,
  ]

#### advantages_mean
  Points: 79
  Min: -7.1431, Max: 0.0220, Mean: -0.0892
  Data: [
    -7.1431, -0.0418, -0.0134, -0.0229, -0.0168, -0.0020, -0.0110, -0.0160, -0.0120, -0.0042,
    -0.0159, -0.0044, -0.0091, 0.0082, 0.0139, -0.0042, 0.0220, 0.0060, 0.0124, 0.0077,
    0.0000, -0.0045, -0.0102, 0.0032, -0.0052, 0.0026, 0.0007, 0.0149, 0.0106, -0.0001,
    0.0077, -0.0014, 0.0039, 0.0076, 0.0137, -0.0037, 0.0170, 0.0030, -0.0067, 0.0141,
    0.0069, 0.0021, 0.0078, 0.0128, 0.0025, 0.0061, -0.0023, 0.0022, -0.0048, 0.0003,
    0.0029, -0.0061, 0.0009, 0.0012, 0.0047, 0.0013, -0.0053, 0.0035, 0.0074, 0.0102,
    0.0042, 0.0018, 0.0023, 0.0188, 0.0069, 0.0041, 0.0035, 0.0101, 0.0012, 0.0101,
    0.0044, 0.0036, 0.0033, 0.0034, -0.0030, 0.0048, -0.0006, 0.0021, -0.0049,
  ]

#### advantages_min
  Points: 79
  Min: -12.0156, Max: -0.6123, Mean: -1.6018
  Data: [
    -12.0156, -1.0560, -0.9856, -0.9316, -0.9088, -0.7266, -0.8746, -0.7008, -1.2171, -0.7130,
    -0.6418, -0.7622, -0.7452, -1.1205, -1.2260, -1.0381, -1.0489, -1.1084, -1.2936, -0.9299,
    -1.0149, -1.1329, -1.3868, -1.5206, -1.2127, -1.3633, -1.1508, -1.3423, -1.3420, -1.2396,
    -1.9448, -1.3745, -1.6484, -1.5811, -1.7707, -1.7247, -1.5084, -2.0768, -1.6241, -1.5762,
    -1.2096, -2.1552, -2.6338, -1.4032, -1.3928, -1.6978, -2.3789, -2.1216, -2.0983, -1.8819,
    -2.1664, -1.1582, -1.8782, -1.3755, -2.4094, -3.5584, -2.5180, -1.7730, -1.0007, -0.6123,
    -2.4172, -1.3082, -1.4518, -1.2619, -2.1553, -0.9933, -1.0819, -1.0812, -1.8764, -1.9157,
    -1.4126, -1.8162, -0.6778, -2.8208, -2.0159, -0.8882, -0.9310, -1.9290, -1.5034,
  ]

#### advantages_std
  Points: 79
  Min: 0.0719, Max: 3.3494, Mean: 0.1607
  Data: [
    3.3494, 0.1400, 0.0774, 0.1286, 0.1270, 0.1162, 0.1498, 0.1095, 0.1094, 0.0978,
    0.1056, 0.0942, 0.1155, 0.1381, 0.1350, 0.1190, 0.1466, 0.1201, 0.1120, 0.1207,
    0.1132, 0.1127, 0.1206, 0.1211, 0.1050, 0.1212, 0.1240, 0.1233, 0.1308, 0.1251,
    0.1498, 0.1352, 0.1438, 0.1373, 0.1299, 0.1372, 0.1281, 0.1374, 0.1375, 0.1152,
    0.1074, 0.1440, 0.1275, 0.1243, 0.1492, 0.1482, 0.1039, 0.1349, 0.1475, 0.1394,
    0.1155, 0.1006, 0.1418, 0.1256, 0.1339, 0.1161, 0.1258, 0.1123, 0.1152, 0.0891,
    0.1611, 0.1246, 0.1090, 0.1180, 0.1079, 0.1110, 0.0943, 0.1070, 0.1146, 0.1052,
    0.1099, 0.1101, 0.0848, 0.0983, 0.1014, 0.0719, 0.0917, 0.1067, 0.1049,
  ]

#### critic_loss
  Points: 79
  Min: 0.6280, Max: 5.2910, Mean: 1.0322
  Data: [
    5.2910, 1.1825, 0.7850, 1.0342, 1.0296, 1.3085, 1.4585, 1.1749, 1.2278, 1.2879,
    1.3226, 1.1709, 1.2787, 1.3975, 1.5197, 1.4830, 1.5754, 1.5618, 1.5879, 1.5210,
    1.5809, 1.4284, 1.4506, 1.4080, 1.2250, 1.2029, 1.3981, 1.2727, 1.2027, 1.1622,
    1.1931, 1.0953, 1.0643, 0.9805, 0.9724, 1.0127, 0.8997, 0.9073, 0.8319, 0.7956,
    0.8250, 0.7905, 0.7476, 0.8435, 0.7673, 0.8417, 0.6550, 0.6800, 0.6903, 0.7858,
    0.7741, 0.6823, 0.7317, 0.7792, 0.7098, 0.6785, 0.7306, 0.7507, 0.7648, 0.6429,
    0.7776, 0.7438, 0.7208, 0.7624, 0.6699, 0.7713, 0.7067, 0.6751, 0.6961, 0.6280,
    0.7177, 0.7183, 0.6440, 0.7123, 0.6864, 0.6399, 0.6891, 0.7385, 0.6889,
  ]

#### entropy_max
  Points: 79
  Min: 4.6028, Max: 7.6718, Mean: 6.6985
  Data: [
    5.1705, 4.6028, 6.7297, 7.2924, 7.5482, 7.6208, 7.6534, 7.6002, 6.9190, 7.0217,
    6.7611, 6.2774, 6.1712, 6.2174, 6.2105, 6.1616, 6.1729, 6.1690, 6.1653, 6.1554,
    6.0367, 6.0423, 6.1139, 5.9746, 6.1429, 5.3660, 5.7176, 5.7547, 5.9037, 6.1553,
    5.8907, 6.0873, 4.6817, 5.9324, 5.9289, 6.7909, 6.8276, 7.3274, 6.9692, 6.8000,
    7.4100, 7.0270, 6.6635, 6.3744, 7.2486, 6.3208, 7.5427, 7.0776, 7.3913, 7.4374,
    7.0002, 6.5550, 7.1837, 7.2159, 7.5215, 7.1196, 6.4700, 6.3838, 6.4234, 6.3567,
    6.2272, 6.4043, 6.9789, 6.3539, 6.3902, 6.8671, 6.5370, 7.5438, 7.5135, 7.6382,
    7.6466, 7.6447, 7.6674, 7.6582, 7.6569, 7.6662, 7.6623, 7.6718, 7.6643,
  ]

#### entropy_mean
  Points: 79
  Min: 3.1167, Max: 5.0106, Mean: 3.4818
  Data: [
    5.0106, 3.6882, 3.6667, 3.6301, 3.6290, 4.2413, 4.3615, 3.4221, 3.1697, 3.5509,
    3.7671, 3.6761, 3.5581, 3.5975, 3.1942, 3.1729, 3.4702, 3.2417, 3.5091, 3.4152,
    3.4326, 3.2623, 3.4290, 3.5042, 3.3294, 3.2416, 3.3537, 3.3171, 3.2821, 3.3180,
    3.3808, 3.3277, 3.1167, 3.2182, 3.4589, 3.5275, 3.4193, 3.5768, 3.6469, 3.3918,
    3.4891, 3.2824, 3.3089, 3.6020, 3.4806, 3.3165, 3.4167, 3.4290, 3.4514, 3.3017,
    3.5253, 3.3930, 3.3036, 3.4740, 3.4171, 3.3723, 3.5029, 3.3400, 3.3495, 3.4666,
    3.3806, 3.3224, 3.4460, 3.2856, 3.1832, 3.1790, 3.3985, 3.5378, 3.7735, 3.6089,
    3.5138, 3.8056, 3.5931, 3.7020, 3.5253, 3.5738, 3.3091, 3.7054, 3.4864,
  ]

#### entropy_min
  Points: 79
  Min: 1.6758, Max: 4.7754, Mean: 1.8108
  Data: [
    4.7754, 3.3542, 3.2243, 3.1431, 3.0336, 3.1422, 1.7129, 1.6795, 1.6782, 1.6766,
    1.6764, 1.6766, 1.6763, 1.6761, 1.6758, 1.6758, 1.6758, 1.6758, 1.6758, 1.6758,
    1.6758, 1.6758, 1.6758, 1.6758, 1.6758, 1.6758, 1.6758, 1.6758, 1.6758, 1.6758,
    1.6758, 1.6758, 1.6758, 1.6758, 1.6758, 1.6758, 1.6758, 1.6758, 1.6758, 1.6758,
    1.6758, 1.6758, 1.6758, 1.6758, 1.6758, 1.6758, 1.6758, 1.6758, 1.6758, 1.6758,
    1.6758, 1.6758, 1.6758, 1.6758, 1.6758, 1.6758, 1.6758, 1.6758, 1.6758, 1.6758,
    1.6758, 1.6758, 1.6758, 1.6758, 1.6758, 1.6758, 1.6758, 1.6758, 1.6758, 1.6758,
    1.6758, 1.6758, 1.6758, 1.6758, 1.6758, 1.6758, 1.6758, 1.6758, 1.6758,
  ]

#### entropy_std
  Points: 79
  Min: 0.0457, Max: 2.0165, Mean: 1.3283
  Data: [
    0.0457, 0.1244, 0.8369, 0.8955, 1.0313, 1.4395, 1.6483, 0.9674, 0.7788, 0.8661,
    1.2261, 1.1253, 1.1092, 0.9620, 1.2222, 1.0934, 1.1643, 1.0480, 1.2453, 1.1537,
    1.0558, 1.2033, 1.0876, 1.1795, 1.1975, 1.1767, 1.0694, 1.1586, 1.0834, 1.2063,
    1.1488, 1.2294, 1.1769, 1.2018, 1.1918, 1.2244, 1.2783, 1.3083, 1.2634, 1.3277,
    1.3348, 1.3684, 1.2909, 1.2325, 1.4509, 1.2422, 1.4635, 1.5240, 1.4628, 1.3766,
    1.4240, 1.5245, 1.3984, 1.5380, 1.4389, 1.3570, 1.5489, 1.5607, 1.4629, 1.3989,
    1.5464, 1.4808, 1.4497, 1.4796, 1.4085, 1.4846, 1.3755, 1.6592, 1.8946, 1.8765,
    1.8438, 2.0165, 1.9193, 1.9610, 1.8003, 1.9076, 1.8211, 1.9971, 1.8631,
  ]

#### logprobs_mean
  Points: 79
  Min: -2.5703, Max: -0.5339, Mean: -0.8177
  Data: [
    -2.5703, -1.2814, -1.2445, -0.9403, -0.7324, -1.1010, -0.9555, -0.8572, -0.6580, -0.9554,
    -0.9490, -0.8559, -0.7666, -0.8621, -0.5339, -0.5882, -0.6672, -0.6009, -0.7785, -0.7131,
    -0.8041, -0.7897, -0.8879, -0.7007, -0.7595, -0.7705, -0.8446, -0.8379, -0.8172, -0.8042,
    -0.8319, -0.7700, -0.7594, -0.6954, -0.8076, -0.8521, -0.8364, -0.7922, -0.8610, -0.8017,
    -0.8192, -0.7514, -0.7934, -0.8056, -0.8171, -0.7404, -0.8041, -0.8135, -0.7354, -0.7502,
    -0.7819, -0.7730, -0.6911, -0.7087, -0.7244, -0.8318, -0.7218, -0.6230, -0.7002, -0.7953,
    -0.6389, -0.6887, -0.8017, -0.6761, -0.6488, -0.6429, -0.8048, -0.7874, -0.8936, -0.8900,
    -0.8282, -0.9827, -0.7627, -0.8156, -0.7627, -0.8232, -0.7044, -0.8733, -0.7564,
  ]

#### logprobs_std
  Points: 79
  Min: 0.5924, Max: 1.6775, Mean: 1.5572
  Data: [
    0.5924, 1.3279, 1.3883, 1.5307, 1.6421, 1.5901, 1.6715, 1.5406, 1.5775, 1.4927,
    1.5836, 1.5801, 1.5722, 1.5752, 1.6726, 1.6645, 1.6191, 1.6246, 1.5708, 1.5985,
    1.5300, 1.5190, 1.5129, 1.5972, 1.5313, 1.5279, 1.4969, 1.4789, 1.5024, 1.5119,
    1.4969, 1.5268, 1.4735, 1.5111, 1.5159, 1.5198, 1.5095, 1.5971, 1.5531, 1.5530,
    1.5147, 1.5585, 1.5133, 1.5819, 1.5878, 1.5648, 1.5630, 1.5724, 1.6036, 1.6095,
    1.5723, 1.5367, 1.6009, 1.5848, 1.5805, 1.5453, 1.6392, 1.6287, 1.5890, 1.5815,
    1.6679, 1.6527, 1.5633, 1.6253, 1.6188, 1.5817, 1.5528, 1.5977, 1.6104, 1.6137,
    1.5641, 1.5708, 1.6775, 1.6321, 1.6339, 1.6030, 1.6102, 1.6091, 1.6221,
  ]

#### mean_reg_loss
  Points: 79
  Min: 0.0005, Max: 0.0027, Mean: 0.0020
  Data: [
    0.0005, 0.0015, 0.0010, 0.0016, 0.0022, 0.0014, 0.0019, 0.0019, 0.0023, 0.0014,
    0.0016, 0.0018, 0.0020, 0.0018, 0.0027, 0.0025, 0.0023, 0.0024, 0.0021, 0.0021,
    0.0019, 0.0020, 0.0017, 0.0023, 0.0021, 0.0021, 0.0018, 0.0018, 0.0019, 0.0020,
    0.0018, 0.0019, 0.0019, 0.0021, 0.0019, 0.0018, 0.0018, 0.0019, 0.0018, 0.0019,
    0.0018, 0.0020, 0.0018, 0.0019, 0.0019, 0.0021, 0.0019, 0.0018, 0.0021, 0.0020,
    0.0020, 0.0019, 0.0023, 0.0021, 0.0020, 0.0018, 0.0022, 0.0024, 0.0022, 0.0019,
    0.0024, 0.0023, 0.0019, 0.0022, 0.0023, 0.0023, 0.0019, 0.0021, 0.0019, 0.0019,
    0.0020, 0.0017, 0.0022, 0.0020, 0.0021, 0.0020, 0.0022, 0.0019, 0.0022,
  ]


### VALUES
#### critic_slow_diff
  Points: 79
  Min: 0.0074, Max: 0.6620, Mean: 0.1252
  Data: [
    0.0074, 0.6620, 0.2526, 0.2102, 0.1373, 0.1696, 0.4130, 0.2881, 0.3448, 0.1894,
    0.4299, 0.2055, 0.1909, 0.2197, 0.2409, 0.3511, 0.3742, 0.0904, 0.1202, 0.2052,
    0.1279, 0.0650, 0.2507, 0.2548, 0.1261, 0.1237, 0.0667, 0.1937, 0.1282, 0.0755,
    0.2202, 0.0724, 0.0656, 0.1919, 0.0951, 0.0657, 0.0490, 0.0740, 0.0743, 0.0774,
    0.0609, 0.0573, 0.0474, 0.0860, 0.0611, 0.0732, 0.0378, 0.0350, 0.0787, 0.0670,
    0.0581, 0.0742, 0.1025, 0.0860, 0.0391, 0.0439, 0.0361, 0.0371, 0.0918, 0.0449,
    0.1200, 0.0376, 0.1190, 0.0960, 0.0798, 0.0426, 0.0292, 0.0302, 0.1142, 0.0774,
    0.0324, 0.0301, 0.0416, 0.0564, 0.0697, 0.0600, 0.0730, 0.0165, 0.0499,
  ]

#### lambda_returns_max
  Points: 79
  Min: -0.2798, Max: 11.3157, Mean: 7.3910
  Data: [
    -0.2798, 8.3665, 1.1466, 6.5248, 6.6617, 5.0904, 6.7119, 4.7294, 5.3286, 4.3692,
    5.7657, 5.3975, 4.9209, 5.8947, 7.1537, 5.8746, 6.0960, 5.9840, 5.8433, 7.1271,
    6.1855, 8.2596, 6.9951, 7.7679, 7.6041, 8.8921, 7.2269, 8.1719, 8.0207, 6.5079,
    7.9534, 7.3762, 7.4600, 8.9888, 8.3323, 8.6710, 10.1652, 10.6919, 7.9392, 7.8896,
    9.5156, 8.1367, 8.0759, 8.1999, 8.1891, 9.5452, 6.8433, 8.5186, 8.4510, 6.4456,
    8.4912, 7.3899, 8.3060, 8.9574, 8.8416, 10.7673, 7.6740, 7.1706, 8.0747, 7.8953,
    11.3157, 7.5501, 7.5403, 7.9406, 7.8838, 9.3034, 7.3645, 7.7888, 8.0061, 7.1299,
    9.8450, 7.6663, 6.8328, 7.0688, 7.8789, 6.5509, 7.0175, 6.8494, 7.0633,
  ]

#### lambda_returns_mean
  Points: 79
  Min: -11.3036, Max: 3.9041, Mean: 1.6372
  Data: [
    -1.6669, -8.7470, -11.3036, -5.3859, -5.1142, -4.0427, -3.5452, -4.1063, -3.7378, -3.6659,
    -2.6278, -3.6378, -2.5357, -1.5866, -1.2031, -0.1444, -0.5354, 0.2591, 0.3179, 0.2675,
    0.4927, 1.0111, 0.8805, 2.2539, 2.1549, 2.5845, 1.6393, 2.4567, 2.7064, 2.7704,
    2.4829, 2.7484, 3.2078, 3.7446, 3.6363, 3.2747, 3.3478, 3.0652, 3.2654, 3.5676,
    3.4778, 3.5226, 3.6063, 3.6710, 3.6433, 3.3974, 3.5430, 3.6856, 3.6171, 3.3657,
    3.3055, 3.8713, 3.6445, 3.7094, 3.7576, 3.7090, 3.7134, 3.6873, 3.7121, 3.6679,
    3.9041, 3.7027, 3.6228, 3.6347, 3.5430, 3.5751, 3.5989, 3.5942, 3.8297, 3.5262,
    3.5188, 3.6657, 3.5307, 3.6378, 3.4758, 3.5213, 3.5499, 3.5887, 3.4633,
  ]

#### lambda_returns_min
  Points: 79
  Min: -16.3495, Max: 2.3400, Mean: -5.6267
  Data: [
    -2.7988, -14.1443, -16.3495, -11.6444, -9.9442, -9.8597, -8.0481, -8.3691, -11.8676, -9.4462,
    -8.6443, -10.7273, -6.8157, -7.7837, -7.7442, -7.2834, -5.9854, -6.9029, -9.6389, -5.5211,
    -5.5250, -6.8809, -5.8736, -6.4549, -5.7892, -6.0796, -6.2718, -5.2358, -5.7976, -6.7088,
    -5.9479, -6.5251, -6.5642, -6.1077, -4.2470, -6.0902, -4.8118, -5.9476, -6.9938, -7.1256,
    -3.0965, -5.7931, -8.2144, -5.0806, -3.8331, -6.0928, -6.0273, -4.8101, -6.4107, -6.7271,
    -5.9940, -0.6534, -4.6860, -1.5665, -5.0722, -5.6178, -4.5382, -4.2898, -2.7895, 2.3400,
    -3.0421, -4.4821, -4.3608, -1.0366, -4.7785, -1.5058, 0.0590, -5.0952, -4.4012, -3.2358,
    -4.5768, -4.7910, 0.0844, -4.9026, -3.8903, 1.0546, 0.1035, -3.1439, -3.1143,
  ]

#### lambda_returns_std
  Points: 79
  Min: 0.6765, Max: 3.7902, Mean: 1.3783
  Data: [
    0.7780, 3.7902, 3.1806, 1.8585, 2.2097, 2.2953, 1.8661, 2.0232, 2.3286, 2.0850,
    1.9205, 2.5332, 1.7936, 2.0745, 1.7769, 1.4473, 1.9699, 1.5756, 1.5420, 1.8276,
    1.6629, 1.8655, 1.4943, 2.0772, 1.7234, 1.7956, 1.8070, 1.8693, 1.7202, 1.8100,
    1.6402, 1.8817, 1.5747, 1.2492, 1.3126, 1.3216, 1.2702, 1.3585, 1.4701, 1.1791,
    1.0742, 1.0877, 0.9706, 1.2962, 1.0658, 1.2691, 0.9759, 0.9481, 1.1220, 1.1072,
    0.8252, 0.6843, 0.9729, 0.8732, 1.1363, 0.9145, 0.8956, 0.8112, 0.7643, 0.6876,
    0.9568, 0.9997, 0.8650, 0.8888, 0.8575, 0.8855, 0.7007, 0.8769, 0.8776, 0.9135,
    0.8268, 0.9076, 0.8308, 0.9009, 0.6765, 0.8634, 0.7255, 0.9979, 0.8906,
  ]

#### max
  Points: 79
  Min: -1.4656, Max: 7.6711, Mean: 5.5341
  Data: [
    -0.0034, -0.1444, -1.4656, 0.5549, 2.8441, 3.6047, 3.6455, 4.1436, 4.4048, 4.1251,
    4.3568, 4.2947, 4.4410, 4.7287, 4.8908, 5.0070, 5.1151, 5.1085, 5.0388, 5.4376,
    5.1856, 5.5845, 5.5333, 5.9248, 5.4275, 5.6306, 6.7076, 5.9982, 6.3339, 5.6674,
    6.2770, 5.7006, 6.7500, 6.2749, 6.5968, 6.0744, 6.7131, 7.2067, 6.9429, 6.0576,
    7.0344, 6.2795, 6.2815, 6.6011, 6.9100, 6.3532, 6.4494, 7.0788, 7.6711, 5.7459,
    6.5640, 5.6634, 6.2313, 6.8263, 5.6888, 7.6209, 6.0996, 6.7545, 6.0653, 6.6354,
    7.3544, 5.9095, 7.0767, 6.0210, 5.9661, 6.6635, 6.6144, 6.6256, 5.8192, 5.3085,
    5.5594, 6.4786, 5.3017, 5.5818, 5.4327, 5.4357, 5.8187, 5.4603, 5.4950,
  ]

#### mean
  Points: 79
  Min: -11.1537, Max: 3.8824, Mean: 1.6631
  Data: [
    -0.0076, -8.4094, -11.1537, -5.2502, -5.0053, -4.0217, -3.4663, -3.9891, -3.6338, -3.6117,
    -2.4992, -3.5920, -2.4664, -1.6267, -1.2535, -0.1114, -0.6234, 0.2381, 0.2678, 0.2360,
    0.4984, 1.0519, 0.9377, 2.2481, 2.1876, 2.5876, 1.6495, 2.3926, 2.6747, 2.7887,
    2.4613, 2.7676, 3.2030, 3.7181, 3.5827, 3.2913, 3.2884, 3.0635, 3.2884, 3.5153,
    3.4513, 3.5200, 3.5815, 3.6240, 3.6295, 3.3821, 3.5488, 3.6722, 3.6302, 3.3599,
    3.2940, 3.8824, 3.6368, 3.6944, 3.7375, 3.6992, 3.7180, 3.6697, 3.6852, 3.6380,
    3.8774, 3.6913, 3.6064, 3.5706, 3.5171, 3.5544, 3.5840, 3.5604, 3.8160, 3.4904,
    3.5034, 3.6495, 3.5103, 3.6200, 3.4794, 3.4991, 3.5454, 3.5725, 3.4684,
  ]

#### min
  Points: 79
  Min: -16.0093, Max: 1.9191, Mean: -4.3987
  Data: [
    -0.0079, -14.4679, -16.0093, -10.5381, -9.3487, -9.8956, -7.7955, -7.8172, -9.0552, -9.4188,
    -8.6947, -10.7749, -6.2583, -5.5277, -5.6789, -5.2705, -5.2088, -4.6599, -4.7884, -4.4209,
    -3.9231, -5.2410, -4.7249, -4.5670, -4.8666, -5.0286, -5.0526, -3.3430, -4.5494, -4.9350,
    -4.3131, -4.5367, -3.8596, -4.4445, -4.3499, -4.4009, -3.7449, -4.6626, -4.0308, -3.2614,
    -2.6178, -3.6625, -3.7213, -3.7303, -3.4018, -4.3158, -4.3138, -3.0645, -4.1339, -3.4923,
    -3.4050, -0.7060, -2.7116, -1.7278, -4.1123, -4.5145, -3.3884, -2.7829, -0.8700, 1.9191,
    -3.3688, -3.0448, -1.5039, -1.8952, -3.5886, -1.4739, 0.2845, -4.1199, -3.6535, -2.5598,
    -2.4477, -3.1916, 0.4429, -4.3474, -3.1119, 0.7172, -2.0309, -4.0249, -2.3544,
  ]

#### norm_high
  Points: 79
  Min: -4.3697, Max: 5.3728, Mean: 3.9220
  Data: [
    -0.0260, -2.6898, -4.3697, -2.7356, -1.8652, -0.6143, -0.1899, 0.2518, 0.3731, 0.1342,
    0.4184, 0.0423, 0.8141, 1.4523, 1.9910, 2.7419, 2.7838, 3.3775, 3.8290, 3.7184,
    3.8784, 4.3338, 4.2464, 5.0410, 4.7398, 4.8499, 4.8443, 4.9098, 4.7504, 4.8144,
    4.8860, 4.8300, 5.0444, 4.9831, 5.2014, 4.9493, 4.9219, 5.0227, 5.0144, 5.0495,
    5.0934, 5.1238, 5.2094, 5.2367, 5.1452, 5.2385, 5.1369, 5.1843, 5.2409, 5.2203,
    5.1498, 5.2500, 5.1853, 5.2096, 5.2663, 5.3728, 5.2099, 5.1863, 5.2994, 5.2191,
    5.3327, 5.2093, 5.2859, 5.2319, 5.0984, 5.2388, 5.3003, 5.2453, 5.2996, 5.2077,
    5.2612, 5.2870, 5.2066, 5.2624, 5.3096, 5.2560, 5.2663, 5.3330, 5.2825,
  ]

#### norm_low
  Points: 79
  Min: -14.2455, Max: 2.7222, Mean: -0.2104
  Data: [
    -0.2583, -10.6772, -14.2455, -8.2951, -7.9040, -8.2678, -6.6246, -6.1695, -6.5136, -7.7130,
    -6.8762, -7.7092, -4.8933, -4.3553, -3.3859, -2.5066, -2.2011, -1.8004, -1.5368, -1.6758,
    -1.4959, -1.0475, -0.9917, -0.6316, -0.3708, -0.1347, -0.1970, 0.1460, 0.0272, 0.3893,
    0.4475, 0.5071, 0.6220, 1.2037, 1.1010, 1.0420, 1.2192, 1.2969, 1.5202, 1.3247,
    1.4595, 1.7918, 1.5920, 1.6888, 1.8700, 1.8027, 1.9249, 2.2739, 2.5509, 2.1546,
    2.0731, 2.3453, 2.2830, 2.4633, 2.4263, 2.5772, 2.5213, 2.3412, 2.6193, 2.6357,
    2.6768, 2.5086, 2.7222, 2.4326, 2.5324, 2.3842, 2.6419, 2.5772, 2.5435, 2.5681,
    2.5181, 2.6104, 2.3366, 2.5304, 2.4901, 2.4853, 2.3942, 2.2985, 2.3656,
  ]

#### norm_scale
  Points: 79
  Min: 0.2323, Max: 9.8758, Mean: 4.1324
  Data: [
    0.2323, 7.9874, 9.8758, 5.5596, 6.0389, 7.6535, 6.4347, 6.4213, 6.8867, 7.8472,
    7.2945, 7.7514, 5.7074, 5.8076, 5.3769, 5.2485, 4.9849, 5.1779, 5.3658, 5.3942,
    5.3744, 5.3813, 5.2381, 5.6726, 5.1106, 4.9846, 5.0412, 4.7639, 4.7232, 4.4251,
    4.4385, 4.3229, 4.4224, 3.7794, 4.1004, 3.9073, 3.7026, 3.7258, 3.4942, 3.7249,
    3.6339, 3.3320, 3.6175, 3.5479, 3.2752, 3.4358, 3.2121, 2.9104, 2.6899, 3.0656,
    3.0768, 2.9046, 2.9023, 2.7463, 2.8400, 2.7956, 2.6886, 2.8450, 2.6801, 2.5833,
    2.6559, 2.7006, 2.5637, 2.7992, 2.5660, 2.8546, 2.6584, 2.6681, 2.7562, 2.6396,
    2.7431, 2.6766, 2.8701, 2.7320, 2.8195, 2.7708, 2.8721, 3.0345, 2.9169,
  ]

#### std
  Points: 79
  Min: 0.0003, Max: 3.5932, Mean: 1.2450
  Data: [
    0.0003, 3.5932, 3.0232, 1.6727, 2.0528, 2.0829, 1.5753, 1.7859, 2.2101, 2.0064,
    1.8113, 2.3068, 1.5766, 1.8044, 1.5399, 1.1719, 1.7480, 1.3447, 1.3574, 1.6719,
    1.4810, 1.7029, 1.3421, 1.9275, 1.5946, 1.6828, 1.6955, 1.7488, 1.5725, 1.6801,
    1.4428, 1.6930, 1.3946, 1.1677, 1.2295, 1.1493, 1.1598, 1.1952, 1.2657, 1.0764,
    1.0076, 0.9345, 0.8591, 1.1520, 0.9903, 1.1528, 0.9205, 0.8495, 0.9757, 0.9943,
    0.7121, 0.6460, 0.8634, 0.7935, 1.0327, 0.8408, 0.8113, 0.7433, 0.6747, 0.6253,
    0.8225, 0.8998, 0.8002, 0.7985, 0.8236, 0.8252, 0.6499, 0.8271, 0.8133, 0.8404,
    0.7640, 0.8367, 0.7545, 0.8578, 0.6003, 0.8436, 0.7045, 0.9365, 0.8408,
  ]


### IMAGINATION
#### continue_mean
  Points: 79
  Min: 0.9787, Max: 0.9995, Mean: 0.9892
  Data: [
    0.9995, 0.9960, 0.9961, 0.9943, 0.9933, 0.9927, 0.9855, 0.9907, 0.9921, 0.9910,
    0.9917, 0.9909, 0.9912, 0.9937, 0.9952, 0.9941, 0.9916, 0.9947, 0.9958, 0.9924,
    0.9941, 0.9912, 0.9956, 0.9953, 0.9937, 0.9954, 0.9935, 0.9937, 0.9954, 0.9927,
    0.9933, 0.9893, 0.9922, 0.9900, 0.9940, 0.9903, 0.9899, 0.9925, 0.9867, 0.9898,
    0.9897, 0.9937, 0.9908, 0.9884, 0.9891, 0.9904, 0.9890, 0.9853, 0.9877, 0.9872,
    0.9904, 0.9865, 0.9848, 0.9827, 0.9838, 0.9889, 0.9787, 0.9835, 0.9842, 0.9894,
    0.9828, 0.9835, 0.9834, 0.9826, 0.9844, 0.9877, 0.9869, 0.9825, 0.9796, 0.9842,
    0.9884, 0.9858, 0.9808, 0.9837, 0.9865, 0.9827, 0.9831, 0.9841, 0.9825,
  ]

#### continue_min
  Points: 79
  Min: 0.0000, Max: 0.9947, Mean: 0.0156
  Data: [
    0.9947, 0.2016, 0.0199, 0.0061, 0.0014, 0.0017, 0.0009, 0.0002, 0.0005, 0.0002,
    0.0002, 0.0002, 0.0000, 0.0002, 0.0005, 0.0001, 0.0000, 0.0001, 0.0004, 0.0010,
    0.0007, 0.0000, 0.0002, 0.0002, 0.0001, 0.0001, 0.0001, 0.0007, 0.0001, 0.0000,
    0.0000, 0.0000, 0.0000, 0.0000, 0.0000, 0.0000, 0.0000, 0.0000, 0.0000, 0.0000,
    0.0000, 0.0000, 0.0000, 0.0001, 0.0000, 0.0000, 0.0000, 0.0000, 0.0000, 0.0000,
    0.0000, 0.0000, 0.0000, 0.0000, 0.0000, 0.0000, 0.0000, 0.0000, 0.0000, 0.0000,
    0.0000, 0.0000, 0.0000, 0.0000, 0.0000, 0.0000, 0.0000, 0.0000, 0.0000, 0.0000,
    0.0000, 0.0000, 0.0000, 0.0000, 0.0000, 0.0000, 0.0000, 0.0000, 0.0000,
  ]

#### reward_abs_mean
  Points: 79
  Min: 0.0358, Max: 0.2726, Mean: 0.0756
  Data: [
    0.2726, 0.1214, 0.1053, 0.0894, 0.0854, 0.0730, 0.1035, 0.0904, 0.0812, 0.0888,
    0.0725, 0.0898, 0.0763, 0.0665, 0.0647, 0.0576, 0.0777, 0.0504, 0.0451, 0.0506,
    0.0493, 0.0610, 0.0426, 0.0409, 0.0473, 0.0493, 0.0479, 0.0571, 0.0358, 0.0566,
    0.0523, 0.0696, 0.0613, 0.0698, 0.0500, 0.0606, 0.0599, 0.0542, 0.0791, 0.0705,
    0.0593, 0.0476, 0.0568, 0.0797, 0.0661, 0.0671, 0.0649, 0.0811, 0.0723, 0.0700,
    0.0600, 0.0668, 0.0853, 0.0937, 0.0940, 0.0626, 0.1074, 0.0878, 0.0838, 0.0642,
    0.0971, 0.0886, 0.0900, 0.0995, 0.0812, 0.0730, 0.0743, 0.0957, 0.1076, 0.0806,
    0.0711, 0.0765, 0.1027, 0.0867, 0.0629, 0.0921, 0.0797, 0.0789, 0.0894,
  ]

#### reward_max
  Points: 79
  Min: -0.2116, Max: 2.5007, Mean: 2.4423
  Data: [
    -0.2116, 1.8491, 2.1977, 2.4181, 2.1001, 2.4650, 2.4444, 2.4534, 2.3263, 2.4811,
    2.4737, 2.4970, 2.4873, 2.4885, 2.4858, 2.4987, 2.5005, 2.4981, 2.4965, 2.4952,
    2.4978, 2.4964, 2.4998, 2.4995, 2.4999, 2.4998, 2.4998, 2.4943, 2.5001, 2.4998,
    2.4990, 2.4997, 2.5005, 2.5001, 2.4997, 2.5001, 2.5000, 2.5003, 2.5001, 2.5006,
    2.5001, 2.5001, 2.5001, 2.4999, 2.5003, 2.5001, 2.5007, 2.5006, 2.5003, 2.5004,
    2.5003, 2.5002, 2.5002, 2.5002, 2.5003, 2.5003, 2.5003, 2.5002, 2.5004, 2.5002,
    2.5002, 2.5002, 2.5002, 2.5002, 2.5003, 2.5004, 2.5004, 2.5002, 2.5002, 2.5001,
    2.5002, 2.5004, 2.5004, 2.5003, 2.5005, 2.5005, 2.5006, 2.5002, 2.5001,
  ]

#### reward_mean
  Points: 79
  Min: -0.2726, Max: 0.0930, Mean: 0.0140
  Data: [
    -0.2726, -0.0878, -0.0996, -0.0733, -0.0693, -0.0398, -0.0564, -0.0670, -0.0767, -0.0692,
    -0.0519, -0.0540, -0.0585, -0.0205, -0.0440, -0.0296, -0.0259, -0.0142, -0.0161, -0.0149,
    -0.0107, -0.0270, -0.0130, -0.0140, -0.0019, -0.0223, -0.0163, 0.0154, -0.0184, -0.0108,
    0.0033, 0.0049, 0.0043, 0.0371, 0.0244, 0.0270, 0.0266, -0.0006, 0.0391, 0.0403,
    0.0410, 0.0138, 0.0273, 0.0496, 0.0462, 0.0247, 0.0356, 0.0593, 0.0353, 0.0442,
    0.0365, 0.0511, 0.0579, 0.0747, 0.0642, 0.0488, 0.0852, 0.0622, 0.0652, 0.0457,
    0.0845, 0.0674, 0.0741, 0.0847, 0.0587, 0.0563, 0.0557, 0.0731, 0.0930, 0.0670,
    0.0443, 0.0607, 0.0816, 0.0713, 0.0493, 0.0742, 0.0630, 0.0641, 0.0692,
  ]

#### reward_min
  Points: 79
  Min: -2.6310, Max: -0.1267, Mean: -2.2149
  Data: [
    -0.2735, -2.4430, -2.5682, -2.5474, -2.6090, -2.6192, -2.6051, -2.5604, -2.6030, -2.5992,
    -2.6068, -2.5888, -2.6310, -2.5717, -2.5919, -2.5856, -2.5982, -2.5711, -2.5679, -2.6015,
    -2.5537, -2.6223, -2.6090, -2.6128, -2.6184, -2.6182, -2.5922, -2.5887, -2.6096, -2.6135,
    -2.6168, -2.5893, -2.5806, -2.5837, -2.5427, -2.5830, -2.5828, -2.5884, -2.5684, -2.5173,
    -1.2237, -2.5619, -2.5977, -2.5755, -2.5690, -2.5778, -2.5883, -2.5698, -2.6019, -2.5841,
    -2.5570, -0.1340, -2.5574, -1.8240, -2.5838, -2.5568, -2.5921, -2.5436, -2.5438, -0.1405,
    -0.1632, -2.5403, -2.5489, -0.1615, -2.5652, -0.1318, -0.1267, -2.5142, -2.5663, -1.7521,
    -2.5665, -2.6082, -0.1717, -2.4986, -2.5648, -0.1733, -0.1558, -1.4250, -2.1296,
  ]

#### reward_nonzero_frac
  Points: 79
  Min: 0.0490, Max: 1.0000, Mean: 0.1154
  Data: [
    1.0000, 0.5592, 0.4538, 0.3077, 0.2339, 0.1644, 0.2145, 0.2927, 0.1917, 0.2486,
    0.1150, 0.1969, 0.1323, 0.1375, 0.1395, 0.1003, 0.1463, 0.0662, 0.0811, 0.0961,
    0.1081, 0.0858, 0.0850, 0.0635, 0.0614, 0.0835, 0.0684, 0.0688, 0.0528, 0.0665,
    0.0636, 0.0766, 0.0572, 0.0733, 0.0501, 0.0549, 0.0549, 0.0590, 0.0847, 0.0652,
    0.0512, 0.0536, 0.0561, 0.0693, 0.0659, 0.0656, 0.0630, 0.0789, 0.0654, 0.0703,
    0.0539, 0.0580, 0.0848, 0.0857, 0.0850, 0.0551, 0.1005, 0.0800, 0.0799, 0.0596,
    0.0907, 0.0818, 0.0834, 0.0883, 0.0806, 0.0721, 0.0629, 0.0992, 0.0940, 0.0731,
    0.0694, 0.0673, 0.0901, 0.0747, 0.0490, 0.0869, 0.0637, 0.0667, 0.0802,
  ]

#### reward_significant_frac
  Points: 79
  Min: 0.0000, Max: 0.0433, Mean: 0.0235
  Data: [
    0.0000, 0.0167, 0.0076, 0.0127, 0.0135, 0.0149, 0.0306, 0.0135, 0.0154, 0.0165,
    0.0215, 0.0226, 0.0175, 0.0180, 0.0120, 0.0132, 0.0216, 0.0150, 0.0111, 0.0127,
    0.0112, 0.0181, 0.0094, 0.0103, 0.0147, 0.0125, 0.0137, 0.0195, 0.0084, 0.0178,
    0.0174, 0.0246, 0.0227, 0.0266, 0.0180, 0.0218, 0.0212, 0.0199, 0.0305, 0.0267,
    0.0222, 0.0161, 0.0212, 0.0333, 0.0248, 0.0256, 0.0235, 0.0317, 0.0282, 0.0262,
    0.0215, 0.0249, 0.0331, 0.0368, 0.0369, 0.0256, 0.0428, 0.0319, 0.0307, 0.0247,
    0.0381, 0.0342, 0.0349, 0.0407, 0.0302, 0.0267, 0.0277, 0.0370, 0.0433, 0.0314,
    0.0255, 0.0302, 0.0393, 0.0326, 0.0240, 0.0340, 0.0288, 0.0307, 0.0338,
  ]

#### reward_std
  Points: 79
  Min: 0.0029, Max: 0.4084, Mean: 0.2891
  Data: [
    0.0029, 0.2208, 0.1643, 0.2128, 0.2140, 0.2338, 0.3284, 0.2097, 0.2383, 0.2460,
    0.2790, 0.2829, 0.2628, 0.2394, 0.2116, 0.2218, 0.2831, 0.2234, 0.1956, 0.2174,
    0.1956, 0.2575, 0.1851, 0.1971, 0.2328, 0.2162, 0.2256, 0.2606, 0.1844, 0.2635,
    0.2520, 0.3096, 0.2874, 0.3105, 0.2591, 0.2928, 0.2731, 0.2651, 0.3337, 0.3121,
    0.2885, 0.2401, 0.2807, 0.3354, 0.3037, 0.3025, 0.2977, 0.3457, 0.3216, 0.3139,
    0.2882, 0.3160, 0.3495, 0.3706, 0.3743, 0.3033, 0.4084, 0.3590, 0.3532, 0.2995,
    0.3768, 0.3641, 0.3685, 0.3863, 0.3442, 0.3210, 0.3290, 0.3731, 0.4072, 0.3473,
    0.3172, 0.3425, 0.3927, 0.3652, 0.3154, 0.3703, 0.3543, 0.3456, 0.3655,
  ]


### ACTIONS
#### abs_mean
  Points: 79
  Min: 0.4434, Max: 0.5240, Mean: 0.4830
  Data: [
    0.5218, 0.4560, 0.4434, 0.4905, 0.4857, 0.4603, 0.5240, 0.4898, 0.4793, 0.4486,
    0.4841, 0.4896, 0.4795, 0.4771, 0.4873, 0.5018, 0.4856, 0.5059, 0.4980, 0.5130,
    0.4750, 0.4944, 0.4696, 0.4966, 0.4874, 0.4785, 0.4789, 0.4635, 0.4655, 0.4642,
    0.4787, 0.4694, 0.4546, 0.4805, 0.4821, 0.4844, 0.4886, 0.4665, 0.5007, 0.4775,
    0.4814, 0.4679, 0.4673, 0.4829, 0.4706, 0.4800, 0.4870, 0.4784, 0.4842, 0.4869,
    0.4890, 0.4921, 0.4837, 0.4871, 0.4819, 0.4812, 0.4904, 0.4813, 0.4836, 0.4878,
    0.4871, 0.4964, 0.4793, 0.4794, 0.4653, 0.4602, 0.4829, 0.4743, 0.4822, 0.4771,
    0.4816, 0.4967, 0.5009, 0.4961, 0.4906, 0.4937, 0.4817, 0.5156, 0.4933,
  ]

#### dim0_mean
  Points: 79
  Min: -0.0992, Max: 0.2889, Mean: 0.1008
  Data: [
    -0.0545, -0.0618, 0.2889, -0.0312, -0.0992, 0.0927, -0.0218, 0.0398, 0.1329, 0.0707,
    0.0809, 0.0571, 0.0336, -0.0248, -0.0396, 0.0870, 0.1863, 0.1867, 0.2014, 0.1667,
    0.2126, 0.1430, 0.0859, 0.1398, 0.1810, 0.0817, 0.1536, 0.1473, 0.0619, 0.1035,
    0.1439, 0.1068, 0.1394, 0.1193, 0.1237, 0.1541, 0.0581, 0.1656, 0.1108, 0.0992,
    0.1137, 0.0442, 0.0780, 0.1309, 0.1082, 0.0963, 0.1681, 0.0953, 0.0835, 0.0720,
    0.0972, 0.1349, 0.2289, 0.0578, 0.1192, 0.0742, 0.1314, 0.1212, 0.0740, 0.1677,
    0.1496, 0.1295, 0.0786, 0.1079, 0.0883, 0.0712, 0.1716, 0.0624, 0.2069, 0.1063,
    0.0585, 0.0181, 0.1654, 0.1622, 0.1238, 0.0612, 0.0441, 0.0479, 0.0940,
  ]

#### dim1_mean
  Points: 79
  Min: -0.2400, Max: 0.0885, Mean: -0.0375
  Data: [
    -0.2400, -0.1168, -0.0831, -0.1224, -0.0475, -0.0723, -0.0190, -0.0171, 0.0101, -0.0620,
    -0.0205, -0.0158, 0.0060, 0.0710, 0.0885, -0.0625, 0.0243, 0.0814, -0.0053, 0.0102,
    -0.0112, -0.0300, -0.0565, -0.0419, -0.0126, 0.0729, -0.0090, 0.0065, -0.1157, -0.0039,
    0.0015, -0.0266, -0.0602, 0.0527, -0.0694, 0.0012, 0.0067, 0.0085, 0.0236, -0.0827,
    0.0067, -0.1166, 0.0152, -0.0981, -0.0512, 0.0100, 0.0631, -0.0031, -0.0504, -0.0168,
    -0.0176, -0.0214, -0.0762, -0.0509, -0.0095, 0.0232, 0.0096, -0.0111, -0.0135, -0.0341,
    -0.0430, -0.0158, 0.0172, -0.0101, -0.1155, -0.0978, -0.1290, -0.0798, -0.0428, -0.1064,
    -0.0252, -0.0741, -0.0503, -0.1967, -0.1805, -0.1166, -0.1284, -0.0847, -0.0995,
  ]

#### dim2_mean
  Points: 79
  Min: -0.2576, Max: 0.0973, Mean: -0.0285
  Data: [
    -0.0965, -0.2576, 0.0206, -0.0813, -0.1269, -0.0294, 0.0001, 0.0187, -0.0526, 0.0726,
    0.0973, -0.0645, 0.0022, -0.1450, -0.0449, 0.0406, -0.0602, 0.0202, -0.0002, -0.0884,
    0.0160, -0.0106, 0.0146, -0.0572, -0.0781, -0.0776, 0.0081, -0.0539, 0.0628, 0.0034,
    -0.0427, -0.0399, -0.0224, -0.0280, -0.0132, -0.0440, -0.0306, -0.0593, -0.0568, -0.0167,
    -0.0220, 0.0352, 0.0300, 0.0429, 0.0069, 0.0165, -0.0038, 0.0339, -0.0079, -0.0010,
    -0.0256, -0.0265, -0.0803, -0.0140, -0.0134, -0.0778, -0.0330, -0.0549, -0.0446, -0.0024,
    -0.0707, -0.0057, -0.0144, -0.0057, 0.0163, -0.0437, -0.0658, -0.0838, -0.1196, -0.0976,
    -0.0303, -0.0112, -0.0104, -0.0009, 0.0151, -0.0500, -0.0167, -0.0585, -0.0543,
  ]

#### dim3_mean
  Points: 79
  Min: -0.2537, Max: 0.1494, Mean: -0.0318
  Data: [
    0.1494, -0.0010, 0.0151, 0.0248, 0.0835, 0.0691, 0.0226, 0.0082, 0.0883, 0.0111,
    0.0285, 0.0005, 0.0149, 0.0335, 0.0210, 0.0656, -0.0304, -0.0868, -0.0572, 0.0021,
    -0.0652, -0.0264, -0.0652, -0.2537, -0.0164, -0.1036, -0.0446, -0.0404, 0.0138, -0.0782,
    -0.1243, -0.0200, -0.0204, -0.0587, -0.1579, -0.0167, 0.0057, -0.0563, -0.0331, -0.0497,
    -0.0459, -0.0691, -0.0320, -0.0707, -0.0530, -0.0285, -0.0361, -0.0167, -0.1179, -0.0595,
    -0.1101, -0.0751, 0.0273, -0.0470, -0.0194, -0.0479, -0.0137, -0.0770, -0.0009, 0.0129,
    -0.0176, -0.0015, -0.0406, 0.0122, -0.0539, -0.0700, -0.0198, -0.0603, -0.0212, -0.1112,
    -0.0392, -0.0480, -0.0843, -0.0106, -0.0541, -0.0654, -0.0943, -0.0588, -0.0479,
  ]

#### max
  Points: 79
  Min: 0.9981, Max: 1.0000, Mean: 0.9999
  Data: [
    0.9981, 0.9997, 1.0000, 1.0000, 1.0000, 0.9999, 1.0000, 1.0000, 1.0000, 1.0000,
    1.0000, 1.0000, 1.0000, 1.0000, 1.0000, 1.0000, 1.0000, 1.0000, 1.0000, 1.0000,
    0.9998, 0.9999, 1.0000, 1.0000, 1.0000, 0.9999, 0.9999, 0.9999, 1.0000, 0.9999,
    0.9999, 0.9999, 0.9999, 0.9999, 0.9998, 1.0000, 0.9999, 1.0000, 1.0000, 1.0000,
    1.0000, 0.9994, 1.0000, 0.9999, 1.0000, 1.0000, 1.0000, 1.0000, 1.0000, 0.9999,
    1.0000, 1.0000, 0.9999, 1.0000, 0.9999, 1.0000, 1.0000, 0.9995, 1.0000, 1.0000,
    0.9999, 0.9999, 0.9999, 0.9999, 0.9995, 0.9999, 1.0000, 0.9999, 0.9999, 1.0000,
    0.9999, 0.9998, 0.9999, 1.0000, 0.9999, 1.0000, 0.9999, 1.0000, 1.0000,
  ]

#### mean
  Points: 79
  Min: -0.1093, Max: 0.0604, Mean: 0.0008
  Data: [
    -0.0604, -0.1093, 0.0604, -0.0525, -0.0475, 0.0150, -0.0046, 0.0124, 0.0447, 0.0231,
    0.0466, -0.0057, 0.0142, -0.0163, 0.0063, 0.0327, 0.0300, 0.0504, 0.0347, 0.0226,
    0.0380, 0.0190, -0.0053, -0.0533, 0.0185, -0.0067, 0.0270, 0.0148, 0.0057, 0.0062,
    -0.0054, 0.0051, 0.0091, 0.0214, -0.0292, 0.0236, 0.0100, 0.0147, 0.0111, -0.0125,
    0.0131, -0.0266, 0.0228, 0.0013, 0.0028, 0.0236, 0.0478, 0.0274, -0.0232, -0.0013,
    -0.0140, 0.0030, 0.0249, -0.0135, 0.0192, -0.0071, 0.0236, -0.0055, 0.0037, 0.0360,
    0.0046, 0.0266, 0.0102, 0.0261, -0.0162, -0.0351, -0.0107, -0.0404, 0.0058, -0.0522,
    -0.0091, -0.0288, 0.0051, -0.0115, -0.0239, -0.0427, -0.0488, -0.0385, -0.0270,
  ]

#### min
  Points: 79
  Min: -1.0000, Max: -0.9955, Mean: -0.9999
  Data: [
    -0.9955, -0.9997, -0.9999, -1.0000, -1.0000, -0.9999, -1.0000, -0.9999, -0.9997, -0.9999,
    -1.0000, -1.0000, -0.9999, -1.0000, -0.9999, -1.0000, -1.0000, -1.0000, -0.9998, -0.9999,
    -1.0000, -1.0000, -0.9998, -1.0000, -0.9999, -0.9999, -0.9999, -1.0000, -0.9997, -1.0000,
    -1.0000, -1.0000, -1.0000, -0.9999, -0.9998, -1.0000, -1.0000, -1.0000, -1.0000, -1.0000,
    -1.0000, -0.9999, -1.0000, -1.0000, -0.9999, -1.0000, -1.0000, -1.0000, -0.9999, -1.0000,
    -1.0000, -0.9999, -0.9999, -1.0000, -1.0000, -0.9999, -1.0000, -1.0000, -1.0000, -0.9999,
    -1.0000, -1.0000, -1.0000, -0.9999, -0.9999, -1.0000, -1.0000, -1.0000, -1.0000, -1.0000,
    -0.9999, -0.9999, -0.9999, -0.9999, -0.9999, -0.9999, -0.9998, -1.0000, -1.0000,
  ]

#### std
  Points: 79
  Min: 0.5274, Max: 0.6078, Mean: 0.5646
  Data: [
    0.5902, 0.5279, 0.5274, 0.5691, 0.5664, 0.5494, 0.6078, 0.5716, 0.5590, 0.5349,
    0.5687, 0.5746, 0.5675, 0.5638, 0.5683, 0.5847, 0.5680, 0.5815, 0.5777, 0.5951,
    0.5569, 0.5692, 0.5531, 0.5753, 0.5671, 0.5593, 0.5625, 0.5432, 0.5491, 0.5462,
    0.5608, 0.5513, 0.5358, 0.5617, 0.5611, 0.5700, 0.5739, 0.5508, 0.5831, 0.5626,
    0.5632, 0.5488, 0.5523, 0.5648, 0.5536, 0.5613, 0.5664, 0.5633, 0.5640, 0.5712,
    0.5704, 0.5709, 0.5660, 0.5710, 0.5654, 0.5648, 0.5700, 0.5638, 0.5653, 0.5660,
    0.5680, 0.5807, 0.5660, 0.5645, 0.5486, 0.5386, 0.5644, 0.5532, 0.5613, 0.5538,
    0.5638, 0.5774, 0.5816, 0.5776, 0.5710, 0.5732, 0.5621, 0.5950, 0.5743,
  ]


### GRADIENTS
#### actor_norm
  Points: 79
  Min: 0.0187, Max: 0.8413, Mean: 0.0777
  Data: [
    0.8413, 0.0335, 0.0187, 0.0459, 0.0577, 0.0471, 0.0858, 0.0518, 0.0613, 0.0450,
    0.0493, 0.0517, 0.0528, 0.0636, 0.0963, 0.0615, 0.0718, 0.0477, 0.0467, 0.0502,
    0.0542, 0.0642, 0.0551, 0.0578, 0.0657, 0.0841, 0.0666, 0.0590, 0.0807, 0.0918,
    0.0754, 0.0624, 0.0991, 0.0685, 0.0883, 0.0722, 0.0562, 0.0777, 0.0791, 0.0600,
    0.0513, 0.0750, 0.0700, 0.0944, 0.0822, 0.0936, 0.0551, 0.0754, 0.0694, 0.0866,
    0.0622, 0.0632, 0.0922, 0.0610, 0.0749, 0.0661, 0.0814, 0.0866, 0.0629, 0.0602,
    0.0853, 0.0874, 0.0753, 0.0866, 0.0652, 0.0907, 0.0461, 0.0943, 0.0748, 0.0664,
    0.0782, 0.0818, 0.0550, 0.0790, 0.0609, 0.0565, 0.0609, 0.0680, 0.0619,
  ]

#### critic_norm
  Points: 79
  Min: 0.1578, Max: 3.4601, Mean: 0.4278
  Data: [
    3.4601, 1.1031, 0.8739, 0.4626, 0.4594, 0.4596, 0.6305, 0.7094, 0.5131, 0.5685,
    0.5552, 0.3912, 0.5353, 0.4984, 0.9482, 0.5170, 0.6556, 0.4193, 0.6332, 0.5520,
    0.6829, 0.4650, 0.8727, 0.3587, 0.5522, 0.4638, 0.4558, 0.5033, 0.4037, 0.4287,
    0.3924, 0.3307, 0.3020, 0.4952, 0.3079, 0.3947, 0.3678, 0.3206, 0.2817, 0.3711,
    0.3913, 0.3413, 0.3084, 0.3326, 0.3222, 0.3024, 0.1945, 0.2417, 0.2691, 0.3152,
    0.2735, 0.2948, 0.3046, 0.1956, 0.2128, 0.2183, 0.2155, 0.2122, 0.2494, 0.2409,
    0.2442, 0.1690, 0.2916, 0.4944, 0.2749, 0.1884, 0.1747, 0.2038, 0.2763, 0.3205,
    0.1689, 0.2060, 0.2903, 0.1578, 0.2347, 0.2966, 0.1978, 0.2411, 0.2319,
  ]

#### world_model_norm
  Points: 79
  Min: 4.3759, Max: 56.6992, Mean: 13.4196
  Data: [
    7.9017, 4.3759, 5.4719, 6.2919, 12.8429, 5.7931, 12.0822, 11.9507, 14.5138, 10.8467,
    11.1732, 6.6672, 7.2546, 11.1318, 5.4769, 5.0774, 18.6327, 9.8924, 13.2027, 6.3305,
    6.7849, 8.9629, 29.3619, 22.4962, 4.9182, 6.6687, 26.3014, 17.9084, 8.8988, 8.9707,
    10.0307, 18.5880, 14.9386, 6.4440, 7.0482, 8.5748, 13.6372, 8.3919, 11.1147, 7.7624,
    8.2722, 8.2157, 10.0018, 12.1605, 25.8731, 15.7312, 42.2007, 7.9227, 8.2959, 20.0800,
    37.2998, 6.8992, 7.5058, 14.9942, 8.8562, 40.1896, 12.1830, 17.0595, 17.1114, 16.6790,
    8.9651, 7.6357, 38.9484, 7.6044, 21.4888, 6.6144, 7.5593, 15.1006, 26.8591, 17.6349,
    16.1522, 8.9557, 5.7625, 10.6556, 8.1246, 9.6822, 6.9617, 56.6992, 6.4985,
  ]


### DIAGNOSTICS
#### advantage_contribution
  Points: 79
  Min: 0.0524, Max: 18.3857, Mean: 0.3158
  Data: [
    18.3857, 0.1209, 0.0629, 0.1093, 0.1050, 0.1040, 0.1282, 0.0919, 0.0851, 0.0836,
    0.0874, 0.0750, 0.0938, 0.1106, 0.1106, 0.0841, 0.1142, 0.0845, 0.0839, 0.0868,
    0.0844, 0.0754, 0.0799, 0.0932, 0.0755, 0.0846, 0.0898, 0.0920, 0.1005, 0.0930,
    0.1038, 0.0946, 0.0932, 0.0990, 0.0937, 0.1051, 0.0874, 0.0929, 0.0921, 0.0821,
    0.0794, 0.0902, 0.0760, 0.0861, 0.1005, 0.0987, 0.0678, 0.0800, 0.0971, 0.0861,
    0.0758, 0.0726, 0.0867, 0.0891, 0.0799, 0.0744, 0.0787, 0.0772, 0.0807, 0.0608,
    0.1124, 0.0836, 0.0684, 0.0853, 0.0759, 0.0709, 0.0562, 0.0630, 0.0655, 0.0635,
    0.0602, 0.0651, 0.0585, 0.0626, 0.0610, 0.0524, 0.0579, 0.0663, 0.0641,
  ]

#### entropy_advantage_ratio
  Points: 79
  Min: 0.0001, Max: 0.0205, Mean: 0.0127
  Data: [
    0.0001, 0.0092, 0.0175, 0.0100, 0.0104, 0.0122, 0.0102, 0.0112, 0.0112, 0.0127,
    0.0129, 0.0147, 0.0114, 0.0098, 0.0087, 0.0113, 0.0091, 0.0115, 0.0125, 0.0118,
    0.0122, 0.0130, 0.0129, 0.0113, 0.0132, 0.0115, 0.0112, 0.0108, 0.0098, 0.0107,
    0.0098, 0.0105, 0.0100, 0.0098, 0.0111, 0.0101, 0.0117, 0.0116, 0.0119, 0.0124,
    0.0132, 0.0109, 0.0131, 0.0126, 0.0104, 0.0101, 0.0151, 0.0129, 0.0107, 0.0115,
    0.0139, 0.0140, 0.0114, 0.0117, 0.0128, 0.0136, 0.0134, 0.0130, 0.0125, 0.0171,
    0.0090, 0.0119, 0.0151, 0.0116, 0.0126, 0.0135, 0.0182, 0.0168, 0.0173, 0.0170,
    0.0175, 0.0175, 0.0184, 0.0178, 0.0173, 0.0205, 0.0172, 0.0168, 0.0163,
  ]

#### entropy_contribution
  Points: 79
  Min: 0.0009, Max: 0.0015, Mean: 0.0010
  Data: [
    0.0015, 0.0011, 0.0011, 0.0011, 0.0011, 0.0013, 0.0013, 0.0010, 0.0010, 0.0011,
    0.0011, 0.0011, 0.0011, 0.0011, 0.0010, 0.0010, 0.0010, 0.0010, 0.0011, 0.0010,
    0.0010, 0.0010, 0.0010, 0.0011, 0.0010, 0.0010, 0.0010, 0.0010, 0.0010, 0.0010,
    0.0010, 0.0010, 0.0009, 0.0010, 0.0010, 0.0011, 0.0010, 0.0011, 0.0011, 0.0010,
    0.0010, 0.0010, 0.0010, 0.0011, 0.0010, 0.0010, 0.0010, 0.0010, 0.0010, 0.0010,
    0.0011, 0.0010, 0.0010, 0.0010, 0.0010, 0.0010, 0.0011, 0.0010, 0.0010, 0.0010,
    0.0010, 0.0010, 0.0010, 0.0010, 0.0010, 0.0010, 0.0010, 0.0011, 0.0011, 0.0011,
    0.0011, 0.0011, 0.0011, 0.0011, 0.0011, 0.0011, 0.0010, 0.0011, 0.0010,
  ]

#### return_range_S
  Points: 79
  Min: 0.2323, Max: 9.8758, Mean: 4.1324
  Data: [
    0.2323, 7.9874, 9.8758, 5.5596, 6.0389, 7.6535, 6.4347, 6.4213, 6.8867, 7.8472,
    7.2945, 7.7514, 5.7074, 5.8076, 5.3769, 5.2485, 4.9849, 5.1779, 5.3658, 5.3942,
    5.3744, 5.3813, 5.2381, 5.6726, 5.1106, 4.9846, 5.0412, 4.7639, 4.7232, 4.4251,
    4.4385, 4.3229, 4.4224, 3.7794, 4.1004, 3.9073, 3.7026, 3.7258, 3.4942, 3.7249,
    3.6339, 3.3320, 3.6175, 3.5479, 3.2752, 3.4358, 3.2121, 2.9104, 2.6899, 3.0656,
    3.0768, 2.9046, 2.9023, 2.7463, 2.8400, 2.7956, 2.6886, 2.8450, 2.6801, 2.5833,
    2.6559, 2.7006, 2.5637, 2.7992, 2.5660, 2.8546, 2.6584, 2.6681, 2.7562, 2.6396,
    2.7431, 2.6766, 2.8701, 2.7320, 2.8195, 2.7708, 2.8721, 3.0345, 2.9169,
  ]

#### return_range_at_floor
  Points: 79
  Min: 0.0000, Max: 1.0000, Mean: 0.0127
  Data: [
    1.0000, 0.0000, 0.0000, 0.0000, 0.0000, 0.0000, 0.0000, 0.0000, 0.0000, 0.0000,
    0.0000, 0.0000, 0.0000, 0.0000, 0.0000, 0.0000, 0.0000, 0.0000, 0.0000, 0.0000,
    0.0000, 0.0000, 0.0000, 0.0000, 0.0000, 0.0000, 0.0000, 0.0000, 0.0000, 0.0000,
    0.0000, 0.0000, 0.0000, 0.0000, 0.0000, 0.0000, 0.0000, 0.0000, 0.0000, 0.0000,
    0.0000, 0.0000, 0.0000, 0.0000, 0.0000, 0.0000, 0.0000, 0.0000, 0.0000, 0.0000,
    0.0000, 0.0000, 0.0000, 0.0000, 0.0000, 0.0000, 0.0000, 0.0000, 0.0000, 0.0000,
    0.0000, 0.0000, 0.0000, 0.0000, 0.0000, 0.0000, 0.0000, 0.0000, 0.0000, 0.0000,
    0.0000, 0.0000, 0.0000, 0.0000, 0.0000, 0.0000, 0.0000, 0.0000, 0.0000,
  ]


### SPARSE_SIGNAL
#### advantage_nonzero_frac
  Points: 79
  Min: 0.6119, Max: 1.0000, Mean: 0.7427
  Data: [
    1.0000, 0.8819, 0.7686, 0.8592, 0.8242, 0.8132, 0.8513, 0.8425, 0.8052, 0.8077,
    0.7469, 0.7748, 0.8098, 0.7936, 0.8224, 0.6802, 0.8257, 0.7468, 0.7792, 0.7714,
    0.7927, 0.7725, 0.7229, 0.7861, 0.7879, 0.7956, 0.7635, 0.8155, 0.8021, 0.8126,
    0.8072, 0.7649, 0.7700, 0.8001, 0.7432, 0.8126, 0.7410, 0.7702, 0.7513, 0.7042,
    0.7477, 0.7046, 0.6877, 0.7275, 0.6714, 0.7746, 0.6786, 0.7038, 0.7370, 0.7286,
    0.7673, 0.7234, 0.6812, 0.7429, 0.6637, 0.6690, 0.7015, 0.7281, 0.7568, 0.6409,
    0.7366, 0.6882, 0.6948, 0.7289, 0.7245, 0.6994, 0.6119, 0.6705, 0.6573, 0.6282,
    0.6437, 0.6569, 0.6286, 0.6767, 0.6940, 0.6730, 0.6496, 0.6205, 0.6346,
  ]

#### advantage_significant_frac
  Points: 79
  Min: 0.0639, Max: 1.0000, Mean: 0.1711
  Data: [
    1.0000, 0.2072, 0.0639, 0.2257, 0.2012, 0.2139, 0.2625, 0.1869, 0.1569, 0.1690,
    0.1802, 0.1396, 0.2031, 0.2302, 0.2332, 0.1657, 0.2321, 0.1758, 0.1792, 0.1662,
    0.1743, 0.1427, 0.1632, 0.1961, 0.1479, 0.1733, 0.2200, 0.2060, 0.2151, 0.2014,
    0.2165, 0.1840, 0.1894, 0.2213, 0.2020, 0.2231, 0.1810, 0.1632, 0.1758, 0.1607,
    0.1616, 0.1452, 0.1509, 0.1638, 0.1851, 0.1915, 0.1077, 0.1439, 0.1663, 0.1274,
    0.1255, 0.1473, 0.1496, 0.1657, 0.1329, 0.1383, 0.1253, 0.1390, 0.1439, 0.0945,
    0.2101, 0.1289, 0.1286, 0.1632, 0.1288, 0.1341, 0.0924, 0.1023, 0.1110, 0.1209,
    0.1000, 0.1104, 0.0923, 0.1216, 0.0984, 0.0813, 0.1066, 0.1232, 0.1089,
  ]

#### event_rate_in_batch
  Points: 79
  Min: 0.0040, Max: 0.0444, Mean: 0.0202
  Data: [
    0.0101, 0.0040, 0.0060, 0.0040, 0.0040, 0.0040, 0.0141, 0.0081, 0.0081, 0.0121,
    0.0141, 0.0121, 0.0171, 0.0081, 0.0081, 0.0081, 0.0141, 0.0151, 0.0060, 0.0101,
    0.0040, 0.0181, 0.0081, 0.0121, 0.0161, 0.0141, 0.0161, 0.0161, 0.0060, 0.0181,
    0.0141, 0.0252, 0.0232, 0.0343, 0.0171, 0.0202, 0.0121, 0.0192, 0.0242, 0.0242,
    0.0171, 0.0101, 0.0212, 0.0312, 0.0202, 0.0141, 0.0222, 0.0262, 0.0282, 0.0171,
    0.0202, 0.0232, 0.0181, 0.0302, 0.0312, 0.0262, 0.0373, 0.0242, 0.0282, 0.0222,
    0.0343, 0.0282, 0.0363, 0.0333, 0.0222, 0.0262, 0.0333, 0.0343, 0.0444, 0.0282,
    0.0232, 0.0262, 0.0383, 0.0323, 0.0212, 0.0363, 0.0353, 0.0262, 0.0393,
  ]

#### lambda_return_abs_mean
  Points: 79
  Min: 0.9246, Max: 11.3040, Mean: 3.3973
  Data: [
    1.6669, 8.8107, 11.3040, 5.4183, 5.1967, 4.2256, 3.6903, 4.2295, 3.8335, 3.8201,
    2.8511, 3.9562, 2.8246, 2.2629, 1.8217, 0.9246, 1.5739, 1.0152, 1.0722, 1.2034,
    1.1838, 1.4817, 1.1871, 2.4426, 2.2928, 2.7378, 1.8390, 2.5433, 2.8748, 2.9928,
    2.6412, 3.0223, 3.3534, 3.7814, 3.6595, 3.3784, 3.3713, 3.1892, 3.4204, 3.6048,
    3.4902, 3.5824, 3.6524, 3.7090, 3.6764, 3.4833, 3.5889, 3.7174, 3.7144, 3.4235,
    3.3215, 3.8721, 3.6824, 3.7125, 3.8420, 3.7168, 3.7407, 3.7003, 3.7148, 3.6679,
    3.9097, 3.7607, 3.6263, 3.6357, 3.5566, 3.5779, 3.5989, 3.6021, 3.8543, 3.5309,
    3.5322, 3.6786, 3.5307, 3.6434, 3.4865, 3.5213, 3.5499, 3.6086, 3.4727,
  ]

#### lambda_return_nonzero_frac
  Points: 79
  Min: 0.8422, Max: 1.0000, Mean: 0.9879
  Data: [
    1.0000, 0.9998, 0.9999, 0.9998, 0.9996, 0.9952, 0.9924, 0.9947, 0.9934, 0.9863,
    0.9888, 0.9916, 0.9938, 0.9930, 0.9832, 0.9480, 0.9772, 0.9038, 0.8775, 0.9330,
    0.9206, 0.8889, 0.8422, 0.9647, 0.9850, 0.9916, 0.9507, 0.9892, 0.9921, 0.9979,
    0.9953, 0.9954, 0.9984, 0.9999, 0.9991, 0.9993, 0.9962, 0.9986, 0.9993, 0.9998,
    0.9997, 0.9998, 0.9997, 0.9995, 0.9984, 0.9995, 0.9999, 0.9999, 0.9996, 0.9997,
    0.9999, 0.9998, 0.9990, 0.9999, 0.9999, 1.0000, 0.9999, 0.9999, 1.0000, 1.0000,
    1.0000, 0.9999, 1.0000, 0.9998, 1.0000, 1.0000, 0.9999, 0.9996, 1.0000, 0.9999,
    0.9999, 0.9999, 0.9999, 1.0000, 0.9999, 1.0000, 1.0000, 0.9996, 0.9997,
  ]

#### lambda_return_significant_frac
  Points: 79
  Min: 0.2704, Max: 1.0000, Mean: 0.8886
  Data: [
    0.7857, 0.9969, 0.9992, 0.9948, 0.9934, 0.9507, 0.9322, 0.9646, 0.9116, 0.9290,
    0.8471, 0.9031, 0.8633, 0.8094, 0.7300, 0.2838, 0.5962, 0.2704, 0.3497, 0.3299,
    0.3916, 0.4453, 0.4117, 0.6484, 0.7011, 0.8039, 0.5535, 0.7029, 0.8600, 0.9241,
    0.8880, 0.9120, 0.9643, 0.9947, 0.9654, 0.9830, 0.9150, 0.9544, 0.9819, 0.9535,
    0.9557, 0.9934, 0.9927, 0.9560, 0.9920, 0.9950, 0.9998, 0.9964, 0.9924, 0.9941,
    0.9969, 0.9976, 0.9902, 0.9989, 0.9986, 0.9988, 0.9980, 0.9968, 0.9983, 1.0000,
    1.0000, 0.9976, 0.9982, 0.9988, 0.9968, 0.9980, 0.9973, 0.9940, 0.9997, 0.9983,
    0.9985, 0.9991, 0.9991, 0.9999, 0.9994, 1.0000, 0.9988, 0.9947, 0.9914,
  ]

#### nonsparse_pred_error
  Points: 79
  Min: 0.0043, Max: 0.1990, Mean: 0.0138
  Data: [
    0.1990, 0.0296, 0.0275, 0.0263, 0.0170, 0.0164, 0.0235, 0.0215, 0.0227, 0.0191,
    0.0283, 0.0210, 0.0175, 0.0150, 0.0139, 0.0262, 0.0184, 0.0219, 0.0157, 0.0099,
    0.0116, 0.0209, 0.0115, 0.0082, 0.0077, 0.0085, 0.0108, 0.0120, 0.0075, 0.0133,
    0.0121, 0.0096, 0.0107, 0.0072, 0.0106, 0.0065, 0.0141, 0.0102, 0.0095, 0.0127,
    0.0059, 0.0080, 0.0095, 0.0146, 0.0050, 0.0100, 0.0069, 0.0051, 0.0074, 0.0055,
    0.0087, 0.0090, 0.0051, 0.0081, 0.0066, 0.0058, 0.0114, 0.0103, 0.0050, 0.0052,
    0.0058, 0.0076, 0.0063, 0.0099, 0.0096, 0.0075, 0.0074, 0.0063, 0.0081, 0.0071,
    0.0078, 0.0098, 0.0082, 0.0058, 0.0053, 0.0043, 0.0043, 0.0052, 0.0062,
  ]

#### num_sparse_events
  Points: 79
  Min: 4.0000, Max: 44.0000, Mean: 20.0633
  Data: [
    10.0000, 4.0000, 6.0000, 4.0000, 4.0000, 4.0000, 14.0000, 8.0000, 8.0000, 12.0000,
    14.0000, 12.0000, 17.0000, 8.0000, 8.0000, 8.0000, 14.0000, 15.0000, 6.0000, 10.0000,
    4.0000, 18.0000, 8.0000, 12.0000, 16.0000, 14.0000, 16.0000, 16.0000, 6.0000, 18.0000,
    14.0000, 25.0000, 23.0000, 34.0000, 17.0000, 20.0000, 12.0000, 19.0000, 24.0000, 24.0000,
    17.0000, 10.0000, 21.0000, 31.0000, 20.0000, 14.0000, 22.0000, 26.0000, 28.0000, 17.0000,
    20.0000, 23.0000, 18.0000, 30.0000, 31.0000, 26.0000, 37.0000, 24.0000, 28.0000, 22.0000,
    34.0000, 28.0000, 36.0000, 33.0000, 22.0000, 26.0000, 33.0000, 34.0000, 44.0000, 28.0000,
    23.0000, 26.0000, 38.0000, 32.0000, 21.0000, 36.0000, 35.0000, 26.0000, 39.0000,
  ]

#### reward_max
  Points: 79
  Min: 0.0000, Max: 2.5000, Mean: 2.3418
  Data: [
    2.5000, 2.5000, 2.5000, 0.0000, 0.0000, 0.0000, 2.5000, 2.5000, 0.0000, 2.5000,
    2.5000, 2.5000, 2.5000, 2.5000, 0.0000, 2.5000, 2.5000, 2.5000, 2.5000, 2.5000,
    2.5000, 2.5000, 2.5000, 2.5000, 2.5000, 2.5000, 2.5000, 2.5000, 2.5000, 2.5000,
    2.5000, 2.5000, 2.5000, 2.5000, 2.5000, 2.5000, 2.5000, 2.5000, 2.5000, 2.5000,
    2.5000, 2.5000, 2.5000, 2.5000, 2.5000, 2.5000, 2.5000, 2.5000, 2.5000, 2.5000,
    2.5000, 2.5000, 2.5000, 2.5000, 2.5000, 2.5000, 2.5000, 2.5000, 2.5000, 2.5000,
    2.5000, 2.5000, 2.5000, 2.5000, 2.5000, 2.5000, 2.5000, 2.5000, 2.5000, 2.5000,
    2.5000, 2.5000, 2.5000, 2.5000, 2.5000, 2.5000, 2.5000, 2.5000, 2.5000,
  ]

#### reward_min
  Points: 79
  Min: -2.6423, Max: -0.0904, Mean: -1.6307
  Data: [
    -2.6176, -0.3072, -2.6022, -2.6088, -2.5730, -2.6009, -2.6013, -2.5747, -2.5894, -2.5914,
    -2.6191, -2.5882, -2.6423, -2.5859, -2.5969, -2.5618, -2.6081, -2.5752, -2.5686, -2.6047,
    -0.3478, -2.6116, -2.5691, -2.5997, -2.5990, -2.6055, -2.6019, -2.5911, -2.5839, -2.6053,
    -2.5932, -2.5694, -2.5787, -2.5900, -2.5390, -2.5827, -2.5806, -2.5780, -0.1702, -2.5668,
    -0.1760, -0.1662, -2.5905, -2.5784, -0.1463, -2.5690, -2.6020, -0.1184, -2.6211, -2.5535,
    -0.1269, -0.1288, -0.1316, -0.1194, -2.5542, -0.1252, -2.5379, -2.5585, -0.1645, -0.1467,
    -0.0937, -0.1669, -2.5547, -0.0904, -2.5463, -0.1305, -0.1182, -0.2040, -0.1081, -0.1158,
    -0.1864, -0.1291, -0.2237, -0.1236, -0.1218, -0.1510, -0.1375, -0.1067, -0.1170,
  ]

#### reward_range
  Points: 79
  Min: 2.5730, Max: 5.1423, Mean: 3.9724
  Data: [
    5.1176, 2.8072, 5.1022, 2.6088, 2.5730, 2.6009, 5.1013, 5.0747, 2.5894, 5.0914,
    5.1191, 5.0882, 5.1423, 5.0859, 2.5969, 5.0618, 5.1081, 5.0752, 5.0686, 5.1047,
    2.8478, 5.1116, 5.0691, 5.0997, 5.0990, 5.1055, 5.1019, 5.0911, 5.0839, 5.1053,
    5.0932, 5.0694, 5.0787, 5.0900, 5.0390, 5.0827, 5.0806, 5.0780, 2.6702, 5.0668,
    2.6760, 2.6662, 5.0905, 5.0784, 2.6463, 5.0690, 5.1020, 2.6184, 5.1211, 5.0535,
    2.6269, 2.6288, 2.6316, 2.6194, 5.0542, 2.6252, 5.0379, 5.0585, 2.6645, 2.6467,
    2.5937, 2.6669, 5.0547, 2.5904, 5.0463, 2.6305, 2.6182, 2.7040, 2.6081, 2.6158,
    2.6864, 2.6291, 2.7237, 2.6236, 2.6218, 2.6510, 2.6375, 2.6067, 2.6170,
  ]

#### reward_variance
  Points: 79
  Min: 0.0209, Max: 0.1749, Mean: 0.0860
  Data: [
    0.0472, 0.0240, 0.0315, 0.0217, 0.0221, 0.0209, 0.0653, 0.0396, 0.0364, 0.0573,
    0.0653, 0.0564, 0.0808, 0.0383, 0.0373, 0.0387, 0.0644, 0.0697, 0.0290, 0.0481,
    0.0216, 0.0813, 0.0376, 0.0540, 0.0713, 0.0646, 0.0721, 0.0712, 0.0282, 0.0807,
    0.0624, 0.1104, 0.1022, 0.1415, 0.0740, 0.0851, 0.0532, 0.0861, 0.0996, 0.1019,
    0.0731, 0.0428, 0.0919, 0.1311, 0.0834, 0.0608, 0.0928, 0.1070, 0.1195, 0.0742,
    0.0827, 0.0971, 0.0750, 0.1220, 0.1303, 0.1059, 0.1534, 0.1054, 0.1140, 0.0909,
    0.1410, 0.1146, 0.1471, 0.1359, 0.0970, 0.1109, 0.1363, 0.1386, 0.1749, 0.1183,
    0.0974, 0.1060, 0.1549, 0.1292, 0.0885, 0.1456, 0.1435, 0.1059, 0.1589,
  ]

#### sparse_actual_mean
  Points: 79
  Min: -1.9682, Max: 1.9231, Mean: 0.8707
  Data: [
    -1.2029, 1.8750, -0.6920, -1.9682, -1.9608, -1.9636, -0.8639, -0.0334, -1.9362, -0.6794,
    -0.8779, -0.6758, -1.1067, -0.0459, -1.9575, -0.0280, -0.8615, -0.1211, 0.5979, -0.4276,
    1.8750, -1.1073, 0.9174, -0.0282, 0.4412, -0.8676, -0.5140, 0.9137, 0.5913, 0.5877,
    1.3237, 0.9846, 0.9043, 1.4225, 1.4626, 1.4902, 0.6038, 0.2995, 1.8750, 1.2407,
    1.9118, 1.8750, 1.5374, 1.6472, 1.8750, 0.7896, 1.5230, 1.8750, 1.3235, 1.4633,
    1.8750, 1.9022, 1.8750, 1.8750, 1.6491, 1.8750, 1.6868, 1.6087, 1.8750, 1.8750,
    1.9118, 1.8750, 1.6630, 1.8939, 1.5860, 1.9231, 1.8939, 1.8750, 1.8750, 1.9196,
    1.9022, 1.8750, 1.8750, 1.8750, 1.9048, 1.8750, 1.8929, 1.8750, 1.8910,
  ]

#### sparse_pred_error
  Points: 79
  Min: 0.0006, Max: 1.7998, Mean: 0.1006
  Data: [
    1.7998, 0.6058, 0.3410, 0.2295, 0.1545, 0.0822, 0.2329, 0.2318, 0.1765, 0.0954,
    0.1508, 0.1487, 0.0960, 0.1201, 0.0535, 0.0148, 0.1482, 0.1296, 0.0823, 0.0359,
    0.0209, 0.1086, 0.1795, 0.1176, 0.0244, 0.0379, 0.1564, 0.1941, 0.0177, 0.0898,
    0.1558, 0.0827, 0.0624, 0.0542, 0.0898, 0.0197, 0.0409, 0.0187, 0.0196, 0.0211,
    0.0184, 0.0021, 0.0421, 0.0323, 0.0753, 0.1342, 0.0625, 0.0079, 0.0483, 0.0373,
    0.0882, 0.0597, 0.0070, 0.0459, 0.0267, 0.1122, 0.0223, 0.0509, 0.0433, 0.0819,
    0.0105, 0.0087, 0.0354, 0.0094, 0.0340, 0.0055, 0.0358, 0.0421, 0.0772, 0.0311,
    0.0288, 0.0177, 0.0027, 0.0302, 0.0220, 0.0006, 0.0123, 0.0887, 0.0185,
  ]

#### sparse_pred_mean
  Points: 79
  Min: -1.9889, Max: 1.9259, Mean: 0.8781
  Data: [
    -0.2571, 1.8273, -0.4699, -1.8322, -1.8063, -1.9889, -0.8732, -0.2477, -1.8264, -0.5993,
    -0.9842, -0.7586, -1.1251, 0.0257, -1.9350, -0.0198, -0.9736, -0.0886, 0.6506, -0.4272,
    1.8561, -1.0356, 1.0220, -0.1225, 0.4514, -0.8331, -0.3599, 0.7978, 0.5764, 0.5864,
    1.2991, 1.0582, 0.8497, 1.4200, 1.4667, 1.4749, 0.6252, 0.2877, 1.8561, 1.2497,
    1.8942, 1.8750, 1.4961, 1.6582, 1.8012, 0.6995, 1.5756, 1.8692, 1.3633, 1.4968,
    1.7962, 1.9259, 1.8789, 1.8308, 1.6295, 1.7662, 1.6653, 1.5873, 1.8376, 1.8097,
    1.9029, 1.8827, 1.6364, 1.8877, 1.6134, 1.9182, 1.8882, 1.8349, 1.8045, 1.9019,
    1.8782, 1.8756, 1.8735, 1.8607, 1.8835, 1.8750, 1.9047, 1.7911, 1.8810,
  ]

#### sparse_sign_accuracy
  Points: 79
  Min: 0.8000, Max: 1.0000, Mean: 0.9975
  Data: [
    0.8000, 1.0000, 1.0000, 1.0000, 1.0000, 1.0000, 1.0000, 1.0000, 1.0000, 1.0000,
    1.0000, 1.0000, 1.0000, 1.0000, 1.0000, 1.0000, 1.0000, 1.0000, 1.0000, 1.0000,
    1.0000, 1.0000, 1.0000, 1.0000, 1.0000, 1.0000, 1.0000, 1.0000, 1.0000, 1.0000,
    1.0000, 1.0000, 1.0000, 1.0000, 1.0000, 1.0000, 1.0000, 1.0000, 1.0000, 1.0000,
    1.0000, 1.0000, 1.0000, 1.0000, 1.0000, 1.0000, 1.0000, 1.0000, 1.0000, 1.0000,
    1.0000, 1.0000, 1.0000, 1.0000, 1.0000, 1.0000, 1.0000, 1.0000, 1.0000, 1.0000,
    1.0000, 1.0000, 1.0000, 1.0000, 1.0000, 1.0000, 1.0000, 1.0000, 1.0000, 1.0000,
    1.0000, 1.0000, 1.0000, 1.0000, 1.0000, 1.0000, 1.0000, 1.0000, 1.0000,
  ]

#### sparse_vs_nonsparse_error_ratio
  Points: 79
  Min: 0.1456, Max: 20.4726, Mean: 6.4404
  Data: [
    9.0439, 20.4726, 12.4172, 8.7124, 9.1078, 5.0033, 9.8981, 10.7727, 7.7833, 4.9876,
    5.3371, 7.0802, 5.4999, 8.0339, 3.8513, 0.5653, 8.0385, 5.9119, 5.2600, 3.6241,
    1.8046, 5.1857, 15.5794, 14.3879, 3.1609, 4.4449, 14.4519, 16.1268, 2.3763, 6.7319,
    12.8668, 8.6453, 5.8456, 7.5153, 8.4809, 3.0334, 2.9024, 1.8271, 2.0768, 1.6658,
    3.1390, 0.2599, 4.4466, 2.2109, 15.1414, 13.4737, 9.0577, 1.5417, 6.5131, 6.8364,
    10.1727, 6.6262, 1.3687, 5.6782, 4.0782, 19.2795, 1.9666, 4.9511, 8.6607, 15.6220,
    1.7999, 1.1437, 5.6297, 0.9508, 3.5469, 0.7360, 4.8229, 6.7161, 9.5297, 4.3595,
    3.7042, 1.7937, 0.3302, 5.1830, 4.1429, 0.1456, 2.8668, 16.8873, 2.9669,
  ]

#### sparse_weight_applied
  Points: 79
  Min: 21.5455, Max: 100.0000, Mean: 57.6667
  Data: [
    98.2000, 100.0000, 100.0000, 100.0000, 100.0000, 100.0000, 69.8571, 100.0000, 100.0000, 81.6667,
    69.8571, 81.6667, 57.3529, 100.0000, 100.0000, 100.0000, 69.8571, 65.1333, 100.0000, 98.2000,
    100.0000, 54.1111, 100.0000, 81.6667, 61.0000, 69.8571, 61.0000, 61.0000, 100.0000, 54.1111,
    69.8571, 38.6800, 42.1304, 28.1765, 57.3529, 48.6000, 81.6667, 51.2105, 40.3333, 40.3333,
    57.3529, 98.2000, 46.2381, 31.0000, 48.6000, 69.8571, 44.0909, 37.1538, 34.4286, 57.3529,
    48.6000, 42.1304, 54.1111, 32.0667, 31.0000, 37.1538, 25.8108, 40.3333, 34.4286, 44.0909,
    28.1765, 34.4286, 26.5556, 29.0606, 44.0909, 37.1538, 29.0606, 28.1765, 21.5455, 34.4286,
    42.1304, 37.1538, 25.1053, 30.0000, 46.2381, 26.5556, 27.3429, 37.1538, 24.4359,
  ]

#### unweighted_reward_loss
  Points: 79
  Min: 0.1407, Max: 1.8925, Mean: 0.2713
  Data: [
    1.8925, 0.5060, 0.5114, 0.4293, 0.4178, 0.3087, 0.3287, 0.4563, 0.4145, 0.3931,
    0.3550, 0.4158, 0.3904, 0.3181, 0.3976, 0.3689, 0.2927, 0.3170, 0.2684, 0.2722,
    0.2407, 0.3194, 0.2869, 0.2176, 0.2292, 0.2593, 0.2499, 0.2713, 0.2408, 0.2750,
    0.2285, 0.2435, 0.2602, 0.2124, 0.1774, 0.1957, 0.2673, 0.1801, 0.1975, 0.2106,
    0.1554, 0.1894, 0.2316, 0.2510, 0.2038, 0.2329, 0.1925, 0.1919, 0.1986, 0.1716,
    0.1918, 0.1912, 0.1702, 0.2051, 0.2058, 0.1836, 0.2225, 0.2346, 0.1710, 0.1859,
    0.1737, 0.1849, 0.1924, 0.2175, 0.2043, 0.1833, 0.2015, 0.2044, 0.2141, 0.1661,
    0.1899, 0.1780, 0.2466, 0.1758, 0.1407, 0.1939, 0.1869, 0.1790, 0.2024,
  ]

#### value_lambda_gap_abs_mean
  Points: 79
  Min: 0.1085, Max: 1.6593, Mean: 0.2793
  Data: [
    1.6593, 0.6538, 0.4048, 0.4237, 0.4361, 0.5358, 0.5639, 0.4296, 0.4200, 0.4698,
    0.4485, 0.4185, 0.3903, 0.4569, 0.4209, 0.3128, 0.4147, 0.3313, 0.3371, 0.3465,
    0.3384, 0.3134, 0.3187, 0.3841, 0.2902, 0.3223, 0.3534, 0.3381, 0.3503, 0.3089,
    0.3459, 0.3001, 0.3178, 0.2858, 0.2825, 0.2952, 0.2412, 0.2429, 0.2304, 0.2191,
    0.2107, 0.2042, 0.2065, 0.2217, 0.2291, 0.2476, 0.1496, 0.1699, 0.1782, 0.1782,
    0.1680, 0.1545, 0.1804, 0.1720, 0.1586, 0.1475, 0.1457, 0.1583, 0.1570, 0.1089,
    0.1993, 0.1496, 0.1313, 0.1722, 0.1361, 0.1528, 0.1092, 0.1246, 0.1331, 0.1247,
    0.1245, 0.1264, 0.1143, 0.1291, 0.1248, 0.1085, 0.1233, 0.1455, 0.1344,
  ]

#### value_lambda_gap_mean
  Points: 79
  Min: -1.6593, Max: 0.1099, Mean: -0.0235
  Data: [
    -1.6593, -0.3340, -0.1325, -0.1272, -0.1012, -0.0150, -0.0708, -0.1026, -0.0826, -0.0333,
    -0.1160, -0.0341, -0.0518, 0.0479, 0.0749, -0.0220, 0.1099, 0.0309, 0.0664, 0.0415,
    0.0002, -0.0240, -0.0533, 0.0183, -0.0265, 0.0129, 0.0033, 0.0708, 0.0502, -0.0004,
    0.0344, -0.0061, 0.0172, 0.0289, 0.0564, -0.0143, 0.0628, 0.0112, -0.0233, 0.0526,
    0.0251, 0.0069, 0.0282, 0.0455, 0.0082, 0.0209, -0.0073, 0.0065, -0.0128, 0.0009,
    0.0089, -0.0178, 0.0027, 0.0034, 0.0135, 0.0035, -0.0144, 0.0101, 0.0198, 0.0263,
    0.0113, 0.0048, 0.0059, 0.0526, 0.0178, 0.0117, 0.0092, 0.0270, 0.0033, 0.0267,
    0.0120, 0.0096, 0.0094, 0.0093, -0.0083, 0.0132, -0.0018, 0.0064, -0.0142,
  ]

#### weighted_reward_loss
  Points: 79
  Min: 0.2244, Max: 2.3210, Mean: 0.3615
  Data: [
    2.3210, 0.6452, 0.6523, 0.5122, 0.4811, 0.3760, 0.4997, 0.5075, 0.4792, 0.4423,
    0.4884, 0.4802, 0.4518, 0.4086, 0.4539, 0.3677, 0.4627, 0.4620, 0.3370, 0.3572,
    0.2625, 0.4244, 0.4444, 0.3640, 0.3020, 0.3589, 0.4551, 0.5389, 0.2947, 0.3779,
    0.3664, 0.3166, 0.3260, 0.2969, 0.2928, 0.2653, 0.3244, 0.2715, 0.2558, 0.2716,
    0.2311, 0.2464, 0.2894, 0.2955, 0.2957, 0.3425, 0.3363, 0.2485, 0.2910, 0.2621,
    0.3348, 0.2822, 0.2386, 0.2738, 0.2654, 0.3137, 0.2690, 0.2922, 0.2593, 0.2980,
    0.2356, 0.2466, 0.2658, 0.2602, 0.2704, 0.2385, 0.2654, 0.2714, 0.3069, 0.2406,
    0.2526, 0.2469, 0.2744, 0.2501, 0.2244, 0.2464, 0.2476, 0.2973, 0.2567,
  ]


### AUX
#### goal_accuracy
  Points: 79
  Min: 0.9325, Max: 0.9899, Mean: 0.9714
  Data: [
    0.9395, 0.9819, 0.9899, 0.9869, 0.9758, 0.9879, 0.9435, 0.9677, 0.9617, 0.9425,
    0.9738, 0.9516, 0.9657, 0.9829, 0.9798, 0.9798, 0.9698, 0.9677, 0.9869, 0.9718,
    0.9849, 0.9577, 0.9889, 0.9688, 0.9637, 0.9889, 0.9708, 0.9768, 0.9859, 0.9788,
    0.9758, 0.9597, 0.9536, 0.9798, 0.9577, 0.9597, 0.9677, 0.9698, 0.9718, 0.9667,
    0.9768, 0.9788, 0.9536, 0.9627, 0.9758, 0.9708, 0.9607, 0.9758, 0.9758, 0.9849,
    0.9758, 0.9859, 0.9677, 0.9577, 0.9688, 0.9788, 0.9466, 0.9738, 0.9808, 0.9708,
    0.9738, 0.9637, 0.9768, 0.9698, 0.9325, 0.9728, 0.9728, 0.9688, 0.9728, 0.9819,
    0.9849, 0.9718, 0.9859, 0.9607, 0.9698, 0.9738, 0.9879, 0.9869, 0.9738,
  ]

#### goal_loss
  Points: 79
  Min: 0.0275, Max: 0.2482, Mean: 0.0723
  Data: [
    0.2482, 0.0540, 0.0275, 0.0417, 0.0561, 0.0347, 0.1349, 0.0752, 0.0805, 0.1265,
    0.0698, 0.0976, 0.0751, 0.0453, 0.0650, 0.0606, 0.0667, 0.0889, 0.0448, 0.0631,
    0.0366, 0.1544, 0.0337, 0.1088, 0.0715, 0.0350, 0.0745, 0.0680, 0.0640, 0.0612,
    0.0619, 0.0935, 0.1198, 0.0589, 0.1027, 0.0952, 0.0820, 0.0819, 0.0779, 0.0771,
    0.0577, 0.0603, 0.1056, 0.0920, 0.0569, 0.0774, 0.0866, 0.0542, 0.0558, 0.0475,
    0.0464, 0.0394, 0.0757, 0.1004, 0.0698, 0.0489, 0.1336, 0.0551, 0.0569, 0.0878,
    0.0593, 0.0673, 0.0639, 0.0625, 0.1406, 0.0696, 0.0679, 0.0767, 0.0659, 0.0494,
    0.0363, 0.0681, 0.0383, 0.0837, 0.0579, 0.0492, 0.0313, 0.0324, 0.0704,
  ]

#### goal_positive_rate
  Points: 79
  Min: 0.0202, Max: 0.2833, Mean: 0.1223
  Data: [
    0.0605, 0.0202, 0.0292, 0.0202, 0.0242, 0.0202, 0.1109, 0.0585, 0.0494, 0.0867,
    0.0897, 0.0585, 0.1119, 0.0464, 0.0504, 0.0554, 0.0837, 0.0554, 0.0403, 0.0635,
    0.0323, 0.1109, 0.0423, 0.0696, 0.1139, 0.0786, 0.1028, 0.0958, 0.0282, 0.1089,
    0.0806, 0.1623, 0.1452, 0.1774, 0.0756, 0.1341, 0.0716, 0.1220, 0.1673, 0.1673,
    0.1058, 0.0746, 0.1321, 0.1895, 0.1270, 0.0756, 0.1522, 0.1764, 0.1633, 0.1169,
    0.1179, 0.1109, 0.1270, 0.1855, 0.1784, 0.1361, 0.2056, 0.1452, 0.1532, 0.1310,
    0.2228, 0.1764, 0.2429, 0.2167, 0.1210, 0.1643, 0.1905, 0.2278, 0.2833, 0.1593,
    0.1310, 0.1472, 0.2298, 0.2188, 0.1179, 0.2490, 0.1754, 0.1502, 0.2147,
  ]

#### goal_pred_positive_rate
  Points: 79
  Min: 0.0000, Max: 0.2641, Mean: 0.1153
  Data: [
    0.0000, 0.0161, 0.0272, 0.0272, 0.0403, 0.0262, 0.0544, 0.0403, 0.0534, 0.0514,
    0.0877, 0.0565, 0.0837, 0.0373, 0.0363, 0.0575, 0.0675, 0.0413, 0.0454, 0.0696,
    0.0333, 0.0806, 0.0333, 0.0464, 0.0958, 0.0756, 0.0776, 0.0948, 0.0282, 0.0978,
    0.0786, 0.1482, 0.1109, 0.1633, 0.1018, 0.1018, 0.0796, 0.1018, 0.1552, 0.1583,
    0.1129, 0.0716, 0.1079, 0.1603, 0.1310, 0.0806, 0.1411, 0.1764, 0.1673, 0.1280,
    0.1099, 0.1089, 0.1552, 0.1694, 0.1714, 0.1310, 0.1966, 0.1573, 0.1542, 0.1260,
    0.2107, 0.1683, 0.2319, 0.2147, 0.1462, 0.1532, 0.1835, 0.2288, 0.2641, 0.1532,
    0.1381, 0.1694, 0.2198, 0.1996, 0.0938, 0.2490, 0.1794, 0.1411, 0.2248,
  ]

#### puck_goal_dist_actual_mean
  Points: 79
  Min: 2.1971, Max: 3.6540, Mean: 2.8253
  Data: [
    3.4831, 3.4798, 3.6073, 3.6146, 3.6540, 3.0627, 3.1147, 3.4288, 3.6205, 3.3585,
    3.1009, 3.4393, 3.2039, 3.1738, 3.4583, 3.5577, 2.8645, 2.9342, 2.9845, 3.2129,
    2.9252, 3.0179, 3.2195, 2.8293, 2.8922, 3.0282, 3.1371, 2.7049, 3.0461, 2.9271,
    2.8665, 2.5874, 3.0246, 2.5106, 2.7489, 2.7416, 2.7799, 2.5758, 2.6349, 2.5648,
    2.5575, 2.6110, 2.7561, 2.5697, 3.0078, 3.1381, 2.5330, 2.6947, 2.5661, 2.5865,
    2.6001, 2.5680, 2.4860, 2.7869, 2.6641, 2.5012, 2.6363, 2.8250, 2.6899, 2.5912,
    2.4778, 2.5142, 2.4040, 2.5356, 2.7339, 2.5149, 2.3582, 2.5826, 2.1971, 2.4734,
    2.3523, 2.3726, 2.6101, 2.4832, 2.3133, 2.4372, 2.4152, 2.5529, 2.3839,
  ]

#### puck_goal_dist_error
  Points: 79
  Min: 0.0749, Max: 1.2252, Mean: 0.1236
  Data: [
    1.2252, 0.2602, 0.1277, 0.1516, 0.1323, 0.1843, 0.1572, 0.1211, 0.1453, 0.1388,
    0.1371, 0.1241, 0.1322, 0.1247, 0.1223, 0.1291, 0.1225, 0.1192, 0.1349, 0.1396,
    0.1421, 0.1238, 0.1121, 0.1293, 0.1245, 0.1131, 0.1315, 0.1249, 0.1129, 0.1110,
    0.1264, 0.0985, 0.1120, 0.1042, 0.0991, 0.0968, 0.1086, 0.1026, 0.1037, 0.1018,
    0.0969, 0.1092, 0.1146, 0.1010, 0.1071, 0.1063, 0.0941, 0.0897, 0.0862, 0.0978,
    0.0900, 0.0924, 0.0898, 0.0851, 0.0921, 0.1029, 0.0788, 0.0961, 0.0859, 0.0864,
    0.0927, 0.0950, 0.0758, 0.0885, 0.0888, 0.0922, 0.0840, 0.0830, 0.0785, 0.0777,
    0.1063, 0.0855, 0.0883, 0.0911, 0.0953, 0.0810, 0.0749, 0.0925, 0.0823,
  ]

#### puck_goal_dist_loss
  Points: 79
  Min: 0.0125, Max: 2.6601, Mean: 0.0607
  Data: [
    2.6601, 0.1183, 0.0380, 0.0421, 0.0398, 0.0647, 0.0484, 0.0342, 0.0377, 0.0419,
    0.0389, 0.0352, 0.0388, 0.0316, 0.0310, 0.0343, 0.0348, 0.0314, 0.0420, 0.0409,
    0.0410, 0.0326, 0.0308, 0.0367, 0.0356, 0.0268, 0.0329, 0.0407, 0.0307, 0.0293,
    0.0326, 0.0222, 0.0263, 0.0225, 0.0221, 0.0202, 0.0306, 0.0211, 0.0252, 0.0215,
    0.0200, 0.0256, 0.0314, 0.0202, 0.0245, 0.0248, 0.0201, 0.0202, 0.0186, 0.0183,
    0.0169, 0.0194, 0.0184, 0.0155, 0.0202, 0.0236, 0.0193, 0.0164, 0.0168, 0.0152,
    0.0200, 0.0169, 0.0133, 0.0178, 0.0177, 0.0195, 0.0147, 0.0145, 0.0128, 0.0125,
    0.0231, 0.0240, 0.0189, 0.0159, 0.0208, 0.0141, 0.0131, 0.0188, 0.0137,
  ]

#### puck_goal_dist_pred_mean
  Points: 79
  Min: 2.2070, Max: 3.7041, Mean: 2.8358
  Data: [
    3.5299, 3.6452, 3.5759, 3.6783, 3.6676, 3.1790, 3.1179, 3.4452, 3.7041, 3.3270,
    3.1155, 3.4193, 3.1744, 3.1631, 3.4559, 3.5636, 2.9210, 2.9590, 3.0052, 3.1495,
    2.9365, 2.9924, 3.2356, 2.8864, 2.8586, 3.0308, 3.1985, 2.7470, 3.0479, 2.9329,
    2.8647, 2.5797, 3.0048, 2.5355, 2.7335, 2.7719, 2.7711, 2.5727, 2.6666, 2.5910,
    2.5881, 2.6124, 2.7433, 2.5695, 2.9587, 3.1336, 2.5201, 2.6936, 2.5663, 2.6323,
    2.5619, 2.5489, 2.4877, 2.7835, 2.6878, 2.5362, 2.6513, 2.8587, 2.7188, 2.5822,
    2.4868, 2.5525, 2.4086, 2.5585, 2.7220, 2.5090, 2.3685, 2.5737, 2.2070, 2.4590,
    2.4168, 2.3777, 2.6274, 2.4750, 2.3401, 2.4273, 2.4086, 2.5611, 2.3619,
  ]

#### shot_quality_actual_mean
  Points: 79
  Min: 0.0439, Max: 0.2042, Mean: 0.1233
  Data: [
    0.0715, 0.0528, 0.0451, 0.0684, 0.0593, 0.1247, 0.1080, 0.0555, 0.0439, 0.0652,
    0.0904, 0.0582, 0.0782, 0.1017, 0.0690, 0.0630, 0.1067, 0.1187, 0.1208, 0.0786,
    0.0929, 0.1179, 0.1091, 0.1169, 0.1294, 0.1140, 0.0964, 0.1236, 0.0907, 0.1018,
    0.1336, 0.1503, 0.0988, 0.1641, 0.1513, 0.1263, 0.1209, 0.1381, 0.1466, 0.1382,
    0.1481, 0.1190, 0.1358, 0.1605, 0.1132, 0.0999, 0.1318, 0.1301, 0.1293, 0.1310,
    0.1274, 0.1309, 0.1471, 0.1240, 0.1483, 0.1515, 0.1510, 0.1231, 0.1344, 0.1349,
    0.1477, 0.1536, 0.1694, 0.1581, 0.1174, 0.1415, 0.1964, 0.1571, 0.2042, 0.1653,
    0.1553, 0.1532, 0.1562, 0.1603, 0.1610, 0.1503, 0.1603, 0.1465, 0.1735,
  ]

#### shot_quality_loss
  Points: 79
  Min: 0.0004, Max: 0.0283, Mean: 0.0013
  Data: [
    0.0283, 0.0019, 0.0011, 0.0010, 0.0010, 0.0019, 0.0013, 0.0010, 0.0012, 0.0012,
    0.0012, 0.0007, 0.0010, 0.0009, 0.0011, 0.0012, 0.0014, 0.0010, 0.0015, 0.0008,
    0.0012, 0.0015, 0.0007, 0.0010, 0.0009, 0.0013, 0.0008, 0.0009, 0.0010, 0.0007,
    0.0010, 0.0012, 0.0008, 0.0009, 0.0011, 0.0012, 0.0008, 0.0016, 0.0018, 0.0009,
    0.0008, 0.0011, 0.0011, 0.0010, 0.0006, 0.0007, 0.0009, 0.0008, 0.0008, 0.0008,
    0.0005, 0.0007, 0.0008, 0.0007, 0.0008, 0.0010, 0.0004, 0.0006, 0.0006, 0.0005,
    0.0008, 0.0011, 0.0006, 0.0007, 0.0005, 0.0007, 0.0007, 0.0007, 0.0007, 0.0011,
    0.0007, 0.0007, 0.0008, 0.0008, 0.0011, 0.0004, 0.0007, 0.0007, 0.0009,
  ]

#### shot_quality_pred_mean
  Points: 79
  Min: 0.0451, Max: 0.2043, Mean: 0.1234
  Data: [
    0.0581, 0.0483, 0.0468, 0.0700, 0.0639, 0.1203, 0.1014, 0.0571, 0.0451, 0.0602,
    0.0960, 0.0567, 0.0769, 0.1040, 0.0699, 0.0609, 0.1072, 0.1187, 0.1236, 0.0845,
    0.0934, 0.1192, 0.1083, 0.1156, 0.1331, 0.1152, 0.0939, 0.1230, 0.0933, 0.1005,
    0.1334, 0.1517, 0.1025, 0.1648, 0.1483, 0.1252, 0.1230, 0.1415, 0.1423, 0.1409,
    0.1461, 0.1195, 0.1425, 0.1617, 0.1157, 0.0967, 0.1357, 0.1314, 0.1300, 0.1319,
    0.1313, 0.1308, 0.1464, 0.1228, 0.1481, 0.1481, 0.1490, 0.1244, 0.1331, 0.1374,
    0.1520, 0.1528, 0.1676, 0.1571, 0.1158, 0.1423, 0.1972, 0.1587, 0.2043, 0.1635,
    0.1519, 0.1536, 0.1520, 0.1599, 0.1592, 0.1503, 0.1623, 0.1469, 0.1784,
  ]

#### total_loss
  Points: 79
  Min: 0.0450, Max: 2.9365, Mean: 0.1343
  Data: [
    2.9365, 0.1742, 0.0666, 0.0848, 0.0969, 0.1014, 0.1846, 0.1104, 0.1195, 0.1696,
    0.1099, 0.1336, 0.1149, 0.0778, 0.0971, 0.0961, 0.1028, 0.1213, 0.0883, 0.1048,
    0.0787, 0.1884, 0.0652, 0.1465, 0.1081, 0.0630, 0.1082, 0.1096, 0.0957, 0.0912,
    0.0955, 0.1169, 0.1469, 0.0823, 0.1259, 0.1166, 0.1134, 0.1046, 0.1049, 0.0995,
    0.0785, 0.0869, 0.1381, 0.1132, 0.0820, 0.1029, 0.1076, 0.0752, 0.0751, 0.0666,
    0.0638, 0.0595, 0.0949, 0.1166, 0.0907, 0.0735, 0.1534, 0.0720, 0.0743, 0.1035,
    0.0800, 0.0853, 0.0777, 0.0810, 0.1588, 0.0899, 0.0833, 0.0919, 0.0795, 0.0631,
    0.0601, 0.0928, 0.0580, 0.1003, 0.0798, 0.0637, 0.0450, 0.0519, 0.0849,
  ]

