================================================================================
W&B RUN DATA: ABLATION-dreamsmooth-OFF_weak_seed42_20260129_234649
================================================================================

## RUN METADATA
Run ID: btbmvkho
Created: 2026-01-29T22:46:51Z
State: crashed
Duration: 65764.947005287 seconds

## CONFIGURATION
  [Environment]
    opponent: weak
  [Training]
    batch_size: 32
    batch_length: 32
    imagination_horizon: 15
    discount: 0.997
  [Entropy]
    entropy_scale: 0.0003
  [Self-Play]
    self_play_pool_size: 10
    self_play_save_interval: 500
    self_play_weak_ratio: 0.3
    use_pfsp: False
    pfsp_mode: variance
  [Architecture]
    recurrent_size: 256
    latent_length: 16
    latent_classes: 16
  [Meta]
    seed: 42
    algorithm: DreamerV3

## FINAL SUMMARY
  runtime: 18.27 hours (65765 seconds)

## NOTE: Data reduced (fraction=1.0, max_points=1666)

## METRICS DATA

### STATS
#### buffer_size
  Points: 91
  Min: 16749.0000, Max: 250000.0000, Mean: 227940.1978
  Data: [
    16749.0000, 32682.0000, 46232.0000, 59636.0000, 73621.0000, 87605.0000, 101139.0000, 115171.0000, 130213.0000, 144448.0000,
    159404.0000, 175375.0000, 190835.0000, 205410.0000, 218844.0000, 235194.0000, 250000.0000, 250000.0000, 250000.0000, 250000.0000,
    250000.0000, 250000.0000, 250000.0000, 250000.0000, 250000.0000, 250000.0000, 250000.0000, 250000.0000, 250000.0000, 250000.0000,
    250000.0000, 250000.0000, 250000.0000, 250000.0000, 250000.0000, 250000.0000, 250000.0000, 250000.0000, 250000.0000, 250000.0000,
    250000.0000, 250000.0000, 250000.0000, 250000.0000, 250000.0000, 250000.0000, 250000.0000, 250000.0000, 250000.0000, 250000.0000,
    250000.0000, 250000.0000, 250000.0000, 250000.0000, 250000.0000, 250000.0000, 250000.0000, 250000.0000, 250000.0000, 250000.0000,
    250000.0000, 250000.0000, 250000.0000, 250000.0000, 250000.0000, 250000.0000, 250000.0000, 250000.0000, 250000.0000, 250000.0000,
    250000.0000, 250000.0000, 250000.0000, 250000.0000, 250000.0000, 250000.0000, 250000.0000, 250000.0000, 250000.0000, 250000.0000,
    250000.0000, 250000.0000, 250000.0000, 250000.0000, 250000.0000, 250000.0000, 250000.0000, 250000.0000, 250000.0000, 250000.0000,
    250000.0000,
  ]

#### draws
  Points: 91
  Min: 0.0000, Max: 1247.0000, Mean: 862.4615
  Data: [
    0.0000, 49.0000, 80.0000, 109.0000, 144.0000, 172.0000, 203.0000, 231.0000, 264.0000, 293.0000,
    333.0000, 377.0000, 412.0000, 442.0000, 468.0000, 506.0000, 540.0000, 577.0000, 616.0000, 655.0000,
    679.0000, 706.0000, 725.0000, 752.0000, 779.0000, 798.0000, 819.0000, 828.0000, 841.0000, 854.0000,
    864.0000, 884.0000, 893.0000, 897.0000, 908.0000, 912.0000, 919.0000, 931.0000, 934.0000, 938.0000,
    948.0000, 955.0000, 956.0000, 963.0000, 968.0000, 975.0000, 977.0000, 981.0000, 987.0000, 989.0000,
    994.0000, 1000.0000, 1002.0000, 1004.0000, 1013.0000, 1017.0000, 1027.0000, 1032.0000, 1040.0000, 1045.0000,
    1048.0000, 1052.0000, 1057.0000, 1062.0000, 1066.0000, 1071.0000, 1075.0000, 1079.0000, 1083.0000, 1087.0000,
    1096.0000, 1103.0000, 1111.0000, 1123.0000, 1126.0000, 1137.0000, 1141.0000, 1148.0000, 1155.0000, 1160.0000,
    1171.0000, 1177.0000, 1185.0000, 1194.0000, 1205.0000, 1211.0000, 1217.0000, 1224.0000, 1232.0000, 1236.0000,
    1247.0000,
  ]

#### env_steps
  Points: 91
  Min: 32.0000, Max: 938543.0000, Mean: 513899.7143
  Data: [
    32.0000, 15965.0000, 29515.0000, 42919.0000, 56904.0000, 70888.0000, 84422.0000, 98454.0000, 113496.0000, 127731.0000,
    142687.0000, 158658.0000, 174118.0000, 188693.0000, 202127.0000, 218477.0000, 234219.0000, 250103.0000, 266157.0000, 282063.0000,
    294710.0000, 308118.0000, 320522.0000, 332957.0000, 346272.0000, 357222.0000, 368708.0000, 378423.0000, 387789.0000, 398987.0000,
    408296.0000, 419044.0000, 428323.0000, 436602.0000, 445459.0000, 453737.0000, 461243.0000, 470458.0000, 478570.0000, 485606.0000,
    494281.0000, 502533.0000, 509671.0000, 517873.0000, 525469.0000, 533871.0000, 541550.0000, 548815.0000, 557109.0000, 564382.0000,
    572450.0000, 580403.0000, 587726.0000, 594784.0000, 604002.0000, 612432.0000, 622647.0000, 631539.0000, 641295.0000, 649776.0000,
    658800.0000, 668297.0000, 676781.0000, 685094.0000, 693491.0000, 702670.0000, 710611.0000, 719120.0000, 727907.0000, 735490.0000,
    744892.0000, 753849.0000, 763302.0000, 773784.0000, 782946.0000, 793681.0000, 802841.0000, 811406.0000, 821357.0000, 830215.0000,
    840259.0000, 849918.0000, 860813.0000, 870093.0000, 879438.0000, 888313.0000, 897705.0000, 907782.0000, 917489.0000, 926705.0000,
    938543.0000,
  ]

#### episodes
  Points: 91
  Min: 101.0000, Max: 9101.0000, Mean: 4601.0000
  Data: [
    101.0000, 201.0000, 301.0000, 401.0000, 501.0000, 601.0000, 701.0000, 801.0000, 901.0000, 1001.0000,
    1101.0000, 1201.0000, 1301.0000, 1401.0000, 1501.0000, 1601.0000, 1701.0000, 1801.0000, 1901.0000, 2001.0000,
    2101.0000, 2201.0000, 2301.0000, 2401.0000, 2501.0000, 2601.0000, 2701.0000, 2801.0000, 2901.0000, 3001.0000,
    3101.0000, 3201.0000, 3301.0000, 3401.0000, 3501.0000, 3601.0000, 3701.0000, 3801.0000, 3901.0000, 4001.0000,
    4101.0000, 4201.0000, 4301.0000, 4401.0000, 4501.0000, 4601.0000, 4701.0000, 4801.0000, 4901.0000, 5001.0000,
    5101.0000, 5201.0000, 5301.0000, 5401.0000, 5501.0000, 5601.0000, 5701.0000, 5801.0000, 5901.0000, 6001.0000,
    6101.0000, 6201.0000, 6301.0000, 6401.0000, 6501.0000, 6601.0000, 6701.0000, 6801.0000, 6901.0000, 7001.0000,
    7101.0000, 7201.0000, 7301.0000, 7401.0000, 7501.0000, 7601.0000, 7701.0000, 7801.0000, 7901.0000, 8001.0000,
    8101.0000, 8201.0000, 8301.0000, 8401.0000, 8501.0000, 8601.0000, 8701.0000, 8801.0000, 8901.0000, 9001.0000,
    9101.0000,
  ]

#### gradient_steps
  Points: 91
  Min: 32.0000, Max: 288032.0000, Mean: 144032.0000
  Data: [
    32.0000, 3232.0000, 6432.0000, 9632.0000, 12832.0000, 16032.0000, 19232.0000, 22432.0000, 25632.0000, 28832.0000,
    32032.0000, 35232.0000, 38432.0000, 41632.0000, 44832.0000, 48032.0000, 51232.0000, 54432.0000, 57632.0000, 60832.0000,
    64032.0000, 67232.0000, 70432.0000, 73632.0000, 76832.0000, 80032.0000, 83232.0000, 86432.0000, 89632.0000, 92832.0000,
    96032.0000, 99232.0000, 102432.0000, 105632.0000, 108832.0000, 112032.0000, 115232.0000, 118432.0000, 121632.0000, 124832.0000,
    128032.0000, 131232.0000, 134432.0000, 137632.0000, 140832.0000, 144032.0000, 147232.0000, 150432.0000, 153632.0000, 156832.0000,
    160032.0000, 163232.0000, 166432.0000, 169632.0000, 172832.0000, 176032.0000, 179232.0000, 182432.0000, 185632.0000, 188832.0000,
    192032.0000, 195232.0000, 198432.0000, 201632.0000, 204832.0000, 208032.0000, 211232.0000, 214432.0000, 217632.0000, 220832.0000,
    224032.0000, 227232.0000, 230432.0000, 233632.0000, 236832.0000, 240032.0000, 243232.0000, 246432.0000, 249632.0000, 252832.0000,
    256032.0000, 259232.0000, 262432.0000, 265632.0000, 268832.0000, 272032.0000, 275232.0000, 278432.0000, 281632.0000, 284832.0000,
    288032.0000,
  ]

#### losses
  Points: 91
  Min: 1.0000, Max: 1013.0000, Mean: 812.6374
  Data: [
    1.0000, 44.0000, 95.0000, 152.0000, 207.0000, 255.0000, 298.0000, 355.0000, 399.0000, 452.0000,
    484.0000, 513.0000, 543.0000, 575.0000, 606.0000, 638.0000, 662.0000, 684.0000, 708.0000, 724.0000,
    743.0000, 764.0000, 787.0000, 808.0000, 826.0000, 837.0000, 848.0000, 859.0000, 869.0000, 874.0000,
    876.0000, 880.0000, 884.0000, 885.0000, 887.0000, 890.0000, 892.0000, 892.0000, 895.0000, 896.0000,
    896.0000, 900.0000, 903.0000, 904.0000, 905.0000, 906.0000, 906.0000, 907.0000, 909.0000, 912.0000,
    913.0000, 914.0000, 916.0000, 917.0000, 919.0000, 920.0000, 922.0000, 924.0000, 925.0000, 926.0000,
    930.0000, 934.0000, 940.0000, 944.0000, 946.0000, 949.0000, 953.0000, 959.0000, 962.0000, 963.0000,
    965.0000, 969.0000, 971.0000, 973.0000, 974.0000, 977.0000, 980.0000, 981.0000, 982.0000, 983.0000,
    984.0000, 988.0000, 992.0000, 993.0000, 996.0000, 996.0000, 1001.0000, 1003.0000, 1006.0000, 1012.0000,
    1013.0000,
  ]

#### mean_reward
  Points: 91
  Min: -20.5694, Max: 8.9170, Mean: 4.3563
  Data: [
    -10.9502, -20.5694, -12.2703, -10.1405, -11.3785, -8.0577, -7.0346, -8.4284, -6.0110, -6.6929,
    -4.0186, -3.1715, -2.1981, -2.1196, -1.1052, -2.9467, -0.6145, -0.5363, -1.0330, 0.7087,
    1.8420, 0.9082, 1.2240, 1.1063, 1.5129, 4.1054, 3.7806, 5.4221, 5.1527, 6.0335,
    7.2398, 5.5631, 6.7616, 8.1096, 7.2656, 7.7779, 7.9170, 7.4973, 8.1142, 8.5821,
    7.9500, 7.4297, 8.4641, 8.0995, 8.4441, 8.1213, 8.9170, 8.6340, 7.9191, 8.3621,
    8.4948, 8.2092, 8.6037, 8.8833, 7.7674, 8.5468, 7.6128, 8.2419, 8.0398, 8.4459,
    7.9587, 7.7309, 7.3571, 7.7996, 8.2836, 7.9420, 7.9573, 7.5846, 8.2102, 8.5936,
    7.7132, 7.4945, 7.9290, 7.3875, 8.6873, 7.1746, 8.0614, 8.1629, 8.1310, 8.4573,
    7.8449, 7.6359, 7.3430, 8.1119, 7.3610, 8.4747, 7.5096, 8.0015, 7.7097, 7.5256,
    7.7593,
  ]

#### opponent_selfplay_count
  Points: 91
  Min: 0.0000, Max: 0.0000, Mean: 0.0000
  Data: [
    0.0000, 0.0000, 0.0000, 0.0000, 0.0000, 0.0000, 0.0000, 0.0000, 0.0000, 0.0000,
    0.0000, 0.0000, 0.0000, 0.0000, 0.0000, 0.0000, 0.0000, 0.0000, 0.0000, 0.0000,
    0.0000, 0.0000, 0.0000, 0.0000, 0.0000, 0.0000, 0.0000, 0.0000, 0.0000, 0.0000,
    0.0000, 0.0000, 0.0000, 0.0000, 0.0000, 0.0000, 0.0000, 0.0000, 0.0000, 0.0000,
    0.0000, 0.0000, 0.0000, 0.0000, 0.0000, 0.0000, 0.0000, 0.0000, 0.0000, 0.0000,
    0.0000, 0.0000, 0.0000, 0.0000, 0.0000, 0.0000, 0.0000, 0.0000, 0.0000, 0.0000,
    0.0000, 0.0000, 0.0000, 0.0000, 0.0000, 0.0000, 0.0000, 0.0000, 0.0000, 0.0000,
    0.0000, 0.0000, 0.0000, 0.0000, 0.0000, 0.0000, 0.0000, 0.0000, 0.0000, 0.0000,
    0.0000, 0.0000, 0.0000, 0.0000, 0.0000, 0.0000, 0.0000, 0.0000, 0.0000, 0.0000,
    0.0000,
  ]

#### opponent_strong_count
  Points: 91
  Min: 0.0000, Max: 4401.0000, Mean: 2212.0879
  Data: [
    0.0000, 46.0000, 99.0000, 152.0000, 199.0000, 251.0000, 297.0000, 353.0000, 399.0000, 452.0000,
    509.0000, 562.0000, 607.0000, 663.0000, 714.0000, 764.0000, 813.0000, 866.0000, 921.0000, 963.0000,
    1009.0000, 1057.0000, 1104.0000, 1159.0000, 1209.0000, 1257.0000, 1305.0000, 1345.0000, 1395.0000, 1450.0000,
    1499.0000, 1547.0000, 1584.0000, 1633.0000, 1685.0000, 1731.0000, 1777.0000, 1833.0000, 1876.0000, 1923.0000,
    1970.0000, 2014.0000, 2060.0000, 2107.0000, 2149.0000, 2200.0000, 2250.0000, 2289.0000, 2340.0000, 2392.0000,
    2441.0000, 2494.0000, 2541.0000, 2595.0000, 2642.0000, 2691.0000, 2738.0000, 2781.0000, 2830.0000, 2877.0000,
    2930.0000, 2980.0000, 3022.0000, 3078.0000, 3137.0000, 3180.0000, 3234.0000, 3281.0000, 3331.0000, 3386.0000,
    3436.0000, 3493.0000, 3539.0000, 3587.0000, 3638.0000, 3675.0000, 3728.0000, 3777.0000, 3827.0000, 3871.0000,
    3922.0000, 3973.0000, 4014.0000, 4064.0000, 4112.0000, 4158.0000, 4207.0000, 4255.0000, 4305.0000, 4350.0000,
    4401.0000,
  ]

#### opponent_weak_count
  Points: 91
  Min: 1.0000, Max: 4600.0000, Mean: 2288.9121
  Data: [
    1.0000, 55.0000, 102.0000, 149.0000, 202.0000, 250.0000, 304.0000, 348.0000, 402.0000, 449.0000,
    492.0000, 539.0000, 594.0000, 638.0000, 687.0000, 737.0000, 788.0000, 835.0000, 880.0000, 938.0000,
    992.0000, 1044.0000, 1097.0000, 1142.0000, 1192.0000, 1244.0000, 1296.0000, 1356.0000, 1406.0000, 1451.0000,
    1502.0000, 1554.0000, 1617.0000, 1668.0000, 1716.0000, 1770.0000, 1824.0000, 1868.0000, 1925.0000, 1978.0000,
    2031.0000, 2087.0000, 2141.0000, 2194.0000, 2252.0000, 2301.0000, 2351.0000, 2412.0000, 2461.0000, 2509.0000,
    2560.0000, 2607.0000, 2660.0000, 2706.0000, 2759.0000, 2810.0000, 2863.0000, 2920.0000, 2971.0000, 3024.0000,
    3071.0000, 3121.0000, 3179.0000, 3223.0000, 3264.0000, 3321.0000, 3367.0000, 3420.0000, 3470.0000, 3515.0000,
    3565.0000, 3608.0000, 3662.0000, 3714.0000, 3763.0000, 3826.0000, 3873.0000, 3924.0000, 3974.0000, 4030.0000,
    4079.0000, 4128.0000, 4187.0000, 4237.0000, 4289.0000, 4343.0000, 4394.0000, 4446.0000, 4496.0000, 4551.0000,
    4600.0000,
  ]

#### win_rate
  Points: 91
  Min: 0.0000, Max: 0.9800, Mean: 0.7408
  Data: [
    0.0000, 0.0800, 0.1800, 0.1400, 0.1000, 0.2400, 0.2600, 0.1500, 0.2300, 0.1800,
    0.2800, 0.2700, 0.3500, 0.3800, 0.4300, 0.3000, 0.4200, 0.4100, 0.3700, 0.4500,
    0.5700, 0.5200, 0.5800, 0.5200, 0.5500, 0.7000, 0.6800, 0.8000, 0.7700, 0.8200,
    0.8800, 0.7600, 0.8700, 0.9500, 0.8700, 0.9300, 0.9100, 0.8800, 0.9400, 0.9500,
    0.9000, 0.8900, 0.9600, 0.9200, 0.9400, 0.9200, 0.9800, 0.9500, 0.9200, 0.9500,
    0.9400, 0.9300, 0.9600, 0.9700, 0.8900, 0.9500, 0.8800, 0.9300, 0.9100, 0.9400,
    0.9300, 0.9200, 0.8900, 0.9100, 0.9400, 0.9200, 0.9200, 0.9000, 0.9300, 0.9500,
    0.8900, 0.8900, 0.9000, 0.8600, 0.9600, 0.8600, 0.9300, 0.9200, 0.9200, 0.9400,
    0.8800, 0.9000, 0.8800, 0.9000, 0.8600, 0.9400, 0.8900, 0.9100, 0.8900, 0.9000,
    0.8800,
  ]

#### wins
  Points: 91
  Min: 0.0000, Max: 6741.0000, Mean: 2825.9011
  Data: [
    0.0000, 8.0000, 26.0000, 40.0000, 50.0000, 74.0000, 100.0000, 115.0000, 138.0000, 156.0000,
    184.0000, 211.0000, 246.0000, 284.0000, 327.0000, 357.0000, 399.0000, 440.0000, 477.0000, 522.0000,
    579.0000, 631.0000, 689.0000, 741.0000, 796.0000, 866.0000, 934.0000, 1014.0000, 1091.0000, 1173.0000,
    1261.0000, 1337.0000, 1424.0000, 1519.0000, 1606.0000, 1699.0000, 1790.0000, 1878.0000, 1972.0000, 2067.0000,
    2157.0000, 2246.0000, 2342.0000, 2434.0000, 2528.0000, 2620.0000, 2718.0000, 2813.0000, 2905.0000, 3000.0000,
    3094.0000, 3187.0000, 3283.0000, 3380.0000, 3469.0000, 3564.0000, 3652.0000, 3745.0000, 3836.0000, 3930.0000,
    4023.0000, 4115.0000, 4204.0000, 4295.0000, 4389.0000, 4481.0000, 4573.0000, 4663.0000, 4756.0000, 4851.0000,
    4940.0000, 5029.0000, 5119.0000, 5205.0000, 5301.0000, 5387.0000, 5480.0000, 5572.0000, 5664.0000, 5758.0000,
    5846.0000, 5936.0000, 6024.0000, 6114.0000, 6200.0000, 6294.0000, 6383.0000, 6474.0000, 6563.0000, 6653.0000,
    6741.0000,
  ]


### EPISODE
#### draw_rate_100
  Points: 91
  Min: 0.0000, Max: 0.0200, Mean: 0.0009
  Data: [
    0.0000, 0.0000, 0.0100, 0.0000, 0.0000, 0.0000, 0.0000, 0.0000, 0.0000, 0.0000,
    0.0000, 0.0000, 0.0000, 0.0000, 0.0000, 0.0000, 0.0000, 0.0000, 0.0000, 0.0000,
    0.0000, 0.0000, 0.0000, 0.0000, 0.0000, 0.0000, 0.0000, 0.0000, 0.0000, 0.0000,
    0.0000, 0.0000, 0.0000, 0.0000, 0.0000, 0.0100, 0.0000, 0.0000, 0.0000, 0.0000,
    0.0000, 0.0000, 0.0000, 0.0000, 0.0000, 0.0000, 0.0000, 0.0000, 0.0000, 0.0000,
    0.0000, 0.0100, 0.0000, 0.0000, 0.0000, 0.0000, 0.0000, 0.0100, 0.0000, 0.0000,
    0.0000, 0.0000, 0.0000, 0.0000, 0.0000, 0.0000, 0.0000, 0.0000, 0.0000, 0.0000,
    0.0000, 0.0000, 0.0000, 0.0000, 0.0100, 0.0000, 0.0000, 0.0000, 0.0100, 0.0000,
    0.0000, 0.0000, 0.0000, 0.0000, 0.0000, 0.0000, 0.0000, 0.0200, 0.0000, 0.0000,
    0.0000,
  ]

#### length_max
  Points: 91
  Min: 32.0000, Max: 251.0000, Mean: 248.5934
  Data: [
    32.0000, 251.0000, 251.0000, 251.0000, 251.0000, 251.0000, 251.0000, 251.0000, 251.0000, 251.0000,
    251.0000, 251.0000, 251.0000, 251.0000, 251.0000, 251.0000, 251.0000, 251.0000, 251.0000, 251.0000,
    251.0000, 251.0000, 251.0000, 251.0000, 251.0000, 251.0000, 251.0000, 251.0000, 251.0000, 251.0000,
    251.0000, 251.0000, 251.0000, 251.0000, 251.0000, 251.0000, 251.0000, 251.0000, 251.0000, 251.0000,
    251.0000, 251.0000, 251.0000, 251.0000, 251.0000, 251.0000, 251.0000, 251.0000, 251.0000, 251.0000,
    251.0000, 251.0000, 251.0000, 251.0000, 251.0000, 251.0000, 251.0000, 251.0000, 251.0000, 251.0000,
    251.0000, 251.0000, 251.0000, 251.0000, 251.0000, 251.0000, 251.0000, 251.0000, 251.0000, 251.0000,
    251.0000, 251.0000, 251.0000, 251.0000, 251.0000, 251.0000, 251.0000, 251.0000, 251.0000, 251.0000,
    251.0000, 251.0000, 251.0000, 251.0000, 251.0000, 251.0000, 251.0000, 251.0000, 251.0000, 251.0000,
    251.0000,
  ]

#### length_mean
  Points: 91
  Min: 32.0000, Max: 163.5000, Mean: 103.4847
  Data: [
    32.0000, 159.3300, 135.5000, 134.0400, 139.8500, 139.8400, 135.3400, 140.3200, 150.4200, 142.3500,
    149.5600, 159.7100, 154.6000, 145.7500, 134.3400, 163.5000, 157.4200, 158.8400, 160.5400, 159.0600,
    126.4700, 134.0800, 124.0400, 124.3500, 133.1500, 109.5000, 114.8600, 97.1500, 93.6600, 111.9800,
    93.0900, 107.4800, 92.7900, 82.7900, 88.5700, 82.7800, 75.0600, 92.1500, 81.1200, 70.3600,
    86.7500, 82.5200, 71.3800, 82.0200, 75.9600, 84.0200, 76.7900, 72.6500, 82.9400, 72.7300,
    80.6800, 79.5300, 73.2300, 70.5800, 92.1800, 84.3000, 102.1500, 88.9200, 97.5600, 84.8100,
    90.2400, 94.9700, 84.8400, 83.1300, 83.9700, 91.7900, 79.4100, 85.0900, 87.8700, 75.8300,
    94.0200, 89.5700, 94.5300, 104.8200, 91.6200, 107.3500, 91.6000, 85.6500, 99.5100, 88.5800,
    100.4400, 96.5900, 108.9500, 92.8000, 93.4500, 88.7500, 93.9200, 100.7700, 97.0700, 92.1600,
    118.3800,
  ]

#### length_min
  Points: 91
  Min: 16.0000, Max: 39.0000, Mean: 30.1209
  Data: [
    32.0000, 30.0000, 26.0000, 21.0000, 30.0000, 27.0000, 21.0000, 28.0000, 16.0000, 27.0000,
    26.0000, 25.0000, 25.0000, 26.0000, 25.0000, 26.0000, 24.0000, 26.0000, 26.0000, 26.0000,
    27.0000, 25.0000, 16.0000, 25.0000, 25.0000, 25.0000, 25.0000, 25.0000, 27.0000, 27.0000,
    29.0000, 28.0000, 27.0000, 30.0000, 30.0000, 30.0000, 29.0000, 30.0000, 30.0000, 30.0000,
    32.0000, 31.0000, 34.0000, 29.0000, 34.0000, 33.0000, 27.0000, 34.0000, 32.0000, 33.0000,
    35.0000, 30.0000, 33.0000, 33.0000, 30.0000, 34.0000, 33.0000, 36.0000, 36.0000, 28.0000,
    37.0000, 36.0000, 28.0000, 38.0000, 37.0000, 38.0000, 30.0000, 37.0000, 34.0000, 36.0000,
    26.0000, 33.0000, 36.0000, 32.0000, 17.0000, 32.0000, 22.0000, 39.0000, 38.0000, 32.0000,
    28.0000, 36.0000, 37.0000, 34.0000, 36.0000, 36.0000, 36.0000, 35.0000, 37.0000, 31.0000,
    37.0000,
  ]

#### length_std
  Points: 91
  Min: 0.0000, Max: 94.4972, Mean: 69.5885
  Data: [
    0.0000, 94.4972, 90.9028, 88.5717, 88.4746, 85.2799, 88.2194, 84.5327, 88.6675, 81.2007,
    91.9154, 92.5403, 88.7558, 87.2188, 87.9369, 87.2906, 87.4572, 89.5912, 87.3333, 92.1759,
    90.2874, 92.4339, 87.0840, 92.2783, 90.6596, 88.1614, 84.0828, 69.0400, 74.5626, 83.1518,
    73.7568, 83.1612, 74.8719, 59.1304, 70.9066, 63.1958, 58.9365, 74.2321, 59.6151, 50.4316,
    69.8649, 61.5814, 45.6214, 61.9175, 55.1623, 60.9496, 51.3050, 49.7189, 63.2591, 47.7797,
    60.0168, 60.6888, 48.3226, 44.2904, 67.1636, 60.5188, 67.8505, 62.7102, 68.6031, 58.6199,
    59.6250, 62.7628, 57.4696, 57.9999, 57.7959, 60.6789, 55.8666, 54.9740, 59.4654, 51.7772,
    63.8448, 62.4337, 67.2200, 73.7738, 59.2481, 73.0077, 64.3800, 60.8163, 66.9851, 60.1319,
    70.5317, 62.7693, 70.5119, 66.3709, 67.7428, 63.0699, 63.8228, 69.8462, 65.6546, 61.7917,
    71.6996,
  ]

#### reward_mean
  Points: 91
  Min: -20.5694, Max: 8.9170, Mean: 4.3563
  Data: [
    -10.9502, -20.5694, -12.2703, -10.1405, -11.3785, -8.0577, -7.0346, -8.4284, -6.0110, -6.6929,
    -4.0186, -3.1715, -2.1981, -2.1196, -1.1052, -2.9467, -0.6145, -0.5363, -1.0330, 0.7087,
    1.8420, 0.9082, 1.2240, 1.1063, 1.5129, 4.1054, 3.7806, 5.4221, 5.1527, 6.0335,
    7.2398, 5.5631, 6.7616, 8.1096, 7.2656, 7.7779, 7.9170, 7.4973, 8.1142, 8.5821,
    7.9500, 7.4297, 8.4641, 8.0995, 8.4441, 8.1213, 8.9170, 8.6340, 7.9191, 8.3621,
    8.4948, 8.2092, 8.6037, 8.8833, 7.7674, 8.5468, 7.6128, 8.2419, 8.0398, 8.4459,
    7.9587, 7.7309, 7.3571, 7.7996, 8.2836, 7.9420, 7.9573, 7.5846, 8.2102, 8.5936,
    7.7132, 7.4945, 7.9290, 7.3875, 8.6873, 7.1746, 8.0614, 8.1629, 8.1310, 8.4573,
    7.8449, 7.6359, 7.3430, 8.1119, 7.3610, 8.4747, 7.5096, 8.0015, 7.7097, 7.5256,
    7.7593,
  ]

#### reward_std
  Points: 91
  Min: 0.0000, Max: 14.9558, Mean: 5.6097
  Data: [
    0.0000, 14.9558, 12.3176, 8.5445, 7.7410, 9.5145, 9.2141, 7.7857, 8.4736, 7.8756,
    9.0652, 8.1713, 8.7626, 9.4420, 9.2631, 8.8178, 8.8937, 8.5454, 8.3356, 7.9832,
    8.5840, 8.8746, 9.2817, 8.7391, 8.6646, 7.6808, 7.5799, 7.2095, 7.4546, 6.1193,
    4.6935, 6.7044, 5.9058, 3.4021, 4.7791, 4.4659, 4.2021, 4.1639, 3.9880, 3.2362,
    3.6371, 5.2392, 3.9755, 3.8680, 3.4690, 3.7930, 1.8603, 3.2921, 4.4127, 3.9683,
    3.2102, 3.8102, 3.5674, 2.7110, 4.4521, 3.3168, 4.5328, 3.7504, 3.8564, 3.3642,
    4.6751, 4.6281, 5.6066, 4.8312, 3.6969, 4.4269, 4.6042, 5.2945, 4.1465, 3.2702,
    4.4090, 5.0263, 4.3181, 4.6438, 2.9561, 5.7907, 4.3323, 4.2139, 3.6411, 3.3380,
    4.0675, 4.9665, 5.3550, 3.7189, 4.8560, 3.0556, 5.2494, 3.9990, 4.4512, 5.4035,
    3.9925,
  ]

#### win_rate_100
  Points: 91
  Min: 0.0000, Max: 0.9800, Mean: 0.7408
  Data: [
    0.0000, 0.0800, 0.1800, 0.1400, 0.1000, 0.2400, 0.2600, 0.1500, 0.2300, 0.1800,
    0.2800, 0.2700, 0.3500, 0.3800, 0.4300, 0.3000, 0.4200, 0.4100, 0.3700, 0.4500,
    0.5700, 0.5200, 0.5800, 0.5200, 0.5500, 0.7000, 0.6800, 0.8000, 0.7700, 0.8200,
    0.8800, 0.7600, 0.8700, 0.9500, 0.8700, 0.9300, 0.9100, 0.8800, 0.9400, 0.9500,
    0.9000, 0.8900, 0.9600, 0.9200, 0.9400, 0.9200, 0.9800, 0.9500, 0.9200, 0.9500,
    0.9400, 0.9300, 0.9600, 0.9700, 0.8900, 0.9500, 0.8800, 0.9300, 0.9100, 0.9400,
    0.9300, 0.9200, 0.8900, 0.9100, 0.9400, 0.9200, 0.9200, 0.9000, 0.9300, 0.9500,
    0.8900, 0.8900, 0.9000, 0.8600, 0.9600, 0.8600, 0.9300, 0.9200, 0.9200, 0.9400,
    0.8800, 0.9000, 0.8800, 0.9000, 0.8600, 0.9400, 0.8900, 0.9100, 0.8900, 0.9000,
    0.8800,
  ]


### TIME
#### elapsed_hours
  Points: 91
  Min: 0.0024, Max: 18.0577, Mean: 9.0225
  Data: [
    0.0024, 0.2057, 0.4027, 0.6008, 0.7985, 0.9955, 1.1918, 1.3996, 1.5968, 1.7839,
    1.9842, 2.1844, 2.3896, 2.6001, 2.8044, 3.0106, 3.2201, 3.4222, 3.6218, 3.8338,
    4.0400, 4.2503, 4.4480, 4.6317, 4.8327, 5.0404, 5.2432, 5.4444, 5.6468, 5.8559,
    6.0604, 6.2640, 6.4680, 6.6690, 6.8672, 7.0698, 7.2776, 7.4819, 7.6750, 7.8468,
    8.0169, 8.1979, 8.4009, 8.6018, 8.8016, 8.9999, 9.1968, 9.4009, 9.6006, 9.7920,
    9.9934, 10.1907, 10.3926, 10.5996, 10.7990, 11.0059, 11.2081, 11.4228, 11.6217, 11.8219,
    12.0096, 12.2154, 12.4155, 12.6309, 12.8315, 13.0340, 13.2335, 13.4277, 13.6191, 13.8226,
    14.0305, 14.2371, 14.4358, 14.6394, 14.8398, 15.0234, 15.2259, 15.4022, 15.6077, 15.8003,
    16.0055, 16.2035, 16.4215, 16.6179, 16.8215, 17.0292, 17.2315, 17.4354, 17.6557, 17.8575,
    18.0577,
  ]

#### episodes_per_hour
  Points: 91
  Min: 503.9944, Max: 41786.0298, Mean: 980.2162
  Data: [
    41786.0298, 977.3078, 747.4954, 667.4641, 627.4364, 603.7404, 588.1886, 572.3246, 564.2528, 561.1150,
    554.8896, 549.8106, 544.4530, 538.8283, 535.2220, 531.7936, 528.2394, 526.2744, 524.8779, 521.9360,
    520.0471, 517.8438, 517.3112, 518.3789, 517.5156, 516.0343, 515.1456, 514.4702, 513.7421, 512.4753,
    511.6817, 511.0127, 510.3593, 509.9706, 509.8171, 509.3479, 508.5442, 508.0263, 508.2744, 509.8921,
    511.5465, 512.4479, 511.9696, 511.6381, 511.3818, 511.2254, 511.1573, 510.6972, 510.4904, 510.7239,
    510.4373, 510.3666, 510.0737, 509.5463, 509.3976, 508.9087, 508.6480, 507.8421, 507.7571, 507.6180,
    508.0122, 507.6398, 507.5115, 506.7729, 506.6436, 506.4449, 506.3675, 506.4897, 506.7151, 506.4895,
    506.1134, 505.7926, 505.7550, 505.5523, 505.4651, 505.9439, 505.7842, 506.4847, 506.2250, 506.3819,
    506.1384, 506.1252, 505.4960, 505.5398, 505.3660, 505.0732, 504.9479, 504.7785, 504.1421, 504.0453,
    503.9944,
  ]

#### gradient_steps_per_second
  Points: 91
  Min: 3.6775, Max: 4.4894, Mean: 4.4253
  Data: [
    3.6775, 4.3652, 4.4370, 4.4535, 4.4640, 4.4736, 4.4825, 4.4522, 4.4589, 4.4894,
    4.4844, 4.4803, 4.4676, 4.4477, 4.4406, 4.4318, 4.4194, 4.4183, 4.4202, 4.4076,
    4.4026, 4.3939, 4.3985, 4.4159, 4.4162, 4.4106, 4.4095, 4.4098, 4.4092, 4.4035,
    4.4016, 4.4004, 4.3991, 4.3998, 4.4023, 4.4018, 4.3983, 4.3970, 4.4022, 4.4191,
    4.4362, 4.4467, 4.4450, 4.4446, 4.4446, 4.4455, 4.4470, 4.4450, 4.4451, 4.4490,
    4.4483, 4.4494, 4.4485, 4.4454, 4.4457, 4.4429, 4.4420, 4.4363, 4.4369, 4.4370,
    4.4416, 4.4396, 4.4396, 4.4343, 4.4342, 4.4335, 4.4339, 4.4359, 4.4389, 4.4378,
    4.4354, 4.4335, 4.4340, 4.4331, 4.4331, 4.4381, 4.4375, 4.4444, 4.4428, 4.4449,
    4.4435, 4.4440, 4.4392, 4.4402, 4.4393, 4.4373, 4.4368, 4.4359, 4.4309, 4.4306,
    4.4307,
  ]

#### steps_per_second
  Points: 91
  Min: 3.6775, Max: 21.5626, Mean: 16.9140
  Data: [
    3.6775, 21.5626, 20.3602, 19.8441, 19.7958, 19.7809, 19.6767, 19.5407, 19.7436, 19.8889,
    19.9757, 20.1757, 20.2406, 20.1588, 20.0205, 20.1583, 20.2044, 20.3009, 20.4132, 20.4368,
    20.2632, 20.1369, 20.0166, 19.9683, 19.9033, 19.6867, 19.5337, 19.3073, 19.0761, 18.9262,
    18.7142, 18.5825, 18.3950, 18.1854, 18.0189, 17.8276, 17.6050, 17.4665, 17.3207, 17.1906,
    17.1264, 17.0278, 16.8524, 16.7237, 16.5837, 16.4776, 16.3569, 16.2164, 16.1191, 16.0103,
    15.9119, 15.8206, 15.7090, 15.5871, 15.5364, 15.4572, 15.4314, 15.3576, 15.3280, 15.2677,
    15.2379, 15.1971, 15.1420, 15.0665, 15.0128, 14.9752, 14.9161, 14.8764, 14.8465, 14.7803,
    14.7475, 14.7083, 14.6876, 14.6823, 14.6555, 14.6749, 14.6469, 14.6336, 14.6181, 14.5956,
    14.5828, 14.5702, 14.5611, 14.5441, 14.5224, 14.4900, 14.4713, 14.4626, 14.4349, 14.4151,
    14.4374,
  ]


### EVAL
#### combined_win_rate
  Points: 14
  Min: 0.2500, Max: 1.0000, Mean: 0.7929
  Data: [
    0.3000, 0.2500, 0.6500, 0.7500, 0.8500, 0.9000, 0.9500, 0.9000, 1.0000, 1.0000,
    0.9000, 0.8500, 0.9500, 0.8500,
  ]

#### gif_strong
  Points: 14
  Error: float() argument must be a string or a real number, not 'dict'

#### gif_weak
  Points: 14
  Error: float() argument must be a string or a real number, not 'dict'

#### strong_draws
  Points: 14
  Min: 0.0000, Max: 4.0000, Mean: 1.2857
  Data: [
    0.0000, 3.0000, 4.0000, 3.0000, 2.0000, 0.0000, 1.0000, 2.0000, 0.0000, 0.0000,
    1.0000, 2.0000, 0.0000, 0.0000,
  ]

#### strong_losses
  Points: 14
  Min: 0.0000, Max: 8.0000, Mean: 1.1429
  Data: [
    8.0000, 5.0000, 0.0000, 0.0000, 0.0000, 0.0000, 0.0000, 0.0000, 0.0000, 0.0000,
    0.0000, 0.0000, 1.0000, 2.0000,
  ]

#### strong_mean_reward
  Points: 14
  Min: -10.0056, Max: 9.0910, Mean: 4.6566
  Data: [
    -10.0056, -5.9007, 3.3086, 5.2170, 5.4237, 8.6808, 7.3487, 6.4843, 9.0910, 9.0239,
    8.2189, 6.6493, 6.7630, 4.8891,
  ]

#### strong_win_rate
  Points: 14
  Min: 0.2000, Max: 1.0000, Mean: 0.7571
  Data: [
    0.2000, 0.2000, 0.6000, 0.7000, 0.8000, 1.0000, 0.9000, 0.8000, 1.0000, 1.0000,
    0.9000, 0.8000, 0.9000, 0.8000,
  ]

#### strong_wins
  Points: 14
  Min: 2.0000, Max: 10.0000, Mean: 7.5714
  Data: [
    2.0000, 2.0000, 6.0000, 7.0000, 8.0000, 10.0000, 9.0000, 8.0000, 10.0000, 10.0000,
    9.0000, 8.0000, 9.0000, 8.0000,
  ]

#### weak_draws
  Points: 14
  Min: 0.0000, Max: 4.0000, Mean: 0.8571
  Data: [
    1.0000, 4.0000, 2.0000, 0.0000, 0.0000, 2.0000, 0.0000, 0.0000, 0.0000, 0.0000,
    1.0000, 1.0000, 0.0000, 1.0000,
  ]

#### weak_losses
  Points: 14
  Min: 0.0000, Max: 5.0000, Mean: 0.8571
  Data: [
    5.0000, 3.0000, 1.0000, 2.0000, 1.0000, 0.0000, 0.0000, 0.0000, 0.0000, 0.0000,
    0.0000, 0.0000, 0.0000, 0.0000,
  ]

#### weak_mean_reward
  Points: 14
  Min: -4.0674, Max: 9.5638, Mean: 6.3278
  Data: [
    -4.0674, -1.9831, 4.2978, 4.3113, 7.0738, 6.7953, 9.4921, 9.5638, 9.5232, 9.1689,
    8.4002, 8.4286, 8.9550, 8.6297,
  ]

#### weak_win_rate
  Points: 14
  Min: 0.3000, Max: 1.0000, Mean: 0.8286
  Data: [
    0.4000, 0.3000, 0.7000, 0.8000, 0.9000, 0.8000, 1.0000, 1.0000, 1.0000, 1.0000,
    0.9000, 0.9000, 1.0000, 0.9000,
  ]

#### weak_wins
  Points: 14
  Min: 3.0000, Max: 10.0000, Mean: 8.2857
  Data: [
    4.0000, 3.0000, 7.0000, 8.0000, 9.0000, 8.0000, 10.0000, 10.0000, 10.0000, 10.0000,
    9.0000, 9.0000, 10.0000, 9.0000,
  ]


### WORLD
#### continue_actual_mean
  Points: 91
  Min: 0.9819, Max: 0.9970, Mean: 0.9909
  Data: [
    0.9879, 0.9919, 0.9899, 0.9929, 0.9929, 0.9899, 0.9940, 0.9940, 0.9970, 0.9929,
    0.9960, 0.9950, 0.9940, 0.9909, 0.9940, 0.9960, 0.9869, 0.9960, 0.9950, 0.9960,
    0.9940, 0.9950, 0.9909, 0.9899, 0.9929, 0.9919, 0.9940, 0.9960, 0.9919, 0.9929,
    0.9909, 0.9919, 0.9909, 0.9899, 0.9940, 0.9899, 0.9839, 0.9960, 0.9899, 0.9940,
    0.9960, 0.9909, 0.9899, 0.9929, 0.9899, 0.9869, 0.9899, 0.9919, 0.9960, 0.9919,
    0.9899, 0.9909, 0.9919, 0.9889, 0.9909, 0.9889, 0.9919, 0.9889, 0.9929, 0.9909,
    0.9909, 0.9889, 0.9819, 0.9869, 0.9839, 0.9869, 0.9869, 0.9899, 0.9919, 0.9839,
    0.9859, 0.9889, 0.9889, 0.9899, 0.9879, 0.9869, 0.9919, 0.9909, 0.9889, 0.9889,
    0.9839, 0.9929, 0.9909, 0.9899, 0.9859, 0.9940, 0.9899, 0.9929, 0.9899, 0.9849,
    0.9889,
  ]

#### continue_loss
  Points: 91
  Min: 0.0003, Max: 0.0879, Mean: 0.0057
  Data: [
    0.0879, 0.0222, 0.0269, 0.0140, 0.0189, 0.0077, 0.0062, 0.0067, 0.0039, 0.0032,
    0.0022, 0.0074, 0.0078, 0.0130, 0.0026, 0.0057, 0.0033, 0.0028, 0.0056, 0.0029,
    0.0127, 0.0031, 0.0062, 0.0072, 0.0071, 0.0056, 0.0023, 0.0032, 0.0071, 0.0023,
    0.0020, 0.0042, 0.0047, 0.0106, 0.0033, 0.0110, 0.0019, 0.0023, 0.0013, 0.0012,
    0.0004, 0.0024, 0.0129, 0.0022, 0.0023, 0.0056, 0.0012, 0.0033, 0.0022, 0.0062,
    0.0005, 0.0047, 0.0041, 0.0026, 0.0023, 0.0074, 0.0008, 0.0006, 0.0016, 0.0015,
    0.0034, 0.0086, 0.0014, 0.0013, 0.0020, 0.0012, 0.0024, 0.0023, 0.0003, 0.0043,
    0.0094, 0.0015, 0.0030, 0.0012, 0.0056, 0.0031, 0.0039, 0.0016, 0.0041, 0.0025,
    0.0033, 0.0006, 0.0017, 0.0021, 0.0093, 0.0005, 0.0016, 0.0006, 0.0071, 0.0113,
    0.0007,
  ]

#### continue_pred_mean
  Points: 91
  Min: 0.9803, Max: 0.9975, Mean: 0.9910
  Data: [
    0.9975, 0.9945, 0.9902, 0.9946, 0.9949, 0.9899, 0.9953, 0.9906, 0.9962, 0.9928,
    0.9945, 0.9956, 0.9951, 0.9943, 0.9941, 0.9965, 0.9866, 0.9955, 0.9927, 0.9943,
    0.9937, 0.9937, 0.9919, 0.9911, 0.9931, 0.9919, 0.9946, 0.9966, 0.9914, 0.9917,
    0.9914, 0.9914, 0.9914, 0.9923, 0.9947, 0.9916, 0.9850, 0.9949, 0.9901, 0.9930,
    0.9957, 0.9901, 0.9883, 0.9928, 0.9896, 0.9882, 0.9893, 0.9911, 0.9944, 0.9895,
    0.9899, 0.9899, 0.9912, 0.9880, 0.9920, 0.9913, 0.9917, 0.9885, 0.9931, 0.9916,
    0.9925, 0.9906, 0.9825, 0.9867, 0.9841, 0.9878, 0.9875, 0.9902, 0.9920, 0.9826,
    0.9844, 0.9896, 0.9902, 0.9901, 0.9885, 0.9866, 0.9940, 0.9902, 0.9882, 0.9905,
    0.9825, 0.9927, 0.9901, 0.9912, 0.9824, 0.9937, 0.9895, 0.9927, 0.9915, 0.9803,
    0.9893,
  ]

#### kl_loss
  Points: 91
  Min: 0.4060, Max: 3.1057, Mean: 2.5250
  Data: [
    0.4060, 3.1057, 2.8734, 2.6734, 2.8020, 2.6858, 2.4289, 2.4857, 2.5377, 2.6247,
    2.5953, 2.7012, 2.7171, 2.4632, 2.7879, 2.5835, 2.7245, 2.3904, 2.8894, 2.9499,
    2.8319, 2.7979, 2.8184, 2.9771, 2.5202, 2.9163, 2.8064, 2.6935, 2.6361, 2.5429,
    2.8781, 2.4908, 2.6834, 2.7626, 2.5411, 2.6943, 2.5229, 2.6614, 2.6680, 2.4421,
    2.4037, 2.6087, 2.6331, 2.4070, 2.5357, 2.3799, 2.5177, 2.4276, 2.4714, 2.6572,
    2.3683, 2.7429, 2.4444, 2.4189, 2.4437, 2.5722, 2.2730, 2.3444, 2.4471, 2.5722,
    2.3221, 2.3076, 2.5265, 2.4055, 2.3968, 2.3687, 2.4594, 2.4267, 2.4133, 2.1869,
    2.2548, 2.3961, 2.4138, 2.5248, 2.5617, 2.1649, 2.4189, 2.4345, 2.2780, 2.4210,
    2.2433, 2.4771, 2.5067, 2.0697, 2.4774, 2.6316, 2.6668, 2.5478, 2.5777, 2.5039,
    2.4132,
  ]

#### latent_entropy
  Points: 91
  Min: 1.0316, Max: 2.6896, Mean: 1.3642
  Data: [
    2.6896, 1.0316, 1.0928, 1.1096, 1.1150, 1.1102, 1.1674, 1.1993, 1.1885, 1.2145,
    1.2317, 1.2449, 1.2575, 1.2946, 1.2951, 1.3233, 1.3286, 1.3418, 1.3401, 1.3082,
    1.3403, 1.3631, 1.3411, 1.3411, 1.3746, 1.3358, 1.3756, 1.3716, 1.3779, 1.3727,
    1.3361, 1.3613, 1.3551, 1.3605, 1.4032, 1.3652, 1.3683, 1.3736, 1.3648, 1.3748,
    1.3761, 1.3380, 1.3586, 1.3827, 1.3577, 1.3473, 1.3768, 1.3682, 1.3764, 1.3755,
    1.3886, 1.3715, 1.3758, 1.3939, 1.3755, 1.3894, 1.4056, 1.3848, 1.3972, 1.3867,
    1.3897, 1.4051, 1.3836, 1.3732, 1.3767, 1.3932, 1.3890, 1.3965, 1.4061, 1.3929,
    1.4015, 1.4009, 1.3770, 1.4041, 1.3992, 1.4017, 1.4077, 1.3916, 1.4006, 1.4127,
    1.3829, 1.4176, 1.4070, 1.4317, 1.3980, 1.4347, 1.4092, 1.4412, 1.4273, 1.4131,
    1.4069,
  ]

#### loss
  Points: 91
  Min: 19.1388, Max: 29.4758, Mean: 19.8647
  Data: [
    29.4758, 20.9329, 20.6129, 20.1824, 20.2924, 20.1793, 19.8494, 19.8557, 19.7733, 20.0001,
    19.9846, 19.9582, 20.0365, 19.7495, 20.0698, 19.8079, 20.1878, 19.5932, 20.1733, 20.1562,
    20.0379, 19.9862, 20.0761, 20.2985, 19.7486, 20.1774, 19.9020, 19.7513, 19.8616, 19.7265,
    20.1077, 19.6769, 19.8799, 19.9406, 19.6921, 20.0013, 19.7881, 19.8553, 19.9484, 19.6026,
    19.5596, 19.8681, 19.8657, 19.5866, 19.7891, 19.5463, 19.6900, 19.6037, 19.6146, 19.8343,
    19.5566, 19.9179, 19.5960, 19.5481, 19.6043, 19.7763, 19.3636, 19.4931, 19.5690, 19.6711,
    19.4211, 19.4354, 19.6784, 19.5231, 19.5713, 19.5395, 19.6010, 19.5255, 19.4912, 19.3015,
    19.3851, 19.5488, 19.5218, 19.6559, 19.7349, 19.2501, 19.5419, 19.5432, 19.3993, 19.5817,
    19.3416, 19.5456, 19.6109, 19.1388, 19.6395, 19.7434, 19.8042, 19.6061, 19.8076, 19.7011,
    19.5095,
  ]

#### prior_posterior_kl
  Points: 91
  Min: 0.0826, Max: 0.2376, Mean: 0.2037
  Data: [
    0.0826, 0.2376, 0.2239, 0.2126, 0.2196, 0.2128, 0.1976, 0.2007, 0.2043, 0.2092,
    0.2073, 0.2140, 0.2151, 0.1999, 0.2194, 0.2078, 0.2160, 0.1963, 0.2258, 0.2288,
    0.2219, 0.2201, 0.2209, 0.2299, 0.2041, 0.2272, 0.2206, 0.2144, 0.2106, 0.2053,
    0.2253, 0.2022, 0.2136, 0.2184, 0.2049, 0.2141, 0.2034, 0.2124, 0.2127, 0.1989,
    0.1972, 0.2085, 0.2097, 0.1972, 0.2046, 0.1954, 0.2033, 0.1988, 0.2005, 0.2116,
    0.1943, 0.2164, 0.1991, 0.1970, 0.1994, 0.2065, 0.1889, 0.1928, 0.1997, 0.2070,
    0.1918, 0.1906, 0.2031, 0.1967, 0.1960, 0.1945, 0.1996, 0.1979, 0.1969, 0.1831,
    0.1871, 0.1956, 0.1966, 0.2033, 0.2053, 0.1818, 0.1971, 0.1986, 0.1886, 0.1971,
    0.1870, 0.2004, 0.2022, 0.1759, 0.2005, 0.2101, 0.2122, 0.2052, 0.2070, 0.2008,
    0.1966,
  ]

#### recon_error_max
  Points: 91
  Min: 0.2279, Max: 2.2502, Mean: 0.6955
  Data: [
    2.2502, 0.7659, 0.6021, 0.6835, 0.9305, 0.6155, 0.6491, 0.6879, 0.6825, 0.6085,
    0.7605, 0.6810, 0.7761, 1.2092, 1.2631, 0.6440, 0.5860, 1.9946, 0.4960, 0.4888,
    0.9903, 0.4022, 0.7099, 0.4522, 1.3736, 0.6412, 0.5103, 0.7369, 0.6753, 0.6249,
    0.5570, 0.6744, 0.6336, 1.1809, 0.5899, 0.7296, 0.4226, 0.8120, 0.7388, 0.3330,
    0.7863, 0.7231, 1.2437, 1.3060, 1.4530, 0.4026, 0.5005, 0.4312, 0.9487, 0.7063,
    0.3415, 0.5543, 0.4472, 0.2965, 1.4930, 0.5020, 0.6008, 1.3187, 0.4059, 0.7318,
    0.4071, 0.4015, 0.4763, 0.3123, 0.5962, 0.7320, 0.4603, 0.3436, 0.3591, 0.5051,
    0.4823, 0.4018, 0.4498, 0.3259, 0.6705, 0.3003, 0.4187, 0.3658, 1.7430, 0.7156,
    0.4467, 0.5359, 0.3365, 0.2279, 0.5818, 1.4055, 0.5758, 0.3372, 0.6743, 0.8654,
    0.4826,
  ]

#### recon_error_mean
  Points: 91
  Min: 0.0169, Max: 0.8376, Mean: 0.0371
  Data: [
    0.8376, 0.0725, 0.0567, 0.0477, 0.0497, 0.0426, 0.0387, 0.0373, 0.0339, 0.0347,
    0.0371, 0.0363, 0.0362, 0.0322, 0.0352, 0.0327, 0.0344, 0.0338, 0.0349, 0.0331,
    0.0332, 0.0320, 0.0326, 0.0316, 0.0327, 0.0321, 0.0294, 0.0310, 0.0306, 0.0297,
    0.0298, 0.0294, 0.0283, 0.0273, 0.0274, 0.0309, 0.0251, 0.0336, 0.0306, 0.0253,
    0.0300, 0.0280, 0.0269, 0.0278, 0.0292, 0.0239, 0.0231, 0.0248, 0.0301, 0.0306,
    0.0233, 0.0255, 0.0253, 0.0217, 0.0271, 0.0249, 0.0211, 0.0235, 0.0237, 0.0233,
    0.0211, 0.0216, 0.0213, 0.0208, 0.0228, 0.0220, 0.0217, 0.0202, 0.0216, 0.0210,
    0.0205, 0.0211, 0.0214, 0.0212, 0.0253, 0.0195, 0.0214, 0.0231, 0.0209, 0.0222,
    0.0194, 0.0214, 0.0205, 0.0169, 0.0210, 0.0250, 0.0227, 0.0210, 0.0215, 0.0185,
    0.0210,
  ]

#### recon_error_std
  Points: 91
  Min: 0.0219, Max: 0.4992, Mean: 0.0517
  Data: [
    0.4992, 0.0850, 0.0669, 0.0636, 0.0786, 0.0583, 0.0611, 0.0586, 0.0522, 0.0472,
    0.0625, 0.0589, 0.0566, 0.0661, 0.0670, 0.0506, 0.0550, 0.0840, 0.0505, 0.0442,
    0.0515, 0.0409, 0.0519, 0.0452, 0.0677, 0.0516, 0.0426, 0.0509, 0.0470, 0.0482,
    0.0433, 0.0507, 0.0488, 0.0514, 0.0425, 0.0496, 0.0393, 0.0552, 0.0552, 0.0343,
    0.0559, 0.0448, 0.0583, 0.0578, 0.0664, 0.0394, 0.0381, 0.0382, 0.0629, 0.0510,
    0.0349, 0.0442, 0.0381, 0.0307, 0.0609, 0.0382, 0.0357, 0.0623, 0.0389, 0.0370,
    0.0356, 0.0331, 0.0340, 0.0300, 0.0400, 0.0414, 0.0351, 0.0286, 0.0317, 0.0370,
    0.0382, 0.0380, 0.0349, 0.0313, 0.0493, 0.0291, 0.0345, 0.0321, 0.0621, 0.0407,
    0.0348, 0.0336, 0.0304, 0.0219, 0.0378, 0.0574, 0.0381, 0.0321, 0.0385, 0.0362,
    0.0395,
  ]

#### recon_loss
  Points: 91
  Min: 16.6934, Max: 24.0794, Mean: 16.8745
  Data: [
    24.0794, 17.1934, 17.0513, 16.9705, 16.9879, 16.9239, 16.8893, 16.8765, 16.8456, 16.8532,
    16.8749, 16.8676, 16.8663, 16.8305, 16.8574, 16.8353, 16.8507, 16.8452, 16.8551, 16.8388,
    16.8398, 16.8285, 16.8341, 16.8253, 16.8354, 16.8296, 16.8054, 16.8197, 16.8161, 16.8079,
    16.8093, 16.8058, 16.7959, 16.7865, 16.7878, 16.8190, 16.7664, 16.8430, 16.8166, 16.7683,
    16.8108, 16.7928, 16.7830, 16.7915, 16.8036, 16.7557, 16.7484, 16.7644, 16.8116, 16.8165,
    16.7507, 16.7704, 16.7687, 16.7363, 16.7850, 16.7648, 16.7311, 16.7525, 16.7538, 16.7504,
    16.7305, 16.7355, 16.7323, 16.7279, 16.7464, 16.7387, 16.7362, 16.7225, 16.7355, 16.7299,
    16.7258, 16.7310, 16.7338, 16.7315, 16.7684, 16.7163, 16.7338, 16.7487, 16.7289, 16.7408,
    16.7154, 16.7332, 16.7258, 16.6934, 16.7299, 16.7661, 16.7450, 16.7297, 16.7346, 16.7077,
    16.7302,
  ]

#### reward_actual_mean
  Points: 91
  Min: -0.1556, Max: 0.1523, Mean: 0.0315
  Data: [
    -0.0897, -0.1556, -0.0725, -0.1077, -0.0944, -0.1371, -0.1003, -0.0712, -0.0647, -0.0677,
    -0.0961, -0.0682, -0.0668, -0.0097, -0.0616, -0.0074, -0.0570, 0.0076, -0.0303, -0.0071,
    -0.0411, -0.0103, -0.0540, 0.0029, -0.0111, -0.0197, -0.0164, -0.0069, -0.0092, 0.0255,
    0.0358, 0.0485, 0.0043, 0.0143, 0.0115, 0.0407, 0.0975, -0.0249, 0.0438, 0.0047,
    -0.0000, 0.0527, 0.0143, 0.0451, 0.0763, 0.1187, 0.0460, 0.0205, 0.0211, 0.0443,
    0.0610, 0.0544, 0.0654, 0.0870, 0.0739, 0.0769, 0.0669, 0.0974, 0.0579, 0.0701,
    0.0791, 0.0864, 0.1356, 0.1134, 0.1522, 0.1189, 0.1206, 0.0889, 0.0700, 0.1409,
    0.1205, 0.0968, 0.0913, 0.0864, 0.0892, 0.1235, 0.0518, 0.0790, 0.0915, 0.0921,
    0.1523, 0.0624, 0.0827, 0.0905, 0.1248, 0.0388, 0.0588, 0.0525, 0.0252, 0.1197,
    0.1009,
  ]

#### reward_loss
  Points: 91
  Min: 0.1776, Max: 1.9877, Mean: 0.3417
  Data: [
    1.9877, 0.5162, 0.5100, 0.4270, 0.3756, 0.4738, 0.4158, 0.3889, 0.3102, 0.4184,
    0.4230, 0.3307, 0.3720, 0.3602, 0.3372, 0.2583, 0.3846, 0.2782, 0.3335, 0.2489,
    0.2698, 0.2514, 0.3175, 0.3098, 0.2870, 0.3355, 0.2131, 0.1776, 0.3071, 0.2838,
    0.3144, 0.2838, 0.3042, 0.2836, 0.2896, 0.3254, 0.3521, 0.2422, 0.3291, 0.3033,
    0.2723, 0.3348, 0.3256, 0.2815, 0.3330, 0.3365, 0.3171, 0.3440, 0.2775, 0.2740,
    0.3135, 0.3101, 0.3076, 0.3367, 0.3235, 0.3216, 0.3168, 0.3288, 0.2904, 0.2944,
    0.3120, 0.3290, 0.3432, 0.3149, 0.3278, 0.3328, 0.3269, 0.3237, 0.2906, 0.3195,
    0.3343, 0.3331, 0.3176, 0.3336, 0.3378, 0.3142, 0.2948, 0.3167, 0.3165, 0.3095,
    0.3307, 0.2752, 0.3055, 0.3218, 0.3536, 0.2570, 0.3304, 0.2672, 0.3888, 0.3490,
    0.3146,
  ]

#### reward_pred_error_mean
  Points: 91
  Min: 0.0035, Max: 0.3905, Mean: 0.0396
  Data: [
    0.3905, 0.0635, 0.2635, 0.0182, 0.0196, 0.1363, 0.0292, 0.0241, 0.0111, 0.0328,
    0.0525, 0.0162, 0.0288, 0.0293, 0.0204, 0.0247, 0.0238, 0.0278, 0.0776, 0.0312,
    0.0218, 0.0309, 0.0335, 0.0116, 0.0313, 0.0565, 0.0040, 0.0145, 0.0428, 0.0427,
    0.0426, 0.0179, 0.0499, 0.0035, 0.0132, 0.0514, 0.0563, 0.0560, 0.0300, 0.0247,
    0.0049, 0.0326, 0.0459, 0.0205, 0.0155, 0.0193, 0.0308, 0.0189, 0.0410, 0.0340,
    0.0139, 0.0530, 0.0287, 0.0455, 0.0073, 0.0192, 0.0169, 0.0360, 0.0217, 0.0192,
    0.0095, 0.0385, 0.0538, 0.0483, 0.0575, 0.0168, 0.0752, 0.0239, 0.0141, 0.0272,
    0.0521, 0.0226, 0.0294, 0.0257, 0.0277, 0.0823, 0.0133, 0.0418, 0.0303, 0.0109,
    0.0664, 0.0228, 0.0388, 0.0035, 0.0536, 0.0139, 0.0573, 0.0362, 0.0242, 0.0913,
    0.0117,
  ]

#### reward_pred_error_std
  Points: 91
  Min: 0.0125, Max: 1.4678, Mean: 0.4328
  Data: [
    0.6823, 0.5405, 1.4678, 0.2299, 0.1132, 0.9949, 0.2704, 0.3108, 0.1174, 0.3635,
    0.6200, 0.1515, 0.3711, 0.3350, 0.3183, 0.3523, 0.2436, 0.3877, 0.7849, 0.4580,
    0.3576, 0.3864, 0.4818, 0.0981, 0.4923, 0.6927, 0.0125, 0.3008, 0.5368, 0.5487,
    0.5165, 0.2710, 0.6021, 0.0130, 0.1561, 0.5835, 0.5533, 0.5802, 0.4358, 0.4140,
    0.0381, 0.4791, 0.5861, 0.3757, 0.3122, 0.2799, 0.4482, 0.3419, 0.5611, 0.5219,
    0.2484, 0.6906, 0.4562, 0.5563, 0.0965, 0.3196, 0.3263, 0.4674, 0.4006, 0.3159,
    0.1512, 0.5147, 0.5124, 0.6083, 0.6805, 0.2617, 0.6509, 0.4125, 0.2935, 0.4470,
    0.6584, 0.3086, 0.3953, 0.3769, 0.4552, 0.8015, 0.2960, 0.5089, 0.4517, 0.1542,
    0.7091, 0.3902, 0.5451, 0.0282, 0.6968, 0.2892, 0.6951, 0.5469, 0.4147, 0.8867,
    0.2717,
  ]

#### reward_pred_mean
  Points: 91
  Min: -0.4004, Max: 0.2167, Mean: 0.0492
  Data: [
    -0.4004, -0.1792, 0.0198, -0.1115, -0.0892, -0.0561, -0.1148, -0.0656, -0.0687, -0.0502,
    -0.1442, -0.0622, -0.0537, 0.0075, -0.0646, 0.0037, -0.0534, 0.0305, 0.0215, -0.0322,
    -0.0257, 0.0096, -0.0591, 0.0071, -0.0010, 0.0307, -0.0173, 0.0051, -0.0130, 0.0590,
    0.0553, 0.0622, 0.0121, 0.0157, 0.0169, 0.0750, 0.1498, 0.0244, 0.0510, 0.0218,
    -0.0001, 0.0754, 0.0557, 0.0626, 0.0888, 0.1232, 0.0684, 0.0260, 0.0593, 0.0758,
    0.0703, 0.1045, 0.0911, 0.1300, 0.0763, 0.0906, 0.0798, 0.1314, 0.0762, 0.0861,
    0.0820, 0.1219, 0.1869, 0.1599, 0.2073, 0.1295, 0.1906, 0.1107, 0.0806, 0.1661,
    0.1706, 0.1110, 0.1153, 0.1071, 0.0906, 0.2027, 0.0619, 0.1180, 0.1207, 0.0954,
    0.2167, 0.0824, 0.1191, 0.0889, 0.1749, 0.0510, 0.1135, 0.0870, 0.0051, 0.2086,
    0.1104,
  ]


### BEHAVIOR
#### actor_loss
  Points: 91
  Min: -17.2007, Max: 0.0920, Mean: -0.1973
  Data: [
    -17.2007, -0.0474, -0.6072, -0.0193, -0.0192, -0.0054, -0.0555, -0.0298, -0.0418, -0.0816,
    -0.0199, -0.0061, -0.0023, 0.0014, 0.0056, -0.0442, 0.0044, -0.0131, -0.0317, -0.0142,
    0.0053, -0.0014, 0.0048, -0.0147, 0.0181, 0.0003, 0.0097, 0.0140, 0.0023, 0.0173,
    0.0140, 0.0108, 0.0032, -0.0036, 0.0157, 0.0045, 0.0102, 0.0040, -0.0043, 0.0081,
    -0.0041, -0.0133, -0.0052, 0.0066, -0.0076, 0.0076, -0.0126, 0.0099, 0.0232, 0.0029,
    0.0001, -0.0021, -0.0008, -0.0104, -0.0227, 0.0094, -0.0052, -0.0007, 0.0019, -0.0174,
    0.0024, 0.0116, -0.0170, 0.0030, 0.0039, -0.0082, 0.0920, 0.0015, 0.0054, 0.0004,
    0.0161, 0.0095, 0.0028, -0.0008, 0.0065, 0.0062, 0.0308, 0.0270, 0.0027, -0.0017,
    0.0021, -0.0124, -0.0059, 0.0002, -0.0209, -0.0102, 0.0243, 0.0039, 0.0169, 0.0002,
    0.0025,
  ]

#### actor_mean_abs
  Points: 91
  Min: 0.2351, Max: 0.3922, Mean: 0.3020
  Data: [
    0.3162, 0.2478, 0.3529, 0.3175, 0.3230, 0.3653, 0.3174, 0.3372, 0.3591, 0.3733,
    0.3807, 0.3437, 0.3922, 0.3604, 0.3523, 0.3571, 0.3743, 0.3469, 0.3452, 0.3226,
    0.3121, 0.2552, 0.3008, 0.2351, 0.2779, 0.3255, 0.2835, 0.3063, 0.2975, 0.3000,
    0.3142, 0.3211, 0.2960, 0.2722, 0.2835, 0.2785, 0.3274, 0.2953, 0.3080, 0.2950,
    0.3111, 0.3166, 0.3078, 0.2977, 0.3026, 0.2727, 0.2681, 0.2914, 0.3407, 0.3140,
    0.3130, 0.3358, 0.2949, 0.2897, 0.2969, 0.2999, 0.3060, 0.2969, 0.2868, 0.2565,
    0.2874, 0.2675, 0.2968, 0.2781, 0.2894, 0.2838, 0.3607, 0.2952, 0.2802, 0.2843,
    0.2654, 0.2880, 0.2815, 0.2613, 0.3136, 0.2747, 0.2915, 0.2773, 0.2765, 0.2711,
    0.2790, 0.2539, 0.2813, 0.2606, 0.2556, 0.2669, 0.2701, 0.2866, 0.2741, 0.2751,
    0.2845,
  ]

#### advantages_abs_mean
  Points: 91
  Min: 0.0537, Max: 7.6851, Mean: 0.1776
  Data: [
    7.6851, 0.0940, 0.2425, 0.1141, 0.0987, 0.0868, 0.1102, 0.0942, 0.1203, 0.1266,
    0.1435, 0.1356, 0.1310, 0.1092, 0.0923, 0.1078, 0.1304, 0.1430, 0.1029, 0.1287,
    0.0660, 0.0636, 0.0745, 0.0806, 0.0752, 0.1312, 0.0920, 0.0865, 0.0943, 0.0782,
    0.0904, 0.0706, 0.0819, 0.0612, 0.0829, 0.0847, 0.0849, 0.0823, 0.0915, 0.0614,
    0.0686, 0.0748, 0.0961, 0.0723, 0.0764, 0.0706, 0.0816, 0.0924, 0.1132, 0.0878,
    0.0714, 0.0892, 0.0860, 0.0807, 0.0714, 0.0784, 0.0726, 0.0795, 0.0727, 0.0593,
    0.0537, 0.0680, 0.0629, 0.0749, 0.1031, 0.1034, 0.2227, 0.0861, 0.0918, 0.0799,
    0.1038, 0.1075, 0.1521, 0.0786, 0.1020, 0.0938, 0.1391, 0.1086, 0.0684, 0.0723,
    0.1011, 0.0603, 0.0778, 0.0684, 0.0859, 0.0775, 0.1001, 0.1085, 0.0948, 0.0873,
    0.0978,
  ]

#### advantages_max
  Points: 91
  Min: -1.2609, Max: 5.7735, Mean: 2.4106
  Data: [
    -1.2609, 3.1491, 5.7735, 2.9529, 3.0602, 2.1624, 2.5585, 1.9779, 2.8589, 3.4545,
    3.3192, 2.6989, 2.7599, 3.4142, 2.6178, 4.4413, 2.9982, 4.0744, 2.9407, 2.7051,
    1.8192, 2.3307, 1.9061, 2.2414, 1.5029, 3.2628, 1.3199, 1.5062, 1.1017, 1.4755,
    1.6167, 1.0641, 1.4039, 2.1024, 1.5770, 1.8607, 1.4018, 2.6791, 2.3571, 2.0906,
    1.5755, 2.8464, 3.2980, 1.5488, 1.7606, 2.2788, 2.1410, 2.2831, 2.5750, 2.4906,
    2.4910, 2.8101, 3.1170, 2.7992, 2.9834, 2.0672, 2.0080, 2.0378, 1.9473, 1.7424,
    1.5081, 2.2131, 1.9787, 2.3701, 3.6556, 2.1526, 2.4524, 2.1228, 1.8364, 2.7754,
    3.1046, 2.4115, 2.1954, 3.4106, 2.7535, 1.2326, 3.3285, 1.9566, 2.4651, 2.4556,
    1.9838, 1.8208, 1.7195, 1.2218, 2.6318, 2.7355, 3.5879, 2.2431, 3.3667, 2.9800,
    4.6125,
  ]

#### advantages_mean
  Points: 91
  Min: -7.6851, Max: 0.1679, Mean: -0.0764
  Data: [
    -7.6851, -0.0178, 0.1679, -0.0148, -0.0295, -0.0149, -0.0062, -0.0191, -0.0181, 0.0231,
    -0.0371, -0.0048, 0.0144, 0.0142, -0.0190, 0.0103, 0.0333, 0.0110, 0.0142, -0.0113,
    0.0117, 0.0090, 0.0095, 0.0188, 0.0175, 0.0616, 0.0108, 0.0137, 0.0107, 0.0083,
    0.0169, -0.0044, 0.0025, 0.0085, -0.0048, 0.0076, 0.0074, 0.0034, -0.0040, 0.0124,
    -0.0071, -0.0011, -0.0029, 0.0087, 0.0007, 0.0156, 0.0001, -0.0017, 0.0203, 0.0033,
    0.0039, 0.0042, 0.0149, 0.0045, 0.0183, 0.0050, 0.0099, 0.0010, 0.0035, -0.0033,
    0.0022, 0.0282, -0.0106, 0.0047, 0.0238, 0.0039, 0.0574, 0.0120, 0.0083, 0.0006,
    0.0161, 0.0112, -0.0123, 0.0090, 0.0128, -0.0023, 0.0498, 0.0284, 0.0091, 0.0095,
    -0.0009, 0.0016, 0.0010, -0.0027, -0.0045, -0.0091, 0.0214, 0.0082, 0.0194, 0.0144,
    0.0122,
  ]

#### advantages_min
  Points: 91
  Min: -12.9274, Max: -0.7616, Mean: -2.4677
  Data: [
    -12.9274, -1.3149, -1.9005, -3.6826, -2.6388, -1.2180, -1.9607, -1.6337, -2.9623, -2.0841,
    -4.6639, -3.8487, -2.3480, -2.4109, -3.1728, -2.8390, -2.2722, -2.9261, -3.6456, -2.5091,
    -1.5165, -3.1870, -1.6428, -1.8194, -1.6842, -1.3514, -1.9755, -1.7462, -1.2872, -1.9658,
    -1.6415, -1.5845, -2.1160, -1.3453, -2.1943, -2.3335, -3.0439, -2.8933, -2.8214, -2.4815,
    -2.6024, -2.2475, -2.1129, -1.8566, -2.3222, -1.3745, -2.8838, -3.1975, -3.6200, -1.9636,
    -5.1509, -2.5522, -1.5192, -1.3742, -2.9733, -1.6454, -1.6426, -1.8521, -1.5780, -0.9105,
    -2.9677, -0.7616, -2.2902, -1.5416, -2.4131, -1.9391, -2.9494, -1.3890, -2.6973, -1.2416,
    -1.7465, -2.4557, -3.1769, -2.8855, -4.1816, -1.6252, -2.0986, -2.1687, -2.2936, -2.9236,
    -1.6884, -0.9906, -1.5935, -1.3058, -4.8813, -2.3698, -3.9615, -2.7158, -3.6167, -1.7664,
    -4.9567,
  ]

#### advantages_std
  Points: 91
  Min: 0.1259, Max: 3.6031, Mean: 0.2537
  Data: [
    3.6031, 0.1987, 0.6966, 0.2520, 0.1851, 0.1575, 0.2333, 0.1905, 0.3019, 0.3405,
    0.3539, 0.3319, 0.3041, 0.2842, 0.2593, 0.3050, 0.3364, 0.3926, 0.2674, 0.3127,
    0.1734, 0.1952, 0.1970, 0.2112, 0.1801, 0.2715, 0.1627, 0.1638, 0.1545, 0.1570,
    0.1659, 0.1259, 0.1706, 0.1272, 0.1784, 0.1678, 0.1775, 0.1827, 0.1956, 0.1309,
    0.1819, 0.1723, 0.2339, 0.1551, 0.1784, 0.1813, 0.1759, 0.2135, 0.2513, 0.1870,
    0.1768, 0.2306, 0.2300, 0.1914, 0.1931, 0.1654, 0.1670, 0.1766, 0.1571, 0.1307,
    0.1331, 0.1643, 0.1413, 0.1678, 0.2462, 0.2104, 0.3458, 0.1924, 0.2149, 0.1747,
    0.2435, 0.2428, 0.2767, 0.1895, 0.2463, 0.1668, 0.3100, 0.2012, 0.1786, 0.1894,
    0.2122, 0.1393, 0.1662, 0.1474, 0.2431, 0.1708, 0.2505, 0.2294, 0.2404, 0.2200,
    0.2857,
  ]

#### critic_loss
  Points: 91
  Min: 0.5272, Max: 5.3378, Mean: 1.0661
  Data: [
    5.3378, 1.3071, 1.7036, 1.2366, 1.3216, 1.3522, 1.4225, 1.4058, 1.4236, 1.5386,
    1.6770, 1.7902, 1.6068, 1.6252, 1.5983, 1.4874, 1.5734, 1.5876, 1.6971, 1.7268,
    1.5680, 1.4276, 1.6228, 1.6045, 1.6565, 2.0968, 1.8677, 1.5140, 1.4061, 1.2269,
    1.1017, 1.0845, 1.1054, 0.8378, 0.9622, 0.9905, 0.8859, 0.8567, 0.8622, 0.7161,
    0.7706, 0.7525, 0.7509, 0.7551, 0.7459, 0.6891, 0.7008, 0.6900, 0.7217, 0.7847,
    0.5272, 0.7383, 0.6468, 0.5910, 0.6293, 0.7009, 0.7216, 0.6660, 0.7325, 0.6452,
    0.6707, 0.6272, 0.7428, 0.7440, 0.7590, 0.7136, 1.0866, 0.6678, 0.7896, 0.6167,
    0.7185, 0.7100, 0.9797, 0.7364, 0.7691, 0.8928, 0.8520, 0.8324, 0.7310, 0.7320,
    0.7527, 0.7321, 0.6704, 0.6860, 0.7358, 0.6320, 0.7268, 0.8258, 0.7181, 0.7482,
    0.6422,
  ]

#### entropy_max
  Points: 91
  Min: 4.2509, Max: 7.6744, Mean: 7.1521
  Data: [
    4.8145, 6.7262, 5.5499, 4.7156, 4.2509, 5.8053, 7.0221, 6.2382, 5.8156, 6.1501,
    6.3917, 6.1160, 6.1620, 6.2271, 6.1929, 6.1707, 6.1151, 6.1646, 6.1788, 6.1760,
    6.1763, 6.1835, 6.1781, 6.1765, 7.6403, 7.6742, 7.6674, 7.6739, 7.6695, 7.6710,
    7.6690, 7.6598, 7.6530, 7.6744, 7.6727, 7.6224, 7.6357, 7.4629, 7.6602, 7.6318,
    7.4785, 6.7972, 7.2889, 7.4706, 7.6011, 7.5135, 7.6325, 7.4712, 7.2455, 6.9633,
    6.7636, 7.4170, 7.5893, 7.6053, 7.5656, 7.6117, 7.6625, 7.5828, 7.6549, 7.6348,
    7.6202, 7.6503, 7.4466, 7.5859, 7.6522, 7.6559, 7.6220, 7.6489, 7.6477, 7.6292,
    7.6232, 7.6522, 7.5606, 7.6707, 7.5905, 7.5965, 7.6676, 7.6490, 7.6706, 7.6719,
    7.6725, 7.6594, 7.6530, 7.6433, 7.6309, 7.6389, 7.4537, 7.5388, 7.6685, 7.6368,
    7.5459,
  ]

#### entropy_mean
  Points: 91
  Min: 3.0184, Max: 5.5317, Mean: 3.7759
  Data: [
    4.4728, 5.5317, 3.5802, 3.3920, 3.2534, 3.3529, 3.6367, 3.5679, 3.3727, 3.5122,
    3.7415, 3.4746, 3.6922, 4.1670, 4.3725, 4.1136, 4.0232, 3.9247, 4.3877, 4.4055,
    4.6925, 4.7790, 4.1372, 4.5713, 4.6082, 4.4111, 4.7427, 4.6915, 3.9508, 4.1603,
    3.8888, 4.3793, 3.9335, 4.1709, 4.5806, 3.9998, 3.5958, 3.9478, 3.9890, 3.7746,
    3.4842, 3.0291, 3.5041, 3.5607, 3.4464, 3.7590, 3.9822, 3.3624, 3.2257, 3.2099,
    3.4151, 3.4584, 3.1603, 3.6853, 3.4410, 3.3873, 3.6392, 3.2197, 3.2925, 3.6340,
    3.3637, 3.8912, 3.0622, 3.0184, 3.4127, 3.7115, 3.4981, 3.5587, 3.5695, 3.4600,
    3.4783, 3.5766, 3.2567, 3.6628, 3.3287, 3.7445, 3.9488, 3.6025, 3.7026, 4.0945,
    3.8588, 4.1056, 3.8164, 3.9334, 3.7133, 3.5071, 3.4196, 3.5233, 3.5666, 3.7282,
    3.6171,
  ]

#### entropy_min
  Points: 91
  Min: 1.6758, Max: 4.3178, Mean: 1.7799
  Data: [
    4.3178, 2.6551, 2.9124, 3.2012, 3.1796, 3.1527, 1.7375, 1.7051, 1.6796, 1.6776,
    1.6808, 1.6781, 1.6766, 1.6767, 1.6770, 1.6765, 1.6765, 1.6758, 1.6759, 1.6764,
    1.6761, 1.6767, 1.6758, 1.6758, 1.6758, 1.6758, 1.6758, 1.6758, 1.6758, 1.6758,
    1.6758, 1.6758, 1.6758, 1.6758, 1.6758, 1.6758, 1.6758, 1.6758, 1.6758, 1.6758,
    1.6758, 1.6758, 1.6758, 1.6758, 1.6758, 1.6758, 1.6758, 1.6758, 1.6758, 1.6758,
    1.6758, 1.6758, 1.6758, 1.6758, 1.6758, 1.6758, 1.6758, 1.6758, 1.6758, 1.6758,
    1.6758, 1.6758, 1.6758, 1.6758, 1.6758, 1.6758, 1.6758, 1.6758, 1.6758, 1.6758,
    1.6758, 1.6758, 1.6758, 1.6758, 1.6758, 1.6758, 1.6758, 1.6758, 1.6758, 1.6758,
    1.6758, 1.6758, 1.6758, 1.6758, 1.6758, 1.6758, 1.6758, 1.6758, 1.6758, 1.6758,
    1.6758,
  ]

#### entropy_std
  Points: 91
  Min: 0.0466, Max: 2.2135, Mean: 1.5119
  Data: [
    0.0466, 1.0508, 0.3025, 0.1745, 0.0763, 0.2998, 0.7395, 0.6549, 0.5397, 0.8213,
    0.9064, 0.7063, 0.8999, 1.1627, 1.3151, 1.1318, 0.8906, 1.0111, 1.2649, 1.3763,
    1.3484, 1.4065, 1.4654, 1.5033, 1.8556, 2.0291, 2.1209, 2.2135, 2.0526, 2.0628,
    1.8808, 2.0197, 1.8609, 2.1681, 2.1103, 1.7153, 1.6245, 1.6678, 1.8493, 1.7101,
    1.4878, 1.1264, 1.4935, 1.4742, 1.5805, 1.6184, 1.7690, 1.5868, 1.3387, 1.1006,
    1.5793, 1.4692, 1.4569, 1.6814, 1.5425, 1.5794, 1.8595, 1.5494, 1.5610, 1.6389,
    1.5462, 1.8732, 1.4269, 1.6063, 1.8500, 2.0065, 1.7819, 1.7583, 1.7770, 1.6209,
    1.7982, 1.7334, 1.5786, 1.8522, 1.5459, 1.8081, 1.9759, 1.8011, 1.9187, 1.9845,
    1.9280, 2.0092, 1.9492, 1.9234, 1.7203, 1.6436, 1.5948, 1.6719, 1.7229, 1.9512,
    1.6916,
  ]

#### logprobs_mean
  Points: 91
  Min: -2.2341, Max: -0.6120, Mean: -0.9429
  Data: [
    -2.2341, -1.8719, -0.7575, -0.8305, -0.7013, -0.6984, -1.0395, -0.8229, -0.7077, -0.6815,
    -0.6756, -0.7378, -0.6120, -0.7297, -0.8279, -0.7473, -0.6583, -0.8100, -0.8378, -0.8682,
    -0.9502, -1.1030, -0.9603, -1.1184, -1.0728, -0.8737, -1.0426, -0.9293, -0.9222, -0.9349,
    -0.8858, -0.9291, -0.9441, -1.0220, -1.0363, -1.0181, -0.8052, -0.9798, -0.8937, -0.9809,
    -0.8900, -0.7666, -0.8822, -0.9488, -0.9128, -1.0065, -1.0806, -0.9259, -0.7184, -0.8284,
    -0.8217, -0.7950, -0.8538, -0.9289, -0.8835, -0.8665, -0.8877, -0.8322, -0.9356, -1.0563,
    -0.9387, -1.0718, -0.8547, -0.9493, -0.9597, -1.0025, -0.7509, -0.9852, -1.0254, -0.9761,
    -1.0661, -1.0175, -0.9454, -1.0489, -0.8714, -1.0095, -1.0030, -0.9797, -1.0282, -1.0599,
    -1.0136, -1.1314, -1.0182, -1.0418, -1.0623, -1.0148, -0.9792, -0.9567, -0.9731, -1.0186,
    -0.9758,
  ]

#### logprobs_std
  Points: 91
  Min: 0.8789, Max: 2.0325, Mean: 1.5953
  Data: [
    0.8789, 1.3529, 2.0325, 1.4785, 1.5130, 1.5305, 1.5211, 1.5723, 1.6042, 1.7020,
    1.6496, 1.5810, 1.7891, 1.9458, 1.6848, 1.7753, 1.9712, 1.7914, 1.8761, 1.7754,
    1.8481, 1.6916, 1.6851, 1.6490, 1.7995, 1.7963, 1.7150, 1.7573, 1.6622, 1.7001,
    1.6601, 1.6684, 1.6182, 1.5829, 1.6923, 1.5961, 1.6300, 1.5986, 1.7242, 1.5680,
    1.5490, 1.5012, 1.5686, 1.5587, 1.5222, 1.5033, 1.5388, 1.5558, 1.6302, 1.5257,
    1.6409, 1.6189, 1.5187, 1.6060, 1.6518, 1.5751, 1.6420, 1.5744, 1.4983, 1.5278,
    1.5166, 1.5373, 1.5247, 1.4491, 1.5075, 1.5349, 1.5938, 1.5207, 1.4843, 1.4572,
    1.4690, 1.5182, 1.4878, 1.5002, 1.5312, 1.5548, 1.5482, 1.5155, 1.5220, 1.5523,
    1.5791, 1.5341, 1.5911, 1.5355, 1.5029, 1.4848, 1.5162, 1.5452, 1.5171, 1.5252,
    1.5384,
  ]

#### mean_reg_loss
  Points: 91
  Min: 0.0012, Max: 0.0029, Mean: 0.0018
  Data: [
    0.0015, 0.0012, 0.0029, 0.0019, 0.0020, 0.0023, 0.0018, 0.0020, 0.0024, 0.0026,
    0.0026, 0.0021, 0.0028, 0.0026, 0.0023, 0.0025, 0.0029, 0.0024, 0.0024, 0.0021,
    0.0021, 0.0014, 0.0018, 0.0013, 0.0018, 0.0022, 0.0017, 0.0020, 0.0018, 0.0019,
    0.0020, 0.0019, 0.0017, 0.0014, 0.0017, 0.0016, 0.0021, 0.0017, 0.0020, 0.0017,
    0.0018, 0.0019, 0.0018, 0.0017, 0.0017, 0.0015, 0.0014, 0.0017, 0.0023, 0.0018,
    0.0019, 0.0022, 0.0016, 0.0017, 0.0018, 0.0017, 0.0018, 0.0017, 0.0015, 0.0014,
    0.0015, 0.0014, 0.0018, 0.0014, 0.0015, 0.0015, 0.0023, 0.0016, 0.0014, 0.0014,
    0.0013, 0.0015, 0.0015, 0.0013, 0.0018, 0.0015, 0.0016, 0.0014, 0.0014, 0.0014,
    0.0015, 0.0012, 0.0015, 0.0013, 0.0013, 0.0013, 0.0014, 0.0015, 0.0015, 0.0014,
    0.0015,
  ]


### VALUES
#### critic_slow_diff
  Points: 91
  Min: 0.0105, Max: 2.2396, Mean: 0.4254
  Data: [
    0.0105, 1.3442, 0.5943, 0.2370, 0.4110, 0.4368, 0.7728, 0.2890, 0.6090, 0.6387,
    0.1963, 0.3306, 0.3654, 0.2614, 0.2131, 0.2374, 0.2330, 0.1534, 0.3209, 0.3246,
    0.1145, 0.4220, 0.1967, 0.6366, 0.3168, 0.5135, 0.5502, 0.3050, 0.5022, 0.3623,
    0.2963, 1.9230, 0.5598, 0.1581, 0.3135, 0.4031, 1.3786, 0.3559, 0.8829, 0.1059,
    0.3210, 0.2610, 0.3126, 0.3260, 0.1846, 0.1510, 0.4755, 0.4243, 0.1806, 0.4230,
    0.1046, 0.3352, 0.3486, 0.3696, 0.4068, 0.3280, 0.2715, 0.1466, 0.1559, 0.9120,
    0.2224, 0.1611, 0.9145, 0.2433, 0.5373, 0.3552, 2.2396, 0.1940, 0.3449, 0.1308,
    0.1159, 0.4021, 1.5939, 0.5085, 0.0723, 1.3794, 0.3846, 0.5827, 0.3004, 0.1959,
    0.3073, 0.4869, 0.2018, 0.0981, 0.6148, 0.3039, 0.4355, 0.2015, 0.1130, 0.1049,
    0.2541,
  ]

#### lambda_returns_max
  Points: 91
  Min: -0.4473, Max: 78.9945, Mean: 26.3704
  Data: [
    -0.4473, 47.3946, 78.9945, 18.4782, 22.2174, 24.7369, 29.3538, 17.8124, 21.0374, 24.4049,
    21.2212, 19.3747, 18.6737, 20.2347, 18.0029, 19.5910, 18.3751, 19.1890, 18.4553, 16.7545,
    17.2545, 17.7312, 18.7842, 18.6489, 18.2163, 32.6867, 16.9145, 25.5897, 28.8589, 29.2400,
    26.0285, 26.9262, 31.3292, 34.3524, 27.3345, 32.9808, 27.8492, 30.5537, 24.0336, 19.5423,
    25.1631, 34.0115, 26.5427, 25.6940, 21.7846, 28.4262, 24.7862, 23.8446, 25.9793, 29.0838,
    24.2420, 29.8608, 28.4021, 26.2109, 30.1144, 26.3822, 25.3663, 26.5752, 27.1427, 24.5908,
    27.4293, 28.5056, 29.1391, 29.5168, 34.6890, 27.4810, 35.2610, 26.1951, 24.4208, 28.7465,
    29.6639, 26.9556, 22.5662, 32.5316, 27.0200, 26.3522, 28.5574, 31.5569, 27.0375, 30.7457,
    27.8157, 30.4538, 25.9935, 23.6761, 27.0165, 22.9509, 30.0285, 29.5128, 34.6321, 30.4056,
    29.9385,
  ]

#### lambda_returns_mean
  Points: 91
  Min: -19.2369, Max: 15.4367, Mean: 7.9631
  Data: [
    -2.6711, -19.2369, -4.6115, -6.8511, -6.0238, -6.7480, -5.5218, -3.9238, -2.8822, -1.5733,
    -2.4227, -1.3302, -1.1913, -0.5435, -0.9373, -1.0276, -0.0418, -0.5935, -0.0720, -0.6161,
    -0.0887, -0.7508, -0.1602, -0.3767, 1.3525, 2.6451, 3.0200, 5.1398, 8.0980, 8.0610,
    9.7049, 12.8288, 11.1852, 10.8538, 10.4911, 11.9016, 13.4345, 10.6754, 13.0939, 11.8182,
    11.7034, 13.6211, 12.6106, 12.4274, 11.8086, 13.1915, 11.6987, 12.5700, 12.1603, 12.7986,
    12.5528, 13.6587, 13.1231, 11.9854, 11.6054, 13.2987, 11.6561, 12.4848, 12.5015, 12.7144,
    13.7404, 12.3659, 13.9470, 13.5762, 12.1946, 13.3569, 15.1197, 12.5135, 12.6043, 12.9953,
    12.5075, 12.6504, 14.4315, 12.2792, 12.2488, 15.4367, 12.2340, 13.6556, 11.8631, 12.2662,
    12.6145, 10.9508, 12.9209, 12.6685, 12.2664, 12.8702, 12.1298, 13.8338, 12.7897, 12.8031,
    12.5280,
  ]

#### lambda_returns_min
  Points: 91
  Min: -39.8462, Max: 7.1337, Mean: -13.1433
  Data: [
    -4.4859, -33.6968, -30.9438, -36.9270, -35.9069, -20.8666, -28.0554, -19.3546, -27.0422, -17.6070,
    -39.8462, -24.5115, -17.7005, -16.6696, -26.3537, -15.7753, -17.1457, -21.0901, -20.2117, -22.1976,
    -16.8520, -27.2244, -18.1391, -20.4177, -17.1358, -17.2548, -18.1784, -19.5485, -18.5474, -17.4917,
    -17.0131, -7.3779, -18.0887, -15.0727, -17.6809, -18.0755, -15.8125, -16.3267, -17.1511, -14.3970,
    -17.4171, -15.8973, -15.5830, -10.9018, -17.8667, -6.0732, -12.1576, -17.5366, -15.8923, -0.1623,
    -17.0914, 0.0740, 0.1326, 4.6174, -10.2822, -9.8840, -1.8778, -0.1118, 1.2019, 3.3597,
    -12.0007, 3.3045, -6.2995, -10.1148, 0.5366, -1.1112, -1.4674, 2.8581, -3.7938, 7.1337,
    4.5781, -11.9611, -19.8900, -17.9243, -15.6580, 1.9298, -18.0494, -8.5041, -9.5599, -14.6736,
    0.3780, 1.4072, 0.8607, 1.6543, -21.6460, -5.9001, -17.5702, -14.4890, -17.3657, 1.4062,
    -10.5893,
  ]

#### lambda_returns_std
  Points: 91
  Min: 1.2176, Max: 12.1283, Mean: 2.8188
  Data: [
    1.2471, 8.1904, 12.1283, 3.0035, 2.3665, 3.1196, 3.7629, 2.8979, 2.8012, 3.6175,
    3.8720, 2.8745, 2.9364, 2.9391, 2.9756, 2.2297, 3.5774, 3.1054, 2.5040, 3.0473,
    2.9330, 2.3128, 3.4179, 3.1904, 3.6857, 4.6199, 3.1888, 3.7907, 4.3583, 4.4524,
    3.5563, 4.1151, 4.2627, 3.5240, 4.1496, 3.9122, 3.5347, 2.9049, 2.8941, 2.9658,
    3.1958, 1.8274, 2.6712, 2.8220, 2.0702, 1.8796, 2.1245, 2.8048, 2.3281, 2.0884,
    1.9474, 1.7786, 1.7863, 1.9394, 2.5564, 1.8062, 2.1323, 2.1803, 2.8255, 2.3794,
    1.4959, 2.7274, 2.3827, 1.5450, 1.6375, 1.5860, 2.9377, 1.9782, 1.6583, 1.2176,
    2.2097, 2.8223, 2.6486, 1.7838, 1.6296, 2.6811, 2.6856, 2.1985, 1.8296, 2.5278,
    2.2095, 3.1922, 1.8299, 2.5453, 1.9985, 1.5882, 1.6644, 2.8944, 2.6790, 1.5029,
    2.1138,
  ]

#### max
  Points: 91
  Min: -0.0048, Max: 24.1531, Mean: 17.2539
  Data: [
    -0.0048, 0.7863, 11.4212, 9.0951, 12.1834, 10.7802, 14.1903, 13.6232, 11.7010, 15.1355,
    15.8574, 14.2482, 15.5038, 13.8641, 14.0009, 13.8412, 13.9351, 14.7788, 13.7277, 12.9174,
    14.3495, 13.7747, 13.7154, 14.2490, 16.4041, 15.3778, 13.7516, 17.1846, 18.4363, 16.8481,
    16.4309, 17.1790, 17.8871, 16.8455, 16.5105, 18.4881, 18.7148, 16.6728, 18.0158, 17.1527,
    16.5969, 18.3918, 15.5416, 17.7114, 16.1643, 18.7175, 17.1233, 17.2878, 18.8094, 17.5196,
    16.1669, 19.5120, 19.8109, 19.7340, 17.9622, 19.6681, 18.2340, 18.0330, 21.5595, 16.6750,
    21.5104, 20.5633, 17.8095, 19.6583, 19.6532, 19.7550, 22.5699, 19.7805, 18.5554, 17.5151,
    19.4140, 21.6555, 21.4670, 19.5111, 20.2134, 20.3544, 18.5548, 23.9815, 19.7598, 20.0504,
    22.5374, 22.5843, 22.8706, 21.7094, 22.4510, 21.6970, 20.9365, 24.1531, 20.0589, 19.5520,
    18.4281,
  ]

#### mean
  Points: 91
  Min: -18.9769, Max: 15.4589, Mean: 7.9424
  Data: [
    -0.0109, -18.9769, -6.6818, -6.7093, -5.7793, -6.5659, -5.4537, -3.7682, -2.7562, -1.7032,
    -2.1737, -1.2907, -1.2493, -0.6237, -0.7963, -1.0705, -0.2011, -0.6532, -0.1244, -0.5477,
    -0.1624, -0.8052, -0.2211, -0.5179, 1.2040, 2.1224, 2.9311, 4.9972, 7.9859, 7.9870,
    9.5595, 12.8880, 11.1655, 10.7832, 10.5602, 11.8424, 13.3859, 10.6701, 13.1340, 11.7531,
    11.7824, 13.6383, 12.6418, 12.3748, 11.8161, 13.1091, 11.7080, 12.5926, 12.0843, 12.7883,
    12.5400, 13.6456, 13.0612, 11.9679, 11.5054, 13.2761, 11.6017, 12.4866, 12.4844, 12.7412,
    13.7315, 12.1909, 14.0236, 13.5488, 12.0856, 13.3413, 14.7850, 12.4512, 12.5534, 12.9977,
    12.4322, 12.6005, 14.5102, 12.2384, 12.1921, 15.4589, 12.0088, 13.4737, 11.8153, 12.2101,
    12.6219, 10.9407, 12.9162, 12.6928, 12.3040, 12.9210, 12.0413, 13.7983, 12.6855, 12.7246,
    12.4926,
  ]

#### min
  Points: 91
  Min: -23.9829, Max: 5.6771, Mean: -8.5643
  Data: [
    -0.0113, -23.9829, -16.8268, -17.7712, -16.4657, -17.9656, -15.5321, -14.3848, -17.7477, -16.7493,
    -17.2554, -15.8614, -16.6575, -15.0285, -16.1681, -15.4297, -14.2058, -16.5276, -14.5088, -15.4535,
    -14.2395, -13.9047, -12.7676, -15.7380, -14.5400, -12.3647, -13.7843, -10.8320, -12.0058, -12.6582,
    -8.7438, -7.2947, -12.1814, -9.6906, -11.2191, -10.1705, -9.5563, -10.0840, -12.6799, -11.1398,
    -11.4089, -10.7393, -9.5715, -9.5596, -6.8773, -7.1301, -10.2253, -9.6920, -6.0489, -0.2132,
    -8.4580, -0.1358, -1.1507, -3.3525, -9.4127, -6.8971, -1.7736, 0.9642, 1.3589, 4.6696,
    -5.9972, 3.8599, -6.8713, -8.5578, 0.4422, -2.2995, -1.4674, 0.2974, -3.6248, 5.6771,
    0.3782, -7.6199, -8.3367, -6.5892, -8.0435, -0.0563, -11.8949, -9.7990, -9.5419, -4.0325,
    3.4313, 1.4670, 1.0720, 1.6543, -8.6026, -5.7871, -8.7756, -10.0873, -8.4577, 4.8072,
    -10.2158,
  ]

#### norm_high
  Points: 91
  Min: -9.0389, Max: 16.8725, Mean: 10.8932
  Data: [
    -0.0386, -9.0389, -0.2281, -3.1884, -2.0114, -2.0179, -1.2543, -0.8719, -0.5377, 0.2322,
    0.2773, 0.8258, 0.9817, 1.8193, 2.4907, 1.3441, 2.6814, 1.5271, 2.6522, 3.2658,
    5.8108, 4.6522, 6.9496, 5.8052, 7.7115, 8.4412, 10.1921, 12.1193, 13.3972, 13.9183,
    14.0338, 16.2370, 15.2293, 14.1451, 15.2194, 15.3266, 15.1977, 14.3083, 15.2725, 14.4984,
    14.8522, 15.4210, 14.7035, 14.9959, 13.5919, 14.8343, 14.0571, 14.2398, 14.4375, 15.4874,
    14.1055, 15.3204, 15.0600, 13.9431, 14.3138, 14.9387, 13.7809, 14.2459, 14.9312, 16.0649,
    15.6577, 15.0135, 16.8030, 15.1344, 14.0702, 14.8358, 15.0628, 14.4261, 14.5385, 14.8674,
    14.1828, 14.7080, 15.8108, 14.7583, 13.6275, 16.8725, 13.7283, 15.6349, 13.8060, 14.4787,
    14.4403, 14.0949, 15.1808, 15.2408, 14.6494, 15.2699, 13.9943, 16.4886, 14.6651, 14.1607,
    14.3776,
  ]

#### norm_low
  Points: 91
  Min: -23.9234, Max: 10.4207, Mean: 4.0235
  Data: [
    -0.3847, -23.9234, -12.5726, -10.6408, -9.9320, -12.7280, -10.3613, -8.8137, -6.5766, -5.8919,
    -5.5909, -4.5887, -4.1324, -3.7220, -3.3875, -3.1391, -2.6216, -3.0443, -2.4133, -2.1322,
    -2.1332, -2.1387, -2.2977, -2.0982, -1.4063, -0.5159, 0.2464, 0.8846, 1.6977, 2.1959,
    3.8158, 3.5926, 4.0436, 4.3494, 5.5620, 5.5013, 6.2488, 6.8313, 7.5669, 7.4649,
    6.0908, 8.8482, 8.8078, 7.8298, 6.9487, 8.8526, 8.2634, 8.9116, 9.6754, 9.9685,
    8.9399, 10.0739, 10.3303, 9.1238, 8.3605, 9.2113, 7.6739, 8.4540, 8.6759, 9.3733,
    8.6228, 8.5100, 9.8659, 8.2290, 9.2830, 9.1300, 9.3058, 8.7497, 8.5557, 9.7581,
    9.3762, 9.6280, 9.8311, 9.0166, 8.7540, 7.9702, 9.0039, 8.7565, 8.1226, 8.2101,
    8.5893, 7.3871, 9.2918, 8.1565, 9.0107, 9.9383, 9.7477, 10.4207, 8.7382, 8.5435,
    10.4082,
  ]

#### norm_scale
  Points: 91
  Min: 0.3462, Max: 14.8845, Mean: 6.8697
  Data: [
    0.3462, 14.8845, 12.3445, 7.4524, 7.9206, 10.7102, 9.1070, 7.9418, 6.0389, 6.1241,
    5.8681, 5.4144, 5.1141, 5.5413, 5.8782, 4.4831, 5.3030, 4.5715, 5.0656, 5.3979,
    7.9440, 6.7909, 9.2473, 7.9034, 9.1178, 8.9571, 9.9457, 11.2348, 11.6995, 11.7224,
    10.2179, 12.6445, 11.1856, 9.7957, 9.6574, 9.8254, 8.9489, 7.4770, 7.7056, 7.0335,
    8.7615, 6.5728, 5.8957, 7.1661, 6.6432, 5.9817, 5.7937, 5.3281, 4.7621, 5.5189,
    5.1657, 5.2465, 4.7297, 4.8193, 5.9533, 5.7275, 6.1071, 5.7919, 6.2552, 6.6917,
    7.0349, 6.5036, 6.9371, 6.9054, 4.7871, 5.7058, 5.7570, 5.6763, 5.9828, 5.1094,
    4.8067, 5.0799, 5.9798, 5.7417, 4.8736, 8.9023, 4.7244, 6.8784, 5.6834, 6.2685,
    5.8509, 6.7078, 5.8890, 7.0843, 5.6387, 5.3316, 4.2465, 6.0679, 5.9269, 5.6172,
    3.9693,
  ]

#### std
  Points: 91
  Min: 0.0004, Max: 7.3577, Mean: 2.2781
  Data: [
    0.0004, 7.3577, 4.9520, 2.1294, 1.7260, 2.5703, 2.5874, 2.2509, 1.8456, 2.2425,
    2.7083, 2.0719, 2.3611, 2.0995, 2.1732, 1.4852, 2.7225, 2.2195, 1.8570, 2.2870,
    2.3362, 1.6497, 2.7943, 2.4936, 3.1047, 3.5042, 2.7965, 3.2617, 3.8869, 3.9788,
    3.0861, 3.9125, 3.7007, 3.3795, 3.6292, 3.4189, 2.9990, 2.5684, 2.7014, 2.8269,
    2.8795, 1.6843, 2.3117, 2.6787, 1.8996, 1.7082, 1.8825, 2.4702, 1.9281, 1.8462,
    1.7141, 1.4745, 1.4604, 1.7919, 2.2851, 1.5652, 1.8776, 1.9080, 2.6760, 2.2752,
    1.0826, 2.4413, 2.2461, 1.0697, 1.1690, 1.2005, 2.4957, 1.7694, 1.1103, 0.8862,
    1.8901, 2.5804, 2.2464, 1.3414, 1.0298, 2.5700, 2.1341, 1.9126, 1.4592, 2.2397,
    1.9836, 3.0252, 1.6480, 2.4048, 1.4624, 1.4652, 1.2169, 2.5118, 2.0786, 0.8201,
    1.8210,
  ]


### IMAGINATION
#### continue_mean
  Points: 91
  Min: 0.9844, Max: 0.9995, Mean: 0.9925
  Data: [
    0.9995, 0.9969, 0.9928, 0.9933, 0.9908, 0.9916, 0.9923, 0.9907, 0.9946, 0.9939,
    0.9927, 0.9976, 0.9963, 0.9949, 0.9945, 0.9981, 0.9899, 0.9955, 0.9960, 0.9955,
    0.9939, 0.9967, 0.9940, 0.9952, 0.9953, 0.9944, 0.9975, 0.9978, 0.9957, 0.9939,
    0.9941, 0.9929, 0.9931, 0.9959, 0.9940, 0.9943, 0.9928, 0.9957, 0.9924, 0.9951,
    0.9951, 0.9940, 0.9943, 0.9939, 0.9902, 0.9924, 0.9937, 0.9924, 0.9951, 0.9956,
    0.9887, 0.9907, 0.9925, 0.9910, 0.9922, 0.9895, 0.9902, 0.9885, 0.9923, 0.9903,
    0.9941, 0.9924, 0.9883, 0.9884, 0.9850, 0.9875, 0.9844, 0.9897, 0.9902, 0.9905,
    0.9877, 0.9888, 0.9889, 0.9918, 0.9865, 0.9889, 0.9920, 0.9930, 0.9929, 0.9921,
    0.9890, 0.9918, 0.9904, 0.9894, 0.9897, 0.9935, 0.9911, 0.9924, 0.9939, 0.9865,
    0.9899,
  ]

#### continue_min
  Points: 91
  Min: 0.0000, Max: 0.9944, Mean: 0.0152
  Data: [
    0.9944, 0.1831, 0.0288, 0.0039, 0.0007, 0.0063, 0.0004, 0.0065, 0.0075, 0.0008,
    0.0083, 0.0231, 0.0147, 0.0014, 0.0004, 0.0663, 0.0003, 0.0086, 0.0002, 0.0011,
    0.0001, 0.0010, 0.0001, 0.0043, 0.0006, 0.0001, 0.0005, 0.0043, 0.0028, 0.0004,
    0.0005, 0.0003, 0.0015, 0.0004, 0.0017, 0.0007, 0.0015, 0.0005, 0.0005, 0.0008,
    0.0003, 0.0003, 0.0027, 0.0005, 0.0001, 0.0001, 0.0003, 0.0002, 0.0000, 0.0001,
    0.0000, 0.0001, 0.0000, 0.0000, 0.0002, 0.0002, 0.0000, 0.0001, 0.0000, 0.0000,
    0.0001, 0.0002, 0.0000, 0.0000, 0.0000, 0.0000, 0.0000, 0.0000, 0.0000, 0.0000,
    0.0000, 0.0003, 0.0001, 0.0000, 0.0000, 0.0000, 0.0000, 0.0000, 0.0000, 0.0000,
    0.0001, 0.0000, 0.0000, 0.0000, 0.0000, 0.0000, 0.0000, 0.0000, 0.0001, 0.0000,
    0.0000,
  ]

#### reward_abs_mean
  Points: 91
  Min: 0.0424, Max: 0.5393, Mean: 0.1316
  Data: [
    0.4369, 0.1766, 0.5393, 0.1338, 0.1296, 0.1659, 0.1567, 0.1054, 0.1019, 0.1533,
    0.1538, 0.0700, 0.0907, 0.0920, 0.1098, 0.0573, 0.1472, 0.0846, 0.0816, 0.0803,
    0.0843, 0.0444, 0.0941, 0.0729, 0.0648, 0.1355, 0.0424, 0.0572, 0.0934, 0.0972,
    0.1070, 0.0956, 0.1321, 0.0685, 0.1074, 0.1082, 0.1390, 0.0729, 0.1161, 0.0783,
    0.0759, 0.0983, 0.0987, 0.0965, 0.1274, 0.1213, 0.0877, 0.1141, 0.0906, 0.0779,
    0.1548, 0.1441, 0.1167, 0.1273, 0.1225, 0.1566, 0.1402, 0.1581, 0.1161, 0.1420,
    0.0966, 0.1377, 0.1795, 0.1777, 0.2199, 0.1808, 0.2815, 0.1527, 0.1575, 0.1322,
    0.1864, 0.1670, 0.1513, 0.1230, 0.1958, 0.1876, 0.1449, 0.1239, 0.1044, 0.1241,
    0.1520, 0.1137, 0.1448, 0.1452, 0.1487, 0.0877, 0.1412, 0.1214, 0.1137, 0.1973,
    0.1399,
  ]

#### reward_max
  Points: 91
  Min: -0.3233, Max: 9.9989, Mean: 9.8512
  Data: [
    -0.3233, 9.3236, 9.7355, 9.6392, 9.6353, 9.9531, 9.8630, 9.8734, 9.8915, 9.9381,
    9.8969, 9.9710, 9.9504, 9.9529, 9.9558, 9.9583, 9.9723, 9.9814, 9.9641, 9.9781,
    9.9716, 9.9869, 9.9705, 9.9825, 9.9812, 9.9905, 9.9894, 9.9856, 9.9890, 9.9900,
    9.9924, 9.9431, 9.9867, 9.9924, 9.9850, 9.9831, 9.9897, 9.9920, 9.9850, 9.9938,
    9.9901, 9.9888, 9.9914, 9.9853, 9.9860, 9.9945, 9.9905, 9.9949, 9.9951, 9.9946,
    9.9936, 9.9964, 9.9960, 9.9909, 9.9966, 9.9904, 9.9980, 9.9933, 9.9937, 9.9860,
    9.9982, 9.9989, 9.9883, 9.9901, 9.9966, 9.9897, 9.9945, 9.9973, 9.9914, 9.9952,
    9.9945, 9.9918, 9.9878, 9.9945, 9.9948, 9.9899, 9.9956, 9.9924, 9.9972, 9.9977,
    9.9936, 9.9958, 9.9909, 9.9968, 9.9920, 9.9948, 9.9977, 9.9955, 9.9972, 9.9969,
    9.9972,
  ]

#### reward_mean
  Points: 91
  Min: -0.4369, Max: 0.2870, Mean: 0.0554
  Data: [
    -0.4369, -0.0925, 0.2870, -0.1227, -0.1117, -0.1155, -0.0850, -0.0480, -0.0577, -0.0132,
    -0.1147, -0.0421, -0.0374, 0.0153, -0.0805, -0.0045, -0.0180, 0.0291, -0.0193, -0.0224,
    -0.0248, -0.0041, -0.0403, 0.0086, 0.0093, 0.0405, -0.0112, 0.0146, 0.0209, 0.0282,
    0.0395, 0.0683, 0.0674, 0.0267, 0.0185, 0.0555, 0.0780, 0.0092, 0.0739, 0.0228,
    0.0136, 0.0595, 0.0385, 0.0674, 0.0991, 0.0940, 0.0481, 0.0578, 0.0411, 0.0507,
    0.1356, 0.1168, 0.0865, 0.1069, 0.0946, 0.1300, 0.1135, 0.1356, 0.0947, 0.1193,
    0.0718, 0.1127, 0.1523, 0.1571, 0.1968, 0.1567, 0.2590, 0.1302, 0.1362, 0.1076,
    0.1676, 0.1341, 0.1272, 0.0936, 0.1615, 0.1693, 0.1044, 0.1009, 0.0863, 0.1022,
    0.1325, 0.0986, 0.1294, 0.1265, 0.0958, 0.0699, 0.1120, 0.0873, 0.0627, 0.1785,
    0.1081,
  ]

#### reward_min
  Points: 91
  Min: -10.2854, Max: -0.1650, Mean: -7.6047
  Data: [
    -0.4386, -9.9488, -10.1162, -10.2439, -10.1795, -10.2661, -10.0740, -10.2255, -10.1738, -10.1673,
    -10.1855, -10.0961, -10.2037, -10.1914, -10.2193, -10.0943, -10.1943, -10.1240, -10.1926, -10.1865,
    -10.1758, -10.1279, -10.2060, -10.1393, -10.1719, -10.2191, -10.0190, -10.1748, -10.1403, -10.1631,
    -10.1673, -7.5783, -10.1664, -10.0987, -10.2172, -10.1072, -10.1356, -10.2134, -10.0391, -10.1203,
    -10.1373, -10.0753, -10.1684, -9.7821, -10.0847, -10.0900, -10.2471, -10.1458, -10.0547, -0.2799,
    -9.9993, -0.2403, -0.2110, -0.1976, -10.2854, -10.0411, -2.4202, -9.9473, -0.2508, -0.2282,
    -10.1363, -0.2634, -0.2220, -10.1421, -0.2074, -9.7796, -0.2446, -0.2337, -0.2102, -0.1851,
    -0.2075, -10.1615, -10.1009, -10.1319, -10.2528, -0.2327, -10.0963, -9.9989, -10.1332, -8.1994,
    -0.2229, -0.1650, -0.2037, -0.1861, -10.0784, -0.1758, -10.1214, -10.2792, -10.2266, -0.1811,
    -10.2554,
  ]

#### reward_nonzero_frac
  Points: 91
  Min: 0.0258, Max: 1.0000, Mean: 0.0912
  Data: [
    1.0000, 0.6076, 0.3078, 0.2269, 0.3731, 0.2881, 0.2373, 0.1753, 0.1771, 0.1879,
    0.2128, 0.1847, 0.1476, 0.1033, 0.1080, 0.1119, 0.1057, 0.0528, 0.0936, 0.0719,
    0.1022, 0.0492, 0.0998, 0.0575, 0.0377, 0.0661, 0.0683, 0.0547, 0.0560, 0.0550,
    0.0541, 0.0533, 0.0610, 0.0373, 0.0854, 0.0541, 0.0427, 0.0737, 0.0582, 0.0457,
    0.0713, 0.0608, 0.0490, 0.0438, 0.0452, 0.0525, 0.0415, 0.0370, 0.0639, 0.0633,
    0.0387, 0.0606, 0.0649, 0.0413, 0.0547, 0.0616, 0.0392, 0.0418, 0.0462, 0.0491,
    0.0391, 0.0570, 0.0541, 0.0449, 0.0444, 0.0446, 0.0629, 0.0457, 0.0552, 0.0441,
    0.0384, 0.0418, 0.0492, 0.0415, 0.0477, 0.0513, 0.0374, 0.0428, 0.0280, 0.0380,
    0.0320, 0.0258, 0.0318, 0.0387, 0.0510, 0.0297, 0.0348, 0.0305, 0.0363, 0.0360,
    0.0373,
  ]

#### reward_significant_frac
  Points: 91
  Min: 0.0000, Max: 0.0606, Mean: 0.0129
  Data: [
    0.0000, 0.0144, 0.0606, 0.0107, 0.0071, 0.0140, 0.0143, 0.0079, 0.0079, 0.0141,
    0.0130, 0.0041, 0.0071, 0.0084, 0.0101, 0.0043, 0.0156, 0.0079, 0.0074, 0.0081,
    0.0075, 0.0041, 0.0090, 0.0070, 0.0073, 0.0137, 0.0031, 0.0057, 0.0095, 0.0108,
    0.0114, 0.0107, 0.0152, 0.0068, 0.0109, 0.0117, 0.0162, 0.0071, 0.0123, 0.0075,
    0.0068, 0.0094, 0.0102, 0.0101, 0.0132, 0.0127, 0.0084, 0.0121, 0.0082, 0.0077,
    0.0163, 0.0142, 0.0114, 0.0138, 0.0123, 0.0168, 0.0140, 0.0175, 0.0122, 0.0152,
    0.0098, 0.0137, 0.0208, 0.0201, 0.0235, 0.0196, 0.0342, 0.0161, 0.0168, 0.0129,
    0.0207, 0.0186, 0.0174, 0.0124, 0.0201, 0.0207, 0.0149, 0.0134, 0.0109, 0.0132,
    0.0156, 0.0114, 0.0164, 0.0154, 0.0153, 0.0092, 0.0152, 0.0138, 0.0120, 0.0207,
    0.0145,
  ]

#### reward_std
  Points: 91
  Min: 0.0053, Max: 2.0311, Mean: 0.9532
  Data: [
    0.0053, 0.6933, 2.0311, 0.8033, 0.7005, 0.9254, 0.9111, 0.7257, 0.6638, 0.9821,
    0.9590, 0.4909, 0.6711, 0.7187, 0.8506, 0.5004, 1.0561, 0.7677, 0.7189, 0.7319,
    0.7300, 0.5189, 0.7964, 0.7195, 0.6854, 1.0466, 0.4741, 0.6075, 0.8306, 0.8702,
    0.9141, 0.8449, 1.0173, 0.7206, 0.8998, 0.9279, 1.0627, 0.7152, 0.9540, 0.7789,
    0.7420, 0.8837, 0.8955, 0.8775, 1.0294, 0.9950, 0.8352, 0.9801, 0.8232, 0.7614,
    1.1665, 1.1056, 0.9741, 1.0378, 1.0144, 1.1481, 1.0900, 1.1700, 0.9837, 1.0918,
    0.8834, 1.0860, 1.2123, 1.2349, 1.3893, 1.2380, 1.5168, 1.1426, 1.1579, 1.0661,
    1.2724, 1.1893, 1.1146, 1.0252, 1.3185, 1.2651, 1.1340, 1.0068, 0.9474, 1.0283,
    1.1539, 0.9974, 1.1149, 1.1238, 1.1136, 0.8518, 1.1058, 1.0184, 0.9734, 1.3242,
    1.1106,
  ]


### ACTIONS
#### abs_mean
  Points: 91
  Min: 0.4393, Max: 0.5908, Mean: 0.5010
  Data: [
    0.5047, 0.5908, 0.5203, 0.4643, 0.4794, 0.4959, 0.4723, 0.5063, 0.4825, 0.4920,
    0.5278, 0.4865, 0.5094, 0.5451, 0.5675, 0.5376, 0.5350, 0.5110, 0.5566, 0.5520,
    0.5459, 0.5467, 0.5211, 0.5519, 0.5358, 0.5634, 0.5689, 0.5765, 0.5434, 0.5160,
    0.5305, 0.5617, 0.5063, 0.5014, 0.5289, 0.4791, 0.5021, 0.5163, 0.5170, 0.4759,
    0.4836, 0.4498, 0.4947, 0.4876, 0.4766, 0.4832, 0.5066, 0.4729, 0.4716, 0.4883,
    0.5070, 0.4987, 0.4863, 0.4912, 0.4801, 0.4641, 0.5132, 0.4717, 0.4623, 0.4606,
    0.4795, 0.4878, 0.4472, 0.4753, 0.4393, 0.5024, 0.5124, 0.4833, 0.4822, 0.4589,
    0.4473, 0.4750, 0.4562, 0.5150, 0.4953, 0.5297, 0.5145, 0.4925, 0.4624, 0.5271,
    0.4792, 0.4960, 0.4720, 0.5009, 0.4697, 0.4660, 0.4605, 0.5024, 0.4840, 0.4962,
    0.5041,
  ]

#### dim0_mean
  Points: 91
  Min: -0.4306, Max: 0.2107, Mean: 0.0537
  Data: [
    -0.4306, -0.0423, -0.1758, 0.1613, 0.1511, -0.2462, -0.0624, -0.0567, -0.0304, 0.1756,
    0.0396, 0.1175, 0.0981, 0.0490, 0.2107, 0.1230, 0.0344, 0.0385, 0.0183, 0.0600,
    0.0943, 0.0771, -0.0145, -0.0097, 0.0056, 0.0819, -0.0066, 0.0399, 0.0065, 0.0507,
    -0.0380, 0.0662, -0.0128, 0.0483, 0.0899, -0.0001, 0.0541, -0.0155, 0.0734, 0.0171,
    0.0471, 0.0914, 0.0362, 0.1217, 0.0043, 0.1227, 0.0015, 0.0281, 0.1258, 0.1274,
    0.0556, 0.1742, 0.1248, 0.0692, 0.0642, 0.1080, 0.0687, 0.1139, 0.0719, 0.0091,
    0.0695, 0.0587, 0.0712, 0.1370, 0.1380, 0.0257, 0.0989, 0.0921, 0.0740, 0.0895,
    0.1074, 0.1196, 0.0814, 0.0071, 0.0955, 0.0700, 0.0429, 0.0618, 0.0455, 0.0738,
    0.1364, 0.1052, 0.0649, 0.1338, 0.0501, 0.0574, 0.0586, 0.0503, 0.0662, 0.1465,
    0.0507,
  ]

#### dim1_mean
  Points: 91
  Min: -0.0797, Max: 0.1716, Mean: 0.0238
  Data: [
    0.0538, 0.0757, 0.1511, -0.0227, -0.0606, 0.0474, -0.0274, -0.0140, 0.0235, 0.1067,
    0.0380, 0.0421, -0.0177, 0.0606, -0.0153, 0.0012, 0.0109, -0.0037, 0.0772, -0.0309,
    -0.0046, 0.0037, -0.0763, 0.0239, 0.0145, 0.0913, -0.0500, 0.0230, -0.0488, 0.0512,
    0.0547, 0.0204, 0.0398, 0.0376, -0.0642, 0.0232, 0.0217, -0.0375, 0.0749, 0.0562,
    -0.0187, -0.0557, 0.0248, 0.0097, 0.0457, -0.0009, -0.0223, 0.0710, 0.0301, 0.0486,
    0.0633, -0.0342, 0.0572, -0.0124, 0.0236, 0.0968, -0.0109, 0.0913, -0.0029, 0.0592,
    0.0228, 0.0527, 0.1382, -0.0122, 0.0944, 0.1233, 0.1716, 0.0494, 0.0606, 0.0565,
    0.0453, 0.0073, -0.0088, 0.0015, 0.0370, 0.0390, 0.0193, 0.0486, -0.0797, 0.0207,
    0.0041, -0.0099, 0.0633, 0.0528, -0.0188, -0.0071, -0.0005, -0.0247, 0.0104, -0.0402,
    0.0317,
  ]

#### dim2_mean
  Points: 91
  Min: -0.2181, Max: 0.1852, Mean: 0.0238
  Data: [
    -0.1281, 0.1852, -0.1681, 0.0298, -0.2181, -0.1418, -0.0383, -0.1296, -0.0686, 0.0067,
    -0.1237, -0.0840, -0.0492, 0.0494, 0.0055, 0.0998, -0.1233, -0.0877, -0.0306, 0.0068,
    -0.0429, -0.0408, -0.0053, -0.0227, 0.0818, 0.0943, -0.0348, -0.0205, -0.0741, 0.0338,
    0.0578, 0.0540, -0.0399, 0.0207, 0.0912, 0.0611, -0.0658, -0.0291, 0.0128, 0.0426,
    0.0483, 0.0211, 0.0072, -0.0420, 0.0460, 0.0321, -0.0085, 0.0916, 0.0523, 0.0282,
    0.0681, 0.1273, 0.0791, 0.1288, 0.0898, -0.0137, 0.0761, 0.0637, 0.0711, 0.0535,
    0.0843, 0.0683, 0.0338, 0.0878, 0.0728, 0.0633, 0.1746, 0.1098, 0.0823, 0.0875,
    -0.0016, 0.1423, 0.0030, 0.0556, 0.0382, 0.0724, 0.0621, 0.0619, 0.1067, 0.0384,
    0.0366, 0.0801, 0.0713, 0.0768, 0.0563, 0.0598, 0.0221, 0.0030, 0.0149, 0.0299,
    0.0874,
  ]

#### dim3_mean
  Points: 91
  Min: -0.1785, Max: 0.3012, Mean: -0.0539
  Data: [
    0.3012, 0.0360, 0.0675, 0.0603, -0.0249, 0.0009, 0.0473, -0.0129, -0.0260, 0.0406,
    0.0078, -0.0354, 0.0249, -0.0074, -0.0192, -0.0527, 0.0105, -0.0156, -0.0488, 0.0501,
    0.0044, -0.0268, 0.0030, 0.0372, 0.0148, -0.0468, -0.0389, -0.0301, -0.0206, -0.0968,
    0.0195, 0.0664, -0.0104, -0.0809, -0.0845, -0.0621, -0.0549, -0.1017, -0.0944, -0.1038,
    -0.0766, -0.1288, -0.0418, -0.0688, -0.0788, -0.0519, -0.0951, -0.0666, -0.1209, -0.0898,
    -0.0657, -0.0802, -0.0828, -0.0543, -0.0568, -0.1107, -0.0942, -0.0597, -0.1082, -0.0637,
    -0.0976, -0.0603, -0.1578, -0.0760, -0.1482, -0.0345, -0.0839, -0.1345, -0.1209, -0.1176,
    -0.1302, -0.1023, -0.1107, -0.0677, -0.1142, -0.0768, -0.0818, -0.0875, -0.1778, -0.0433,
    -0.0998, -0.0886, -0.0685, -0.0745, -0.0433, -0.1091, -0.1785, -0.0568, -0.0876, -0.1408,
    -0.0330,
  ]

#### max
  Points: 91
  Min: 0.9953, Max: 1.0000, Mean: 0.9999
  Data: [
    0.9953, 0.9999, 1.0000, 1.0000, 1.0000, 0.9999, 0.9999, 0.9999, 0.9998, 1.0000,
    1.0000, 1.0000, 0.9999, 1.0000, 1.0000, 0.9999, 1.0000, 0.9999, 0.9998, 1.0000,
    1.0000, 0.9999, 1.0000, 1.0000, 1.0000, 1.0000, 1.0000, 1.0000, 0.9999, 1.0000,
    0.9999, 1.0000, 1.0000, 1.0000, 1.0000, 0.9999, 0.9999, 1.0000, 0.9999, 1.0000,
    1.0000, 0.9998, 1.0000, 1.0000, 1.0000, 0.9999, 0.9999, 0.9999, 0.9999, 1.0000,
    0.9998, 0.9999, 0.9999, 1.0000, 1.0000, 1.0000, 1.0000, 1.0000, 0.9999, 0.9996,
    1.0000, 1.0000, 1.0000, 1.0000, 1.0000, 1.0000, 1.0000, 0.9998, 1.0000, 0.9999,
    0.9999, 1.0000, 1.0000, 0.9999, 0.9998, 1.0000, 1.0000, 0.9999, 0.9998, 1.0000,
    1.0000, 1.0000, 0.9999, 1.0000, 1.0000, 0.9999, 1.0000, 1.0000, 0.9999, 0.9999,
    1.0000,
  ]

#### mean
  Points: 91
  Min: -0.0849, Max: 0.0903, Mean: 0.0119
  Data: [
    -0.0509, 0.0637, -0.0313, 0.0572, -0.0381, -0.0849, -0.0202, -0.0533, -0.0254, 0.0824,
    -0.0096, 0.0101, 0.0140, 0.0379, 0.0454, 0.0428, -0.0169, -0.0171, 0.0040, 0.0215,
    0.0128, 0.0033, -0.0233, 0.0072, 0.0292, 0.0552, -0.0326, 0.0031, -0.0342, 0.0097,
    0.0235, 0.0517, -0.0058, 0.0064, 0.0081, 0.0055, -0.0112, -0.0459, 0.0167, 0.0030,
    0.0000, -0.0180, 0.0066, 0.0052, 0.0043, 0.0255, -0.0311, 0.0310, 0.0218, 0.0286,
    0.0303, 0.0468, 0.0446, 0.0328, 0.0302, 0.0201, 0.0099, 0.0523, 0.0080, 0.0145,
    0.0198, 0.0298, 0.0213, 0.0341, 0.0392, 0.0444, 0.0903, 0.0292, 0.0240, 0.0289,
    0.0052, 0.0417, -0.0088, -0.0009, 0.0141, 0.0261, 0.0106, 0.0212, -0.0263, 0.0224,
    0.0194, 0.0217, 0.0328, 0.0472, 0.0111, 0.0003, -0.0246, -0.0071, 0.0010, -0.0011,
    0.0342,
  ]

#### min
  Points: 91
  Min: -1.0000, Max: -0.9985, Mean: -0.9999
  Data: [
    -0.9985, -0.9999, -1.0000, -0.9998, -1.0000, -0.9997, -0.9999, -0.9999, -0.9999, -1.0000,
    -0.9999, -1.0000, -1.0000, -1.0000, -1.0000, -1.0000, -1.0000, -1.0000, -1.0000, -1.0000,
    -1.0000, -0.9999, -1.0000, -1.0000, -1.0000, -1.0000, -1.0000, -1.0000, -1.0000, -0.9999,
    -0.9999, -1.0000, -0.9998, -1.0000, -0.9999, -1.0000, -0.9999, -1.0000, -0.9999, -0.9999,
    -0.9999, -0.9999, -0.9998, -0.9999, -0.9999, -1.0000, -1.0000, -1.0000, -1.0000, -0.9999,
    -1.0000, -0.9999, -0.9999, -0.9999, -0.9999, -0.9999, -1.0000, -1.0000, -1.0000, -1.0000,
    -1.0000, -0.9999, -0.9999, -0.9999, -1.0000, -0.9999, -0.9999, -0.9999, -1.0000, -0.9999,
    -1.0000, -1.0000, -0.9998, -1.0000, -1.0000, -1.0000, -1.0000, -1.0000, -0.9999, -1.0000,
    -0.9999, -1.0000, -0.9999, -1.0000, -0.9999, -0.9999, -0.9999, -1.0000, -1.0000, -1.0000,
    -0.9999,
  ]

#### std
  Points: 91
  Min: 0.5185, Max: 0.6597, Mean: 0.5820
  Data: [
    0.5750, 0.6597, 0.6019, 0.5453, 0.5599, 0.5686, 0.5543, 0.5847, 0.5664, 0.5681,
    0.6067, 0.5705, 0.5919, 0.6259, 0.6456, 0.6147, 0.6176, 0.5937, 0.6397, 0.6316,
    0.6287, 0.6305, 0.6023, 0.6360, 0.6167, 0.6366, 0.6461, 0.6529, 0.6219, 0.5977,
    0.6110, 0.6360, 0.5856, 0.5843, 0.6117, 0.5609, 0.5821, 0.5961, 0.5977, 0.5587,
    0.5661, 0.5289, 0.5777, 0.5677, 0.5607, 0.5658, 0.5874, 0.5553, 0.5502, 0.5707,
    0.5877, 0.5772, 0.5676, 0.5729, 0.5638, 0.5505, 0.5953, 0.5533, 0.5465, 0.5428,
    0.5622, 0.5688, 0.5303, 0.5535, 0.5185, 0.5851, 0.5855, 0.5631, 0.5640, 0.5382,
    0.5293, 0.5543, 0.5382, 0.5984, 0.5777, 0.6127, 0.5953, 0.5771, 0.5466, 0.6111,
    0.5617, 0.5809, 0.5532, 0.5839, 0.5559, 0.5509, 0.5448, 0.5877, 0.5671, 0.5793,
    0.5864,
  ]


### GRADIENTS
#### actor_norm
  Points: 91
  Min: 0.0393, Max: 1.3762, Mean: 0.1307
  Data: [
    1.3762, 0.0393, 0.3052, 0.1220, 0.0927, 0.0439, 0.1062, 0.0621, 0.1619, 0.1627,
    0.0975, 0.1160, 0.1436, 0.1177, 0.0862, 0.1549, 0.1573, 0.1961, 0.1289, 0.1569,
    0.0645, 0.0856, 0.0983, 0.0871, 0.0648, 0.1358, 0.0716, 0.0888, 0.0792, 0.0721,
    0.0788, 0.0539, 0.0920, 0.0707, 0.0798, 0.0972, 0.0866, 0.0868, 0.1079, 0.0875,
    0.0878, 0.0920, 0.1540, 0.0879, 0.1227, 0.0938, 0.1145, 0.1153, 0.1566, 0.0758,
    0.1071, 0.1582, 0.1440, 0.0758, 0.1192, 0.1152, 0.0969, 0.1288, 0.1082, 0.0606,
    0.0830, 0.1295, 0.0889, 0.0870, 0.1874, 0.1364, 0.1899, 0.1263, 0.1197, 0.1123,
    0.1589, 0.1728, 0.2090, 0.1015, 0.1456, 0.0776, 0.1245, 0.1422, 0.1158, 0.1187,
    0.1248, 0.0831, 0.0884, 0.0821, 0.1771, 0.0951, 0.1845, 0.1635, 0.1379, 0.1782,
    0.2246,
  ]

#### critic_norm
  Points: 91
  Min: 0.1167, Max: 3.1595, Mean: 0.4604
  Data: [
    3.1595, 1.2413, 0.6710, 0.5006, 0.8426, 0.4618, 0.7269, 0.5905, 0.4756, 0.8074,
    0.5222, 0.6659, 0.4836, 0.6066, 0.6262, 0.5340, 0.6210, 0.6022, 0.5216, 0.6412,
    0.4132, 0.5193, 0.6150, 1.0415, 0.4485, 0.9420, 0.5244, 0.3743, 0.4919, 0.6159,
    0.3324, 0.5611, 0.4312, 0.3083, 0.4435, 0.4667, 0.5998, 0.1949, 0.4732, 0.2195,
    0.5187, 0.2931, 0.4145, 0.3056, 0.3328, 0.2623, 0.3287, 0.3359, 0.3203, 0.2957,
    0.2221, 0.1827, 0.1871, 0.2056, 0.2815, 0.1894, 0.2014, 0.2522, 0.2247, 0.3092,
    0.2015, 0.3138, 0.4833, 0.2127, 0.4115, 0.2358, 1.6020, 0.1554, 0.4304, 0.2087,
    0.1506, 0.4135, 0.7152, 0.2044, 0.1352, 0.7954, 0.3396, 0.8437, 0.1167, 0.1808,
    0.3669, 0.2280, 0.2730, 0.2309, 0.3724, 0.3309, 0.1747, 0.2270, 0.2940, 0.1351,
    0.1272,
  ]

#### world_model_norm
  Points: 91
  Min: 4.0652, Max: 28.3564, Mean: 8.0522
  Data: [
    8.3014, 4.0652, 4.5928, 5.1589, 5.5419, 6.8976, 4.9538, 5.4563, 4.4638, 6.1768,
    6.4615, 8.9116, 4.4145, 5.4957, 4.9203, 5.6473, 4.8925, 5.1277, 11.6595, 6.2078,
    7.0464, 6.5834, 5.6768, 7.3666, 6.1423, 6.4429, 5.4681, 5.4683, 7.3307, 6.8911,
    7.3355, 5.1501, 6.3314, 6.2656, 8.3582, 6.0543, 6.3837, 7.3397, 6.5768, 5.9794,
    6.3762, 7.7983, 7.7527, 6.4239, 8.4496, 15.7087, 6.9689, 5.9383, 8.1446, 7.1237,
    6.1934, 10.4939, 8.5427, 8.7686, 9.3525, 8.2192, 7.0253, 7.1698, 7.1320, 6.1298,
    10.1498, 6.0946, 6.0682, 7.7447, 7.1104, 11.4459, 6.8426, 5.9086, 6.4916, 8.4759,
    12.0216, 9.0225, 8.3173, 7.7975, 9.6627, 7.8223, 9.6941, 6.2606, 9.0075, 26.5929,
    14.0759, 8.4799, 8.4037, 14.8681, 12.7852, 9.2326, 9.6779, 11.7710, 13.9385, 28.3564,
    9.3806,
  ]


### DIAGNOSTICS
#### advantage_contribution
  Points: 91
  Min: 0.0786, Max: 17.2008, Mean: 0.3338
  Data: [
    17.2008, 0.1588, 0.7639, 0.1565, 0.1331, 0.1180, 0.1729, 0.1388, 0.1807, 0.2264,
    0.1996, 0.1942, 0.2193, 0.2108, 0.1388, 0.1981, 0.2511, 0.2530, 0.1882, 0.2179,
    0.1202, 0.1057, 0.1188, 0.1272, 0.1230, 0.2171, 0.1384, 0.1295, 0.1330, 0.1172,
    0.1285, 0.1070, 0.1205, 0.0893, 0.1276, 0.1280, 0.1293, 0.1243, 0.1493, 0.0913,
    0.0956, 0.1019, 0.1449, 0.1041, 0.1081, 0.0977, 0.1213, 0.1365, 0.1777, 0.1284,
    0.1113, 0.1393, 0.1299, 0.1249, 0.1173, 0.1178, 0.1128, 0.1203, 0.1022, 0.0913,
    0.0786, 0.0995, 0.0913, 0.0953, 0.1368, 0.1377, 0.2986, 0.1209, 0.1245, 0.1070,
    0.1442, 0.1537, 0.2051, 0.1091, 0.1430, 0.1318, 0.2118, 0.1467, 0.0938, 0.1092,
    0.1574, 0.0935, 0.1229, 0.1008, 0.1214, 0.1146, 0.1443, 0.1590, 0.1323, 0.1237,
    0.1403,
  ]

#### entropy_advantage_ratio
  Points: 91
  Min: 0.0001, Max: 0.0140, Mean: 0.0085
  Data: [
    0.0001, 0.0105, 0.0014, 0.0065, 0.0073, 0.0085, 0.0063, 0.0077, 0.0056, 0.0047,
    0.0056, 0.0054, 0.0051, 0.0059, 0.0095, 0.0062, 0.0048, 0.0047, 0.0070, 0.0061,
    0.0117, 0.0136, 0.0104, 0.0108, 0.0112, 0.0061, 0.0103, 0.0109, 0.0089, 0.0106,
    0.0091, 0.0123, 0.0098, 0.0140, 0.0108, 0.0094, 0.0083, 0.0095, 0.0080, 0.0124,
    0.0109, 0.0089, 0.0073, 0.0103, 0.0096, 0.0115, 0.0098, 0.0074, 0.0054, 0.0075,
    0.0092, 0.0074, 0.0073, 0.0089, 0.0088, 0.0086, 0.0097, 0.0080, 0.0097, 0.0119,
    0.0128, 0.0117, 0.0101, 0.0095, 0.0075, 0.0081, 0.0035, 0.0088, 0.0086, 0.0097,
    0.0072, 0.0070, 0.0048, 0.0101, 0.0070, 0.0085, 0.0056, 0.0074, 0.0118, 0.0113,
    0.0074, 0.0132, 0.0093, 0.0117, 0.0092, 0.0092, 0.0071, 0.0066, 0.0081, 0.0090,
    0.0077,
  ]

#### entropy_contribution
  Points: 91
  Min: 0.0009, Max: 0.0017, Mean: 0.0011
  Data: [
    0.0013, 0.0017, 0.0011, 0.0010, 0.0010, 0.0010, 0.0011, 0.0011, 0.0010, 0.0011,
    0.0011, 0.0010, 0.0011, 0.0013, 0.0013, 0.0012, 0.0012, 0.0012, 0.0013, 0.0013,
    0.0014, 0.0014, 0.0012, 0.0014, 0.0014, 0.0013, 0.0014, 0.0014, 0.0012, 0.0012,
    0.0012, 0.0013, 0.0012, 0.0013, 0.0014, 0.0012, 0.0011, 0.0012, 0.0012, 0.0011,
    0.0010, 0.0009, 0.0011, 0.0011, 0.0010, 0.0011, 0.0012, 0.0010, 0.0010, 0.0010,
    0.0010, 0.0010, 0.0009, 0.0011, 0.0010, 0.0010, 0.0011, 0.0010, 0.0010, 0.0011,
    0.0010, 0.0012, 0.0009, 0.0009, 0.0010, 0.0011, 0.0010, 0.0011, 0.0011, 0.0010,
    0.0010, 0.0011, 0.0010, 0.0011, 0.0010, 0.0011, 0.0012, 0.0011, 0.0011, 0.0012,
    0.0012, 0.0012, 0.0011, 0.0012, 0.0011, 0.0011, 0.0010, 0.0011, 0.0011, 0.0011,
    0.0011,
  ]

#### return_range_S
  Points: 91
  Min: 0.3462, Max: 14.8845, Mean: 6.8697
  Data: [
    0.3462, 14.8845, 12.3445, 7.4524, 7.9206, 10.7102, 9.1070, 7.9418, 6.0389, 6.1241,
    5.8681, 5.4144, 5.1141, 5.5413, 5.8782, 4.4831, 5.3030, 4.5715, 5.0656, 5.3979,
    7.9440, 6.7909, 9.2473, 7.9034, 9.1178, 8.9571, 9.9457, 11.2348, 11.6995, 11.7224,
    10.2179, 12.6445, 11.1856, 9.7957, 9.6574, 9.8254, 8.9489, 7.4770, 7.7056, 7.0335,
    8.7615, 6.5728, 5.8957, 7.1661, 6.6432, 5.9817, 5.7937, 5.3281, 4.7621, 5.5189,
    5.1657, 5.2465, 4.7297, 4.8193, 5.9533, 5.7275, 6.1071, 5.7919, 6.2552, 6.6917,
    7.0349, 6.5036, 6.9371, 6.9054, 4.7871, 5.7058, 5.7570, 5.6763, 5.9828, 5.1094,
    4.8067, 5.0799, 5.9798, 5.7417, 4.8736, 8.9023, 4.7244, 6.8784, 5.6834, 6.2685,
    5.8509, 6.7078, 5.8890, 7.0843, 5.6387, 5.3316, 4.2465, 6.0679, 5.9269, 5.6172,
    3.9693,
  ]

#### return_range_at_floor
  Points: 91
  Min: 0.0000, Max: 1.0000, Mean: 0.0110
  Data: [
    1.0000, 0.0000, 0.0000, 0.0000, 0.0000, 0.0000, 0.0000, 0.0000, 0.0000, 0.0000,
    0.0000, 0.0000, 0.0000, 0.0000, 0.0000, 0.0000, 0.0000, 0.0000, 0.0000, 0.0000,
    0.0000, 0.0000, 0.0000, 0.0000, 0.0000, 0.0000, 0.0000, 0.0000, 0.0000, 0.0000,
    0.0000, 0.0000, 0.0000, 0.0000, 0.0000, 0.0000, 0.0000, 0.0000, 0.0000, 0.0000,
    0.0000, 0.0000, 0.0000, 0.0000, 0.0000, 0.0000, 0.0000, 0.0000, 0.0000, 0.0000,
    0.0000, 0.0000, 0.0000, 0.0000, 0.0000, 0.0000, 0.0000, 0.0000, 0.0000, 0.0000,
    0.0000, 0.0000, 0.0000, 0.0000, 0.0000, 0.0000, 0.0000, 0.0000, 0.0000, 0.0000,
    0.0000, 0.0000, 0.0000, 0.0000, 0.0000, 0.0000, 0.0000, 0.0000, 0.0000, 0.0000,
    0.0000, 0.0000, 0.0000, 0.0000, 0.0000, 0.0000, 0.0000, 0.0000, 0.0000, 0.0000,
    0.0000,
  ]


### SPARSE_SIGNAL
#### advantage_nonzero_frac
  Points: 91
  Min: 0.6260, Max: 1.0000, Mean: 0.7846
  Data: [
    1.0000, 0.8796, 0.8254, 0.8748, 0.8846, 0.8515, 0.8588, 0.8159, 0.7970, 0.8133,
    0.8381, 0.8151, 0.8187, 0.7674, 0.7038, 0.8389, 0.7337, 0.7881, 0.7609, 0.7812,
    0.6737, 0.7262, 0.6619, 0.7479, 0.6260, 0.8017, 0.7981, 0.7896, 0.8732, 0.7836,
    0.8247, 0.8107, 0.7985, 0.7686, 0.8132, 0.8148, 0.8178, 0.8386, 0.7889, 0.7957,
    0.7663, 0.8051, 0.8101, 0.7906, 0.7750, 0.7638, 0.7969, 0.8137, 0.8320, 0.8356,
    0.6900, 0.7773, 0.7726, 0.7593, 0.7203, 0.7863, 0.7732, 0.7386, 0.7761, 0.7359,
    0.6871, 0.7108, 0.7882, 0.7152, 0.8457, 0.7946, 0.9295, 0.7302, 0.7953, 0.7581,
    0.7267, 0.7144, 0.9006, 0.8119, 0.8026, 0.8117, 0.8417, 0.8070, 0.7562, 0.6876,
    0.7494, 0.7339, 0.7383, 0.6559, 0.7843, 0.7550, 0.8260, 0.8162, 0.7162, 0.7231,
    0.7668,
  ]

#### advantage_significant_frac
  Points: 91
  Min: 0.0921, Max: 1.0000, Mean: 0.2205
  Data: [
    1.0000, 0.1852, 0.2355, 0.2876, 0.2876, 0.2534, 0.2922, 0.2447, 0.2325, 0.2332,
    0.2812, 0.2669, 0.2710, 0.2156, 0.1745, 0.2105, 0.2436, 0.2080, 0.2137, 0.2355,
    0.1174, 0.0921, 0.1266, 0.1377, 0.1652, 0.3125, 0.2964, 0.2538, 0.2905, 0.2042,
    0.2537, 0.2055, 0.2157, 0.1625, 0.2079, 0.2275, 0.2223, 0.2119, 0.2457, 0.1519,
    0.1422, 0.1670, 0.1907, 0.1688, 0.1729, 0.1434, 0.2152, 0.2395, 0.2773, 0.2185,
    0.1605, 0.1685, 0.1682, 0.1938, 0.1490, 0.1699, 0.1546, 0.1871, 0.1676, 0.1424,
    0.1081, 0.1431, 0.1375, 0.1807, 0.2213, 0.2484, 0.5835, 0.1969, 0.1942, 0.1874,
    0.2304, 0.2464, 0.4121, 0.1725, 0.2193, 0.2828, 0.3000, 0.3026, 0.1288, 0.1550,
    0.2352, 0.1398, 0.1936, 0.1722, 0.1699, 0.2149, 0.1860, 0.2524, 0.2074, 0.1795,
    0.1942,
  ]

#### event_rate_in_batch
  Points: 91
  Min: 0.0010, Max: 0.0161, Mean: 0.0077
  Data: [
    0.0050, 0.0050, 0.0071, 0.0040, 0.0020, 0.0071, 0.0040, 0.0040, 0.0010, 0.0050,
    0.0040, 0.0010, 0.0030, 0.0050, 0.0040, 0.0020, 0.0111, 0.0030, 0.0040, 0.0030,
    0.0030, 0.0030, 0.0050, 0.0060, 0.0060, 0.0060, 0.0020, 0.0010, 0.0050, 0.0060,
    0.0071, 0.0060, 0.0060, 0.0050, 0.0050, 0.0091, 0.0151, 0.0030, 0.0081, 0.0060,
    0.0040, 0.0091, 0.0071, 0.0060, 0.0091, 0.0131, 0.0081, 0.0081, 0.0040, 0.0060,
    0.0091, 0.0071, 0.0081, 0.0101, 0.0091, 0.0091, 0.0081, 0.0111, 0.0071, 0.0081,
    0.0091, 0.0101, 0.0151, 0.0121, 0.0161, 0.0131, 0.0131, 0.0101, 0.0081, 0.0151,
    0.0131, 0.0111, 0.0101, 0.0101, 0.0121, 0.0131, 0.0081, 0.0091, 0.0101, 0.0101,
    0.0161, 0.0071, 0.0091, 0.0101, 0.0141, 0.0050, 0.0091, 0.0060, 0.0101, 0.0131,
    0.0111,
  ]

#### lambda_return_abs_mean
  Points: 91
  Min: 1.1214, Max: 19.5070, Mean: 9.7960
  Data: [
    2.6711, 19.5070, 9.7237, 6.9261, 6.1096, 6.8463, 6.0173, 4.2173, 3.1565, 2.6014,
    2.7998, 1.9674, 2.0660, 1.6558, 1.4054, 1.5383, 1.7356, 1.6149, 1.1214, 1.5651,
    1.3891, 1.4046, 1.8963, 1.7931, 1.7956, 3.1324, 3.3670, 5.2457, 8.2751, 8.3279,
    9.8979, 12.8398, 11.3768, 10.9025, 10.7840, 12.0594, 13.6260, 10.8008, 13.1793, 11.9262,
    11.8941, 13.6517, 12.7853, 12.4748, 11.8554, 13.2014, 11.7479, 12.7001, 12.2177, 12.7987,
    12.5704, 13.6587, 13.1231, 11.9854, 11.6237, 13.3014, 11.6588, 12.4848, 12.5015, 12.7144,
    13.7542, 12.3659, 13.9580, 13.5889, 12.1946, 13.3578, 15.1207, 12.5135, 12.6079, 12.9953,
    12.5075, 12.7040, 14.5195, 12.3156, 12.2884, 15.4367, 12.3483, 13.6836, 11.8960, 12.2766,
    12.6145, 10.9508, 12.9209, 12.6685, 12.3404, 12.8807, 12.1601, 13.9506, 12.8786, 12.8031,
    12.6160,
  ]

#### lambda_return_nonzero_frac
  Points: 91
  Min: 0.7943, Max: 1.0000, Mean: 0.9888
  Data: [
    1.0000, 0.9957, 0.9978, 0.9998, 0.9994, 0.9996, 0.9988, 0.9960, 0.9990, 0.9902,
    0.9866, 0.9668, 0.9824, 0.9651, 0.8955, 0.9785, 0.9126, 0.9774, 0.8380, 0.9249,
    0.9025, 0.9945, 0.9804, 0.9956, 0.7943, 0.9243, 0.9907, 0.9991, 0.9996, 1.0000,
    0.9998, 0.9998, 0.9999, 0.9999, 0.9999, 0.9999, 0.9999, 1.0000, 0.9999, 1.0000,
    0.9999, 1.0000, 0.9998, 1.0000, 1.0000, 1.0000, 0.9999, 1.0000, 0.9998, 0.9999,
    1.0000, 0.9999, 1.0000, 1.0000, 1.0000, 1.0000, 0.9999, 0.9999, 1.0000, 1.0000,
    1.0000, 1.0000, 1.0000, 1.0000, 1.0000, 1.0000, 1.0000, 1.0000, 0.9999, 1.0000,
    1.0000, 0.9999, 1.0000, 1.0000, 0.9999, 1.0000, 0.9999, 1.0000, 1.0000, 1.0000,
    1.0000, 1.0000, 1.0000, 1.0000, 1.0000, 1.0000, 0.9999, 0.9999, 0.9999, 1.0000,
    1.0000,
  ]

#### lambda_return_significant_frac
  Points: 91
  Min: 0.2476, Max: 1.0000, Mean: 0.8944
  Data: [
    0.8571, 0.9711, 0.9676, 0.9963, 0.9938, 0.9950, 0.9834, 0.9291, 0.8256, 0.7735,
    0.6997, 0.5691, 0.6172, 0.4322, 0.3267, 0.5459, 0.3802, 0.4662, 0.2476, 0.3837,
    0.3010, 0.4929, 0.5051, 0.5455, 0.2780, 0.6057, 0.8101, 0.9348, 0.9946, 0.9963,
    0.9972, 0.9977, 0.9963, 0.9997, 0.9985, 0.9982, 0.9989, 0.9995, 0.9994, 0.9999,
    0.9992, 0.9990, 0.9991, 0.9999, 0.9996, 1.0000, 0.9985, 1.0000, 0.9975, 0.9988,
    1.0000, 0.9998, 0.9995, 1.0000, 1.0000, 1.0000, 0.9991, 0.9996, 1.0000, 1.0000,
    1.0000, 1.0000, 0.9993, 1.0000, 0.9999, 0.9996, 0.9996, 1.0000, 0.9998, 1.0000,
    1.0000, 0.9994, 0.9990, 0.9996, 0.9998, 1.0000, 0.9986, 1.0000, 0.9987, 0.9999,
    0.9996, 1.0000, 0.9999, 1.0000, 0.9998, 0.9989, 0.9998, 0.9995, 0.9992, 1.0000,
    1.0000,
  ]

#### nonsparse_pred_error
  Points: 91
  Min: 0.0016, Max: 0.3424, Mean: 0.0386
  Data: [
    0.3424, 0.0607, 0.2641, 0.0181, 0.0190, 0.1370, 0.0283, 0.0238, 0.0111, 0.0322,
    0.0526, 0.0162, 0.0287, 0.0266, 0.0204, 0.0240, 0.0228, 0.0278, 0.0777, 0.0312,
    0.0217, 0.0308, 0.0334, 0.0110, 0.0313, 0.0567, 0.0038, 0.0144, 0.0428, 0.0428,
    0.0427, 0.0172, 0.0500, 0.0034, 0.0114, 0.0485, 0.0563, 0.0561, 0.0298, 0.0248,
    0.0048, 0.0328, 0.0458, 0.0204, 0.0151, 0.0134, 0.0309, 0.0187, 0.0411, 0.0341,
    0.0138, 0.0533, 0.0287, 0.0458, 0.0063, 0.0184, 0.0160, 0.0363, 0.0214, 0.0188,
    0.0073, 0.0387, 0.0543, 0.0486, 0.0581, 0.0148, 0.0742, 0.0239, 0.0140, 0.0275,
    0.0526, 0.0193, 0.0276, 0.0243, 0.0265, 0.0825, 0.0131, 0.0414, 0.0305, 0.0092,
    0.0671, 0.0226, 0.0390, 0.0016, 0.0542, 0.0140, 0.0571, 0.0361, 0.0158, 0.0924,
    0.0114,
  ]

#### num_sparse_events
  Points: 91
  Min: 1.0000, Max: 16.0000, Mean: 7.6264
  Data: [
    5.0000, 5.0000, 7.0000, 4.0000, 2.0000, 7.0000, 4.0000, 4.0000, 1.0000, 5.0000,
    4.0000, 1.0000, 3.0000, 5.0000, 4.0000, 2.0000, 11.0000, 3.0000, 4.0000, 3.0000,
    3.0000, 3.0000, 5.0000, 6.0000, 6.0000, 6.0000, 2.0000, 1.0000, 5.0000, 6.0000,
    7.0000, 6.0000, 6.0000, 5.0000, 5.0000, 9.0000, 15.0000, 3.0000, 8.0000, 6.0000,
    4.0000, 9.0000, 7.0000, 6.0000, 9.0000, 13.0000, 8.0000, 8.0000, 4.0000, 6.0000,
    9.0000, 7.0000, 8.0000, 10.0000, 9.0000, 9.0000, 8.0000, 11.0000, 7.0000, 8.0000,
    9.0000, 10.0000, 15.0000, 12.0000, 16.0000, 13.0000, 13.0000, 10.0000, 8.0000, 15.0000,
    13.0000, 11.0000, 10.0000, 10.0000, 12.0000, 13.0000, 8.0000, 9.0000, 10.0000, 10.0000,
    16.0000, 7.0000, 9.0000, 10.0000, 14.0000, 5.0000, 9.0000, 6.0000, 10.0000, 13.0000,
    11.0000,
  ]

#### reward_max
  Points: 91
  Min: 0.0000, Max: 10.0000, Mean: 9.1209
  Data: [
    10.0000, 0.0000, 10.0000, 0.0000, 0.0000, 0.0000, 0.0000, 10.0000, 0.0000, 10.0000,
    0.0000, 0.0000, 10.0000, 10.0000, 10.0000, 10.0000, 10.0000, 10.0000, 10.0000, 10.0000,
    10.0000, 10.0000, 10.0000, 10.0000, 10.0000, 10.0000, 10.0000, 10.0000, 10.0000, 10.0000,
    10.0000, 10.0000, 10.0000, 10.0000, 10.0000, 10.0000, 10.0000, 10.0000, 10.0000, 10.0000,
    10.0000, 10.0000, 10.0000, 10.0000, 10.0000, 10.0000, 10.0000, 10.0000, 10.0000, 10.0000,
    10.0000, 10.0000, 10.0000, 10.0000, 10.0000, 10.0000, 10.0000, 10.0000, 10.0000, 10.0000,
    10.0000, 10.0000, 10.0000, 10.0000, 10.0000, 10.0000, 10.0000, 10.0000, 10.0000, 10.0000,
    10.0000, 10.0000, 10.0000, 10.0000, 10.0000, 10.0000, 10.0000, 10.0000, 10.0000, 10.0000,
    10.0000, 10.0000, 10.0000, 10.0000, 10.0000, 10.0000, 10.0000, 10.0000, 10.0000, 10.0000,
    10.0000,
  ]

#### reward_min
  Points: 91
  Min: -10.2935, Max: -0.1373, Mean: -5.2429
  Data: [
    -10.2563, -10.2785, -10.2090, -10.2935, -10.2242, -10.2766, -10.0956, -10.2121, -10.0542, -10.2108,
    -10.2121, -10.0654, -10.2554, -10.1346, -10.2740, -0.2577, -10.2389, -0.2540, -10.2117, -10.1184,
    -10.1824, -10.1147, -10.2276, -10.1383, -10.1823, -10.2258, -10.1196, -0.2188, -10.1520, -10.1146,
    -10.1670, -0.2014, -10.1886, -10.1304, -10.0941, -10.1643, -10.1451, -10.2013, -10.0748, -10.1734,
    -10.1418, -10.1327, -10.1800, -0.2634, -0.2462, -0.2127, -10.1092, -10.1442, -0.2062, -0.2882,
    -10.1130, -0.2217, -0.1964, -0.1784, -0.2127, -0.1690, -0.1773, -0.2127, -0.2213, -0.2106,
    -0.2399, -0.2747, -0.2246, -0.2275, -0.1610, -0.1864, -0.1915, -0.2215, -0.1747, -0.1771,
    -0.1900, -0.2483, -0.1996, -0.2483, -10.2186, -0.1859, -10.1567, -0.1841, -0.1924, -0.2015,
    -0.1373, -0.1655, -0.2235, -0.1566, -0.2089, -0.1746, -10.0000, -0.1641, -10.2091, -0.1902,
    -0.1861,
  ]

#### reward_range
  Points: 91
  Min: 10.0542, Max: 20.2740, Mean: 14.3638
  Data: [
    20.2563, 10.2785, 20.2090, 10.2935, 10.2242, 10.2766, 10.0956, 20.2121, 10.0542, 20.2108,
    10.2121, 10.0654, 20.2554, 20.1346, 20.2740, 10.2577, 20.2389, 10.2540, 20.2117, 20.1184,
    20.1824, 20.1147, 20.2276, 20.1383, 20.1823, 20.2258, 20.1196, 10.2188, 20.1520, 20.1146,
    20.1670, 10.2014, 20.1886, 20.1304, 20.0941, 20.1643, 20.1451, 20.2013, 20.0748, 20.1734,
    20.1418, 20.1327, 20.1800, 10.2634, 10.2462, 10.2127, 20.1092, 20.1442, 10.2062, 10.2882,
    20.1130, 10.2217, 10.1964, 10.1784, 10.2127, 10.1690, 10.1773, 10.2127, 10.2213, 10.2106,
    10.2399, 10.2747, 10.2246, 10.2275, 10.1610, 10.1864, 10.1915, 10.2215, 10.1747, 10.1771,
    10.1900, 10.2483, 10.1996, 10.2483, 20.2186, 10.1859, 20.1567, 10.1841, 10.1924, 10.2015,
    10.1373, 10.1655, 10.2235, 10.1566, 10.2089, 10.1746, 20.0000, 10.1641, 20.2091, 10.1902,
    10.1861,
  ]

#### reward_variance
  Points: 91
  Min: 0.1025, Max: 1.5920, Mean: 0.7698
  Data: [
    0.5185, 0.5159, 0.7219, 0.4187, 0.2122, 0.7235, 0.4069, 0.4156, 0.1056, 0.5181,
    0.4141, 0.1066, 0.3157, 0.5126, 0.4159, 0.2051, 1.1303, 0.3048, 0.4149, 0.3069,
    0.3120, 0.3077, 0.5154, 0.6121, 0.6137, 0.6190, 0.2056, 0.1025, 0.5116, 0.6088,
    0.7098, 0.6041, 0.6135, 0.5084, 0.5082, 0.9135, 1.5104, 0.3108, 0.8084, 0.6123,
    0.4086, 0.9102, 0.7128, 0.6050, 0.9036, 1.2989, 0.8087, 0.8147, 0.4051, 0.6055,
    0.9076, 0.7054, 0.8047, 1.0028, 0.9046, 0.9036, 0.8040, 1.1019, 0.7042, 0.8034,
    0.9032, 1.0033, 1.4967, 1.1987, 1.5920, 1.2986, 1.2983, 1.0024, 0.8034, 1.4947,
    1.2981, 1.1022, 1.0016, 1.0032, 1.2084, 1.2973, 0.8085, 0.9030, 1.0015, 1.0014,
    1.5920, 0.7032, 0.9021, 1.0017, 1.3987, 0.5041, 0.9057, 0.6033, 1.0164, 1.2984,
    1.1007,
  ]

#### sparse_actual_mean
  Points: 91
  Min: -10.1992, Max: 10.0000, Mean: 5.1038
  Data: [
    -6.1438, -10.1839, -1.5139, -10.1992, -10.1953, -10.1798, -10.0609, -5.1234, -10.0542, -2.1013,
    -10.1539, -10.0654, -3.4777, 5.9731, -5.1270, 10.0000, -2.8182, 10.0000, -0.0997, 3.2939,
    -3.4364, 3.2951, -6.1090, 3.2920, -0.0609, -0.0967, -0.0598, 10.0000, 1.9488, 6.6476,
    7.1190, 10.0000, 3.2805, 5.9739, 5.9812, 5.5219, 7.3157, -3.4517, 7.4907, 3.2884,
    4.9645, 7.7630, 4.2496, 10.0000, 10.0000, 10.0000, 7.4863, 4.9644, 10.0000, 10.0000,
    7.7652, 10.0000, 10.0000, 10.0000, 10.0000, 10.0000, 10.0000, 10.0000, 10.0000, 10.0000,
    10.0000, 10.0000, 10.0000, 10.0000, 10.0000, 10.0000, 10.0000, 10.0000, 10.0000, 10.0000,
    10.0000, 10.0000, 10.0000, 10.0000, 8.3151, 10.0000, 7.4804, 10.0000, 10.0000, 10.0000,
    10.0000, 10.0000, 10.0000, 10.0000, 10.0000, 10.0000, 7.7778, 10.0000, 3.9676, 10.0000,
    10.0000,
  ]

#### sparse_pred_error
  Points: 91
  Min: 0.0001, Max: 9.8973, Mean: 0.2098
  Data: [
    9.8973, 0.6294, 0.1784, 0.0363, 0.3122, 0.0281, 0.2604, 0.1117, 0.0344, 0.1669,
    0.0199, 0.0001, 0.0801, 0.5742, 0.0350, 0.3836, 0.1151, 0.0208, 0.0442, 0.0339,
    0.0308, 0.0631, 0.0381, 0.1088, 0.0270, 0.0157, 0.0720, 0.0620, 0.0433, 0.0338,
    0.0166, 0.1361, 0.0329, 0.0287, 0.3579, 0.3662, 0.0612, 0.0281, 0.0468, 0.0119,
    0.0283, 0.0166, 0.0561, 0.0427, 0.0602, 0.4643, 0.0197, 0.0392, 0.0073, 0.0096,
    0.0264, 0.0061, 0.0197, 0.0131, 0.1231, 0.1040, 0.1304, 0.0097, 0.0624, 0.0754,
    0.2595, 0.0187, 0.0245, 0.0200, 0.0191, 0.1665, 0.1471, 0.0281, 0.0308, 0.0089,
    0.0198, 0.3153, 0.2044, 0.1594, 0.1213, 0.0675, 0.0373, 0.0843, 0.0061, 0.1806,
    0.0246, 0.0536, 0.0096, 0.1853, 0.0132, 0.0058, 0.0769, 0.0459, 0.8527, 0.0055,
    0.0386,
  ]

#### sparse_pred_mean
  Points: 91
  Min: -10.1628, Max: 9.9945, Mean: 5.1140
  Data: [
    -0.4127, -9.5545, -1.5687, -10.1628, -9.8831, -10.1567, -9.8518, -5.0970, -10.0197, -2.0428,
    -10.1340, -10.0653, -3.4851, 5.4049, -5.1187, 9.6164, -2.8841, 9.9792, -0.0996, 3.2715,
    -3.4272, 3.2491, -6.0959, 3.2988, -0.0733, -0.0908, 0.0006, 9.9380, 1.9717, 6.6170,
    7.1093, 9.8639, 3.2686, 5.9543, 5.8687, 5.1718, 7.2699, -3.4289, 7.4514, 3.2849,
    4.9362, 7.7544, 4.2777, 9.9573, 9.9398, 9.5357, 7.4666, 4.9295, 9.9927, 9.9904,
    7.7475, 9.9939, 9.9803, 9.9869, 9.8769, 9.8960, 9.8696, 9.9903, 9.9376, 9.9246,
    9.7405, 9.9813, 9.9755, 9.9800, 9.9809, 9.8335, 9.8529, 9.9719, 9.9692, 9.9911,
    9.9802, 9.6847, 9.7956, 9.8406, 8.1938, 9.9325, 7.4537, 9.9157, 9.9939, 9.8194,
    9.9754, 9.9464, 9.9904, 9.8147, 9.9868, 9.9942, 7.8330, 9.9541, 3.1150, 9.9945,
    9.9614,
  ]

#### sparse_sign_accuracy
  Points: 91
  Min: 0.8000, Max: 1.0000, Mean: 0.9978
  Data: [
    0.8000, 1.0000, 1.0000, 1.0000, 1.0000, 1.0000, 1.0000, 1.0000, 1.0000, 1.0000,
    1.0000, 1.0000, 1.0000, 1.0000, 1.0000, 1.0000, 1.0000, 1.0000, 1.0000, 1.0000,
    1.0000, 1.0000, 1.0000, 1.0000, 1.0000, 1.0000, 1.0000, 1.0000, 1.0000, 1.0000,
    1.0000, 1.0000, 1.0000, 1.0000, 1.0000, 1.0000, 1.0000, 1.0000, 1.0000, 1.0000,
    1.0000, 1.0000, 1.0000, 1.0000, 1.0000, 1.0000, 1.0000, 1.0000, 1.0000, 1.0000,
    1.0000, 1.0000, 1.0000, 1.0000, 1.0000, 1.0000, 1.0000, 1.0000, 1.0000, 1.0000,
    1.0000, 1.0000, 1.0000, 1.0000, 1.0000, 1.0000, 1.0000, 1.0000, 1.0000, 1.0000,
    1.0000, 1.0000, 1.0000, 1.0000, 1.0000, 1.0000, 1.0000, 1.0000, 1.0000, 1.0000,
    1.0000, 1.0000, 1.0000, 1.0000, 1.0000, 1.0000, 1.0000, 1.0000, 1.0000, 1.0000,
    1.0000,
  ]

#### sparse_vs_nonsparse_error_ratio
  Points: 91
  Min: 0.0069, Max: 113.5749, Mean: 6.7981
  Data: [
    28.9081, 10.3769, 0.6754, 2.0072, 16.4312, 0.2049, 9.2153, 4.6946, 3.1126, 5.1892,
    0.3784, 0.0069, 2.7955, 21.6091, 1.7185, 15.9744, 5.0503, 0.7498, 0.5688, 1.0851,
    1.4169, 2.0522, 1.1400, 9.8670, 0.8643, 0.2760, 18.7776, 4.2912, 1.0123, 0.7905,
    0.3873, 7.9298, 0.6569, 8.4676, 31.2666, 7.5452, 1.0872, 0.5012, 1.5685, 0.4801,
    5.9201, 0.5067, 1.2241, 2.0976, 3.9864, 34.5466, 0.6389, 2.0956, 0.1775, 0.2799,
    1.9152, 0.1145, 0.6855, 0.2871, 19.5860, 5.6574, 8.1388, 0.2665, 2.9152, 4.0168,
    35.7947, 0.4850, 0.4504, 0.4116, 0.3287, 11.2362, 1.9810, 1.1800, 2.2048, 0.3242,
    0.3765, 16.3142, 7.4080, 6.5574, 4.5720, 0.8176, 2.8344, 2.0365, 0.2013, 19.7060,
    0.3672, 2.3702, 0.2462, 113.5749, 0.2440, 0.4177, 1.3467, 1.2713, 53.9290, 0.0598,
    3.3910,
  ]

#### sparse_weight_applied
  Points: 91
  Min: 61.0000, Max: 100.0000, Mean: 94.9776
  Data: [
    100.0000, 100.0000, 100.0000, 100.0000, 100.0000, 100.0000, 100.0000, 100.0000, 100.0000, 100.0000,
    100.0000, 100.0000, 100.0000, 100.0000, 100.0000, 100.0000, 89.1818, 100.0000, 100.0000, 100.0000,
    100.0000, 100.0000, 100.0000, 100.0000, 100.0000, 100.0000, 100.0000, 100.0000, 100.0000, 100.0000,
    100.0000, 100.0000, 100.0000, 100.0000, 100.0000, 100.0000, 65.1333, 100.0000, 100.0000, 100.0000,
    100.0000, 100.0000, 100.0000, 100.0000, 100.0000, 75.3077, 100.0000, 100.0000, 100.0000, 100.0000,
    100.0000, 100.0000, 100.0000, 98.2000, 100.0000, 100.0000, 100.0000, 89.1818, 100.0000, 100.0000,
    100.0000, 98.2000, 65.1333, 81.6667, 61.0000, 75.3077, 75.3077, 98.2000, 100.0000, 65.1333,
    75.3077, 89.1818, 98.2000, 98.2000, 81.6667, 75.3077, 100.0000, 100.0000, 98.2000, 98.2000,
    61.0000, 100.0000, 100.0000, 98.2000, 69.8571, 100.0000, 100.0000, 100.0000, 98.2000, 75.3077,
    89.1818,
  ]

#### unweighted_reward_loss
  Points: 91
  Min: 0.0813, Max: 1.6940, Mean: 0.1832
  Data: [
    1.6940, 0.4449, 0.4546, 0.3411, 0.3202, 0.3613, 0.3473, 0.3013, 0.2841, 0.3290,
    0.3433, 0.3059, 0.2998, 0.2523, 0.2306, 0.2000, 0.1851, 0.2010, 0.2311, 0.1556,
    0.1725, 0.1588, 0.1774, 0.1575, 0.1157, 0.1847, 0.1411, 0.1417, 0.1772, 0.1256,
    0.1505, 0.1302, 0.1473, 0.1499, 0.1536, 0.1051, 0.1623, 0.1347, 0.1583, 0.1486,
    0.1586, 0.1464, 0.1632, 0.1286, 0.1492, 0.1180, 0.1357, 0.1737, 0.1746, 0.1173,
    0.1066, 0.1527, 0.1253, 0.1418, 0.1290, 0.1262, 0.1383, 0.1267, 0.1178, 0.0999,
    0.1022, 0.1262, 0.1561, 0.0993, 0.1265, 0.1293, 0.1183, 0.1155, 0.0943, 0.1100,
    0.1379, 0.1211, 0.0965, 0.1296, 0.1313, 0.0964, 0.0928, 0.1176, 0.1020, 0.0813,
    0.1319, 0.0921, 0.0988, 0.1056, 0.1767, 0.1181, 0.1435, 0.1056, 0.1415, 0.1676,
    0.0975,
  ]

#### value_lambda_gap_abs_mean
  Points: 91
  Min: 0.3686, Max: 2.9941, Mean: 0.6717
  Data: [
    2.6602, 1.3998, 2.9941, 0.8503, 0.7822, 0.9301, 1.0040, 0.7478, 0.7265, 0.7751,
    0.8420, 0.7339, 0.6697, 0.6051, 0.5423, 0.4835, 0.6916, 0.6538, 0.5212, 0.6948,
    0.5240, 0.4317, 0.6891, 0.6373, 0.6859, 1.1750, 0.9153, 0.9720, 1.1029, 0.9165,
    0.9238, 0.8929, 0.9160, 0.5991, 0.8007, 0.8322, 0.7594, 0.6150, 0.7050, 0.4320,
    0.6013, 0.4917, 0.5665, 0.5181, 0.5074, 0.4226, 0.4726, 0.4922, 0.5389, 0.4843,
    0.3686, 0.4680, 0.4067, 0.3889, 0.4250, 0.4489, 0.4432, 0.4602, 0.4550, 0.3967,
    0.3778, 0.4423, 0.4366, 0.5170, 0.4934, 0.5897, 1.2820, 0.4888, 0.5495, 0.4082,
    0.4991, 0.5463, 0.9095, 0.4512, 0.4973, 0.8348, 0.6570, 0.7468, 0.3885, 0.4533,
    0.5913, 0.4047, 0.4579, 0.4849, 0.4843, 0.4134, 0.4251, 0.6585, 0.5616, 0.4906,
    0.3881,
  ]

#### value_lambda_gap_mean
  Points: 91
  Min: -2.6602, Max: 2.0722, Mean: 0.0308
  Data: [
    -2.6602, -0.2649, 2.0722, -0.1107, -0.2336, -0.1592, -0.0567, -0.1516, -0.1092, 0.1415,
    -0.2176, -0.0259, 0.0734, 0.0789, -0.1115, 0.0462, 0.1766, 0.0503, 0.0720, -0.0611,
    0.0930, 0.0610, 0.0877, 0.1489, 0.1596, 0.5522, 0.1074, 0.1537, 0.1258, 0.0977,
    0.1729, -0.0554, 0.0285, 0.0836, -0.0462, 0.0746, 0.0663, 0.0253, -0.0309, 0.0871,
    -0.0624, -0.0069, -0.0169, 0.0624, 0.0046, 0.0935, 0.0007, -0.0091, 0.0965, 0.0180,
    0.0200, 0.0220, 0.0703, 0.0216, 0.1091, 0.0287, 0.0602, 0.0055, 0.0219, -0.0220,
    0.0156, 0.1835, -0.0732, 0.0326, 0.1141, 0.0224, 0.3304, 0.0683, 0.0498, 0.0033,
    0.0774, 0.0570, -0.0735, 0.0517, 0.0626, -0.0209, 0.2355, 0.1951, 0.0516, 0.0593,
    -0.0050, 0.0107, 0.0061, -0.0190, -0.0254, -0.0487, 0.0909, 0.0496, 0.1149, 0.0808,
    0.0482,
  ]

#### weighted_reward_loss
  Points: 91
  Min: 0.1776, Max: 1.9877, Mean: 0.3417
  Data: [
    1.9877, 0.5162, 0.5100, 0.4270, 0.3756, 0.4738, 0.4158, 0.3889, 0.3102, 0.4184,
    0.4230, 0.3307, 0.3720, 0.3602, 0.3372, 0.2583, 0.3846, 0.2782, 0.3335, 0.2489,
    0.2698, 0.2514, 0.3175, 0.3098, 0.2870, 0.3355, 0.2131, 0.1776, 0.3071, 0.2838,
    0.3144, 0.2838, 0.3042, 0.2836, 0.2896, 0.3254, 0.3521, 0.2422, 0.3291, 0.3033,
    0.2723, 0.3348, 0.3256, 0.2815, 0.3330, 0.3365, 0.3171, 0.3440, 0.2775, 0.2740,
    0.3135, 0.3101, 0.3076, 0.3367, 0.3235, 0.3216, 0.3168, 0.3288, 0.2904, 0.2944,
    0.3120, 0.3290, 0.3432, 0.3149, 0.3278, 0.3328, 0.3269, 0.3237, 0.2906, 0.3195,
    0.3343, 0.3331, 0.3176, 0.3336, 0.3378, 0.3142, 0.2948, 0.3167, 0.3165, 0.3095,
    0.3307, 0.2752, 0.3055, 0.3218, 0.3536, 0.2570, 0.3304, 0.2672, 0.3888, 0.3490,
    0.3146,
  ]


### AUX
#### goal_accuracy
  Points: 91
  Min: 0.9315, Max: 0.9970, Mean: 0.9767
  Data: [
    0.9415, 0.9899, 0.9768, 0.9829, 0.9738, 0.9849, 0.9688, 0.9829, 0.9829, 0.9718,
    0.9808, 0.9940, 0.9919, 0.9889, 0.9859, 0.9718, 0.9315, 0.9819, 0.9798, 0.9849,
    0.9819, 0.9768, 0.9718, 0.9466, 0.9688, 0.9758, 0.9859, 0.9970, 0.9748, 0.9748,
    0.9647, 0.9778, 0.9748, 0.9708, 0.9859, 0.9556, 0.9536, 0.9698, 0.9617, 0.9819,
    0.9829, 0.9587, 0.9688, 0.9627, 0.9546, 0.9819, 0.9637, 0.9839, 0.9940, 0.9698,
    0.9677, 0.9798, 0.9839, 0.9859, 0.9929, 0.9627, 0.9929, 0.9819, 0.9758, 0.9909,
    0.9859, 0.9859, 0.9778, 0.9778, 0.9677, 0.9677, 0.9708, 0.9869, 0.9919, 0.9768,
    0.9849, 0.9718, 0.9919, 0.9839, 0.9869, 0.9849, 0.9708, 0.9899, 0.9738, 0.9617,
    0.9859, 0.9849, 0.9748, 0.9859, 0.9768, 0.9738, 0.9819, 0.9829, 0.9698, 0.9526,
    0.9859,
  ]

#### goal_loss
  Points: 91
  Min: 0.0172, Max: 0.2457, Mean: 0.0607
  Data: [
    0.2457, 0.0314, 0.0739, 0.0490, 0.0568, 0.0421, 0.0803, 0.0537, 0.0421, 0.0666,
    0.0524, 0.0172, 0.0398, 0.0430, 0.0436, 0.0830, 0.1836, 0.0414, 0.0614, 0.0510,
    0.0509, 0.0689, 0.0659, 0.1455, 0.0672, 0.0595, 0.0423, 0.0290, 0.0636, 0.0558,
    0.0794, 0.0651, 0.0713, 0.0732, 0.0386, 0.1270, 0.1012, 0.0705, 0.1056, 0.0640,
    0.0460, 0.0988, 0.0751, 0.0812, 0.0915, 0.0517, 0.0824, 0.0463, 0.0248, 0.0575,
    0.0944, 0.0510, 0.0419, 0.0371, 0.0229, 0.0821, 0.0207, 0.0484, 0.0501, 0.0344,
    0.0350, 0.0332, 0.0578, 0.0533, 0.0793, 0.0763, 0.0600, 0.0353, 0.0265, 0.0475,
    0.0407, 0.0660, 0.0366, 0.0437, 0.0417, 0.0382, 0.0731, 0.0233, 0.0536, 0.0834,
    0.0334, 0.0400, 0.0539, 0.0377, 0.0553, 0.0643, 0.0419, 0.0417, 0.0827, 0.0975,
    0.0337,
  ]

#### goal_positive_rate
  Points: 91
  Min: 0.0030, Max: 0.2147, Mean: 0.0907
  Data: [
    0.0585, 0.0433, 0.0615, 0.0605, 0.0232, 0.0897, 0.0444, 0.0423, 0.0151, 0.0716,
    0.0474, 0.0050, 0.0232, 0.0383, 0.0514, 0.0262, 0.1482, 0.0333, 0.0524, 0.0454,
    0.0383, 0.0353, 0.0595, 0.0806, 0.0716, 0.0877, 0.0202, 0.0030, 0.0685, 0.0615,
    0.0917, 0.0907, 0.0706, 0.0595, 0.0746, 0.1109, 0.1482, 0.0454, 0.1109, 0.0806,
    0.0514, 0.1220, 0.0817, 0.0907, 0.1149, 0.1411, 0.0746, 0.0796, 0.0534, 0.0494,
    0.0978, 0.0978, 0.0776, 0.0958, 0.1008, 0.0998, 0.1018, 0.1280, 0.0776, 0.0887,
    0.0776, 0.1079, 0.1855, 0.1593, 0.2147, 0.1683, 0.1744, 0.0948, 0.1038, 0.1562,
    0.1633, 0.1532, 0.1300, 0.1270, 0.1623, 0.1673, 0.1169, 0.0938, 0.1119, 0.1240,
    0.1714, 0.0867, 0.1048, 0.1371, 0.1562, 0.0655, 0.1018, 0.0685, 0.1028, 0.1290,
    0.1190,
  ]

#### goal_pred_positive_rate
  Points: 91
  Min: 0.0000, Max: 0.1825, Mean: 0.0843
  Data: [
    0.0000, 0.0433, 0.0423, 0.0615, 0.0292, 0.0827, 0.0413, 0.0312, 0.0121, 0.0655,
    0.0605, 0.0071, 0.0212, 0.0312, 0.0534, 0.0101, 0.0857, 0.0212, 0.0605, 0.0323,
    0.0323, 0.0181, 0.0554, 0.0413, 0.0444, 0.0675, 0.0081, 0.0040, 0.0796, 0.0625,
    0.0887, 0.0827, 0.0514, 0.0403, 0.0847, 0.1008, 0.1240, 0.0534, 0.0907, 0.0645,
    0.0464, 0.0968, 0.0645, 0.0857, 0.0998, 0.1310, 0.0806, 0.0716, 0.0575, 0.0615,
    0.1099, 0.1058, 0.0877, 0.0877, 0.1018, 0.1089, 0.1028, 0.1200, 0.0716, 0.0857,
    0.0756, 0.0978, 0.1794, 0.1552, 0.1825, 0.1502, 0.1694, 0.1058, 0.1038, 0.1331,
    0.1704, 0.1512, 0.1260, 0.1109, 0.1593, 0.1643, 0.0958, 0.0958, 0.1058, 0.1079,
    0.1694, 0.0978, 0.1018, 0.1230, 0.1472, 0.0837, 0.0958, 0.0655, 0.0968, 0.1603,
    0.1270,
  ]

#### puck_goal_dist_actual_mean
  Points: 91
  Min: 2.3195, Max: 3.7908, Mean: 2.8165
  Data: [
    3.4831, 3.7820, 3.3879, 3.3381, 3.3665, 3.3278, 3.5619, 3.4325, 3.0211, 3.6037,
    3.4417, 3.7908, 3.3884, 2.8857, 3.3130, 2.8559, 2.8880, 2.8789, 3.1285, 2.6699,
    2.9433, 3.0849, 2.8336, 2.9914, 2.6266, 2.6609, 2.8498, 2.7376, 3.0311, 2.4879,
    2.5884, 2.6388, 2.8333, 2.6158, 3.0300, 2.4243, 2.7799, 2.7839, 2.9913, 2.6689,
    3.0683, 2.7646, 2.7848, 2.6357, 2.7514, 2.4516, 2.7669, 3.0739, 2.7845, 2.8309,
    2.4792, 2.8686, 2.7515, 2.7613, 2.8439, 2.8433, 2.7171, 2.8086, 2.7112, 2.3640,
    2.3928, 2.8023, 2.7489, 2.6173, 2.4596, 2.7665, 2.5769, 2.5392, 2.6886, 2.4279,
    2.6787, 2.5457, 2.4293, 2.6937, 2.6434, 2.3195, 2.5861, 2.7022, 2.5451, 2.3372,
    2.4337, 2.4676, 2.5233, 2.3970, 2.7724, 2.7070, 2.7124, 2.6008, 2.7685, 2.7042,
    2.5052,
  ]

#### puck_goal_dist_error
  Points: 91
  Min: 0.0777, Max: 1.2226, Mean: 0.1208
  Data: [
    1.2226, 0.1747, 0.2117, 0.1544, 0.1377, 0.1416, 0.1151, 0.1416, 0.1103, 0.1215,
    0.1256, 0.1328, 0.1225, 0.1189, 0.1332, 0.1407, 0.1336, 0.1274, 0.1139, 0.1821,
    0.1233, 0.1400, 0.1146, 0.1210, 0.1211, 0.1323, 0.1164, 0.1166, 0.1209, 0.1136,
    0.1134, 0.1108, 0.1017, 0.1038, 0.1190, 0.1067, 0.1256, 0.1276, 0.1129, 0.1100,
    0.1121, 0.1132, 0.1107, 0.1013, 0.1043, 0.0877, 0.1054, 0.0931, 0.1063, 0.1101,
    0.1049, 0.1092, 0.1042, 0.0874, 0.1174, 0.1047, 0.0957, 0.0886, 0.1001, 0.0920,
    0.0875, 0.0990, 0.0800, 0.0821, 0.0931, 0.0864, 0.0876, 0.0816, 0.0999, 0.0782,
    0.0848, 0.0907, 0.0825, 0.0927, 0.0961, 0.0777, 0.0829, 0.0925, 0.0911, 0.0970,
    0.0836, 0.0905, 0.0848, 0.0806, 0.0821, 0.1035, 0.0828, 0.0904, 0.0885, 0.0933,
    0.0893,
  ]

#### puck_goal_dist_loss
  Points: 91
  Min: 0.0129, Max: 2.6409, Mean: 0.0558
  Data: [
    2.6409, 0.0629, 0.0763, 0.0473, 0.0503, 0.0448, 0.0282, 0.0430, 0.0322, 0.0337,
    0.0362, 0.0337, 0.0328, 0.0388, 0.0399, 0.0404, 0.0398, 0.0339, 0.0274, 0.0635,
    0.0315, 0.0355, 0.0325, 0.0327, 0.0306, 0.0300, 0.0316, 0.0270, 0.0310, 0.0326,
    0.0235, 0.0264, 0.0197, 0.0230, 0.0306, 0.0233, 0.0421, 0.0342, 0.0269, 0.0230,
    0.0255, 0.0295, 0.0347, 0.0220, 0.0218, 0.0162, 0.0228, 0.0174, 0.0258, 0.0224,
    0.0281, 0.0380, 0.0282, 0.0159, 0.0255, 0.0275, 0.0202, 0.0175, 0.0252, 0.0175,
    0.0174, 0.0212, 0.0165, 0.0195, 0.0181, 0.0205, 0.0152, 0.0145, 0.0242, 0.0129,
    0.0198, 0.0205, 0.0159, 0.0203, 0.0191, 0.0129, 0.0168, 0.0174, 0.0167, 0.0237,
    0.0150, 0.0186, 0.0168, 0.0137, 0.0136, 0.0225, 0.0173, 0.0179, 0.0162, 0.0312,
    0.0164,
  ]

#### puck_goal_dist_pred_mean
  Points: 91
  Min: 2.3190, Max: 3.8402, Mean: 2.8170
  Data: [
    3.5279, 3.6999, 3.3053, 3.3649, 3.4167, 3.2837, 3.5586, 3.3983, 3.0150, 3.5905,
    3.4251, 3.8402, 3.3703, 2.8707, 3.2563, 2.9157, 2.8577, 2.9098, 3.1162, 2.7731,
    2.9127, 3.0407, 2.8431, 2.9929, 2.6216, 2.7409, 2.8568, 2.7532, 3.0097, 2.4853,
    2.6145, 2.6551, 2.8316, 2.6192, 3.0559, 2.4423, 2.7451, 2.7392, 2.9702, 2.6558,
    3.0733, 2.7484, 2.8026, 2.6279, 2.7770, 2.4537, 2.7882, 3.0621, 2.7630, 2.8784,
    2.4965, 2.8504, 2.7876, 2.7517, 2.8881, 2.8602, 2.7329, 2.8053, 2.7339, 2.3571,
    2.4202, 2.8129, 2.7426, 2.6236, 2.4397, 2.7543, 2.5761, 2.5418, 2.7119, 2.4241,
    2.6726, 2.5300, 2.4154, 2.6790, 2.6685, 2.3190, 2.5852, 2.6955, 2.5599, 2.3331,
    2.4205, 2.4440, 2.5146, 2.4125, 2.7578, 2.7104, 2.7321, 2.5903, 2.7467, 2.6604,
    2.5292,
  ]

#### shot_quality_actual_mean
  Points: 91
  Min: 0.0235, Max: 0.1747, Mean: 0.1214
  Data: [
    0.0715, 0.0235, 0.0624, 0.0673, 0.0755, 0.0712, 0.0479, 0.0698, 0.1051, 0.0584,
    0.0482, 0.0491, 0.0768, 0.1197, 0.0751, 0.1011, 0.1168, 0.1361, 0.1072, 0.1130,
    0.1204, 0.0995, 0.1002, 0.1147, 0.1287, 0.1203, 0.1218, 0.1259, 0.1034, 0.1356,
    0.1439, 0.1338, 0.1187, 0.1345, 0.1196, 0.1700, 0.1220, 0.1257, 0.1071, 0.1290,
    0.0907, 0.1237, 0.1216, 0.1373, 0.1295, 0.1747, 0.1254, 0.1049, 0.1020, 0.1112,
    0.1475, 0.1271, 0.1046, 0.1204, 0.1200, 0.1064, 0.1310, 0.1179, 0.1132, 0.1515,
    0.1500, 0.1173, 0.1257, 0.1426, 0.1507, 0.1450, 0.1494, 0.1385, 0.1529, 0.1562,
    0.1220, 0.1538, 0.1565, 0.1491, 0.1397, 0.1719, 0.1406, 0.1352, 0.1526, 0.1728,
    0.1684, 0.1500, 0.1608, 0.1556, 0.1448, 0.1219, 0.1422, 0.1415, 0.1202, 0.1393,
    0.1511,
  ]

#### shot_quality_loss
  Points: 91
  Min: 0.0004, Max: 0.0283, Mean: 0.0012
  Data: [
    0.0283, 0.0011, 0.0011, 0.0012, 0.0009, 0.0011, 0.0008, 0.0012, 0.0016, 0.0004,
    0.0005, 0.0005, 0.0007, 0.0008, 0.0012, 0.0016, 0.0013, 0.0013, 0.0009, 0.0013,
    0.0012, 0.0009, 0.0015, 0.0009, 0.0012, 0.0010, 0.0008, 0.0013, 0.0006, 0.0013,
    0.0009, 0.0009, 0.0007, 0.0010, 0.0013, 0.0013, 0.0014, 0.0019, 0.0009, 0.0007,
    0.0009, 0.0010, 0.0013, 0.0012, 0.0013, 0.0007, 0.0005, 0.0007, 0.0013, 0.0007,
    0.0011, 0.0007, 0.0012, 0.0006, 0.0013, 0.0006, 0.0009, 0.0009, 0.0008, 0.0007,
    0.0007, 0.0004, 0.0007, 0.0006, 0.0008, 0.0012, 0.0009, 0.0005, 0.0008, 0.0006,
    0.0004, 0.0006, 0.0012, 0.0008, 0.0007, 0.0005, 0.0007, 0.0010, 0.0015, 0.0009,
    0.0004, 0.0009, 0.0005, 0.0004, 0.0005, 0.0014, 0.0011, 0.0011, 0.0004, 0.0006,
    0.0007,
  ]

#### shot_quality_pred_mean
  Points: 91
  Min: 0.0247, Max: 0.1752, Mean: 0.1212
  Data: [
    0.0581, 0.0247, 0.0577, 0.0694, 0.0706, 0.0711, 0.0458, 0.0697, 0.1006, 0.0581,
    0.0462, 0.0488, 0.0798, 0.1242, 0.0732, 0.0983, 0.1188, 0.1325, 0.1085, 0.1089,
    0.1166, 0.1043, 0.1003, 0.1120, 0.1296, 0.1191, 0.1226, 0.1211, 0.1087, 0.1337,
    0.1410, 0.1371, 0.1175, 0.1355, 0.1119, 0.1681, 0.1169, 0.1312, 0.1062, 0.1290,
    0.0915, 0.1245, 0.1235, 0.1419, 0.1284, 0.1752, 0.1254, 0.1075, 0.1012, 0.1095,
    0.1412, 0.1280, 0.1064, 0.1213, 0.1192, 0.1055, 0.1297, 0.1204, 0.1144, 0.1514,
    0.1518, 0.1166, 0.1259, 0.1420, 0.1551, 0.1467, 0.1527, 0.1405, 0.1496, 0.1551,
    0.1216, 0.1547, 0.1573, 0.1497, 0.1372, 0.1721, 0.1424, 0.1368, 0.1519, 0.1726,
    0.1689, 0.1528, 0.1613, 0.1541, 0.1462, 0.1224, 0.1456, 0.1388, 0.1211, 0.1398,
    0.1517,
  ]

#### total_loss
  Points: 91
  Min: 0.0418, Max: 2.9148, Mean: 0.1178
  Data: [
    2.9148, 0.0954, 0.1513, 0.0975, 0.1080, 0.0881, 0.1093, 0.0980, 0.0759, 0.1006,
    0.0892, 0.0514, 0.0733, 0.0826, 0.0847, 0.1250, 0.2247, 0.0766, 0.0898, 0.1158,
    0.0837, 0.1053, 0.0999, 0.1791, 0.0989, 0.0904, 0.0747, 0.0573, 0.0953, 0.0896,
    0.1039, 0.0923, 0.0917, 0.0972, 0.0704, 0.1515, 0.1447, 0.1065, 0.1334, 0.0877,
    0.0723, 0.1293, 0.1111, 0.1044, 0.1146, 0.0686, 0.1057, 0.0644, 0.0519, 0.0805,
    0.1236, 0.0897, 0.0714, 0.0536, 0.0497, 0.1102, 0.0418, 0.0668, 0.0762, 0.0526,
    0.0531, 0.0548, 0.0750, 0.0734, 0.0983, 0.0980, 0.0761, 0.0503, 0.0515, 0.0610,
    0.0609, 0.0870, 0.0537, 0.0649, 0.0614, 0.0516, 0.0906, 0.0418, 0.0719, 0.1080,
    0.0488, 0.0595, 0.0712, 0.0518, 0.0694, 0.0882, 0.0604, 0.0608, 0.0993, 0.1292,
    0.0508,
  ]

