================================================================================
W&B RUN DATA: fbench-ABLATION-dreamsmooth-ON_weak_seed42_20260129_234649
================================================================================

## RUN METADATA
Run ID: hxi50hzk
Created: 2026-01-29T22:46:51Z
State: crashed
Duration: 141896.594475273 seconds

## CONFIGURATION
  [Environment]
    opponent: weak
  [Training]
    batch_size: 32
    batch_length: 32
    imagination_horizon: 15
    discount: 0.997
  [Entropy]
    entropy_scale: 0.0003
  [Self-Play]
    self_play_pool_size: 10
    self_play_save_interval: 500
    self_play_weak_ratio: 0.3
    use_pfsp: False
    pfsp_mode: variance
  [Architecture]
    recurrent_size: 256
    latent_length: 16
    latent_classes: 16
  [Meta]
    seed: 42
    algorithm: DreamerV3

## FINAL SUMMARY
  runtime: 39.42 hours (141897 seconds)

## NOTE: Data reduced (fraction=1.0, max_points=1250)

## METRICS DATA

### STATS
#### buffer_size
  Points: 124
  Min: 16756.0000, Max: 250000.0000, Mean: 233058.4516
  Data: [
    16756.0000, 33425.0000, 46998.0000, 61861.0000, 75278.0000, 89648.0000, 102151.0000, 115242.0000, 130162.0000, 142365.0000,
    153548.0000, 164891.0000, 177820.0000, 191797.0000, 203948.0000, 216962.0000, 231882.0000, 244514.0000, 250000.0000, 250000.0000,
    250000.0000, 250000.0000, 250000.0000, 250000.0000, 250000.0000, 250000.0000, 250000.0000, 250000.0000, 250000.0000, 250000.0000,
    250000.0000, 250000.0000, 250000.0000, 250000.0000, 250000.0000, 250000.0000, 250000.0000, 250000.0000, 250000.0000, 250000.0000,
    250000.0000, 250000.0000, 250000.0000, 250000.0000, 250000.0000, 250000.0000, 250000.0000, 250000.0000, 250000.0000, 250000.0000,
    250000.0000, 250000.0000, 250000.0000, 250000.0000, 250000.0000, 250000.0000, 250000.0000, 250000.0000, 250000.0000, 250000.0000,
    250000.0000, 250000.0000, 250000.0000, 250000.0000, 250000.0000, 250000.0000, 250000.0000, 250000.0000, 250000.0000, 250000.0000,
    250000.0000, 250000.0000, 250000.0000, 250000.0000, 250000.0000, 250000.0000, 250000.0000, 250000.0000, 250000.0000, 250000.0000,
    250000.0000, 250000.0000, 250000.0000, 250000.0000, 250000.0000, 250000.0000, 250000.0000, 250000.0000, 250000.0000, 250000.0000,
    250000.0000, 250000.0000, 250000.0000, 250000.0000, 250000.0000, 250000.0000, 250000.0000, 250000.0000, 250000.0000, 250000.0000,
    250000.0000, 250000.0000, 250000.0000, 250000.0000, 250000.0000, 250000.0000, 250000.0000, 250000.0000, 250000.0000, 250000.0000,
    250000.0000, 250000.0000, 250000.0000, 250000.0000, 250000.0000, 250000.0000, 250000.0000, 250000.0000, 250000.0000, 250000.0000,
    250000.0000, 250000.0000, 250000.0000, 250000.0000,
  ]

#### draws
  Points: 124
  Min: 0.0000, Max: 979.0000, Mean: 777.8226
  Data: [
    0.0000, 50.0000, 82.0000, 116.0000, 144.0000, 176.0000, 195.0000, 224.0000, 258.0000, 283.0000,
    302.0000, 318.0000, 344.0000, 375.0000, 397.0000, 416.0000, 452.0000, 475.0000, 502.0000, 528.0000,
    566.0000, 600.0000, 625.0000, 648.0000, 672.0000, 694.0000, 705.0000, 719.0000, 724.0000, 732.0000,
    744.0000, 753.0000, 758.0000, 768.0000, 776.0000, 779.0000, 784.0000, 791.0000, 799.0000, 808.0000,
    813.0000, 816.0000, 820.0000, 825.0000, 831.0000, 835.0000, 836.0000, 836.0000, 837.0000, 842.0000,
    843.0000, 847.0000, 848.0000, 849.0000, 849.0000, 853.0000, 857.0000, 863.0000, 865.0000, 867.0000,
    870.0000, 873.0000, 875.0000, 875.0000, 877.0000, 878.0000, 883.0000, 888.0000, 889.0000, 890.0000,
    892.0000, 894.0000, 897.0000, 900.0000, 902.0000, 904.0000, 907.0000, 908.0000, 909.0000, 912.0000,
    913.0000, 917.0000, 917.0000, 921.0000, 924.0000, 927.0000, 927.0000, 930.0000, 931.0000, 932.0000,
    933.0000, 936.0000, 936.0000, 937.0000, 940.0000, 941.0000, 941.0000, 941.0000, 941.0000, 942.0000,
    943.0000, 944.0000, 946.0000, 950.0000, 953.0000, 954.0000, 957.0000, 958.0000, 959.0000, 960.0000,
    961.0000, 963.0000, 964.0000, 965.0000, 966.0000, 967.0000, 968.0000, 968.0000, 968.0000, 970.0000,
    972.0000, 974.0000, 977.0000, 979.0000,
  ]

#### env_steps
  Points: 124
  Min: 39.0000, Max: 943061.0000, Mean: 560189.7097
  Data: [
    39.0000, 16708.0000, 30281.0000, 45144.0000, 58561.0000, 72931.0000, 85434.0000, 98525.0000, 113445.0000, 125648.0000,
    136831.0000, 148174.0000, 161103.0000, 175080.0000, 187231.0000, 200245.0000, 215165.0000, 227797.0000, 241655.0000, 255415.0000,
    269066.0000, 283571.0000, 296316.0000, 308107.0000, 319547.0000, 329847.0000, 338342.0000, 347864.0000, 356189.0000, 364590.0000,
    373970.0000, 382622.0000, 390620.0000, 399519.0000, 407279.0000, 414168.0000, 421567.0000, 429019.0000, 437339.0000, 446687.0000,
    454139.0000, 460640.0000, 467938.0000, 475157.0000, 482189.0000, 489237.0000, 496026.0000, 501396.0000, 507484.0000, 514740.0000,
    520978.0000, 528073.0000, 534768.0000, 540861.0000, 546377.0000, 553105.0000, 559619.0000, 566775.0000, 573015.0000, 579503.0000,
    585508.0000, 592124.0000, 598314.0000, 604568.0000, 610739.0000, 616673.0000, 623110.0000, 630137.0000, 635801.0000, 642090.0000,
    648170.0000, 654319.0000, 660296.0000, 666094.0000, 671994.0000, 678413.0000, 684977.0000, 690583.0000, 696130.0000, 701998.0000,
    707577.0000, 714010.0000, 719651.0000, 725510.0000, 730516.0000, 736301.0000, 740697.0000, 747106.0000, 752416.0000, 757502.0000,
    762614.0000, 768350.0000, 772989.0000, 778609.0000, 784452.0000, 789855.0000, 794461.0000, 799567.0000, 804569.0000, 809845.0000,
    814952.0000, 820600.0000, 826166.0000, 832473.0000, 838634.0000, 843661.0000, 849393.0000, 854807.0000, 860476.0000, 866103.0000,
    871783.0000, 877950.0000, 883672.0000, 888594.0000, 894414.0000, 899493.0000, 904384.0000, 909687.0000, 914964.0000, 920743.0000,
    926263.0000, 931434.0000, 937521.0000, 943061.0000,
  ]

#### episodes
  Points: 124
  Min: 101.0000, Max: 12401.0000, Mean: 6251.0000
  Data: [
    101.0000, 201.0000, 301.0000, 401.0000, 501.0000, 601.0000, 701.0000, 801.0000, 901.0000, 1001.0000,
    1101.0000, 1201.0000, 1301.0000, 1401.0000, 1501.0000, 1601.0000, 1701.0000, 1801.0000, 1901.0000, 2001.0000,
    2101.0000, 2201.0000, 2301.0000, 2401.0000, 2501.0000, 2601.0000, 2701.0000, 2801.0000, 2901.0000, 3001.0000,
    3101.0000, 3201.0000, 3301.0000, 3401.0000, 3501.0000, 3601.0000, 3701.0000, 3801.0000, 3901.0000, 4001.0000,
    4101.0000, 4201.0000, 4301.0000, 4401.0000, 4501.0000, 4601.0000, 4701.0000, 4801.0000, 4901.0000, 5001.0000,
    5101.0000, 5201.0000, 5301.0000, 5401.0000, 5501.0000, 5601.0000, 5701.0000, 5801.0000, 5901.0000, 6001.0000,
    6101.0000, 6201.0000, 6301.0000, 6401.0000, 6501.0000, 6601.0000, 6701.0000, 6801.0000, 6901.0000, 7001.0000,
    7101.0000, 7201.0000, 7301.0000, 7401.0000, 7501.0000, 7601.0000, 7701.0000, 7801.0000, 7901.0000, 8001.0000,
    8101.0000, 8201.0000, 8301.0000, 8401.0000, 8501.0000, 8601.0000, 8701.0000, 8801.0000, 8901.0000, 9001.0000,
    9101.0000, 9201.0000, 9301.0000, 9401.0000, 9501.0000, 9601.0000, 9701.0000, 9801.0000, 9901.0000, 10001.0000,
    10101.0000, 10201.0000, 10301.0000, 10401.0000, 10501.0000, 10601.0000, 10701.0000, 10801.0000, 10901.0000, 11001.0000,
    11101.0000, 11201.0000, 11301.0000, 11401.0000, 11501.0000, 11601.0000, 11701.0000, 11801.0000, 11901.0000, 12001.0000,
    12101.0000, 12201.0000, 12301.0000, 12401.0000,
  ]

#### gradient_steps
  Points: 124
  Min: 32.0000, Max: 393632.0000, Mean: 196832.0000
  Data: [
    32.0000, 3232.0000, 6432.0000, 9632.0000, 12832.0000, 16032.0000, 19232.0000, 22432.0000, 25632.0000, 28832.0000,
    32032.0000, 35232.0000, 38432.0000, 41632.0000, 44832.0000, 48032.0000, 51232.0000, 54432.0000, 57632.0000, 60832.0000,
    64032.0000, 67232.0000, 70432.0000, 73632.0000, 76832.0000, 80032.0000, 83232.0000, 86432.0000, 89632.0000, 92832.0000,
    96032.0000, 99232.0000, 102432.0000, 105632.0000, 108832.0000, 112032.0000, 115232.0000, 118432.0000, 121632.0000, 124832.0000,
    128032.0000, 131232.0000, 134432.0000, 137632.0000, 140832.0000, 144032.0000, 147232.0000, 150432.0000, 153632.0000, 156832.0000,
    160032.0000, 163232.0000, 166432.0000, 169632.0000, 172832.0000, 176032.0000, 179232.0000, 182432.0000, 185632.0000, 188832.0000,
    192032.0000, 195232.0000, 198432.0000, 201632.0000, 204832.0000, 208032.0000, 211232.0000, 214432.0000, 217632.0000, 220832.0000,
    224032.0000, 227232.0000, 230432.0000, 233632.0000, 236832.0000, 240032.0000, 243232.0000, 246432.0000, 249632.0000, 252832.0000,
    256032.0000, 259232.0000, 262432.0000, 265632.0000, 268832.0000, 272032.0000, 275232.0000, 278432.0000, 281632.0000, 284832.0000,
    288032.0000, 291232.0000, 294432.0000, 297632.0000, 300832.0000, 304032.0000, 307232.0000, 310432.0000, 313632.0000, 316832.0000,
    320032.0000, 323232.0000, 326432.0000, 329632.0000, 332832.0000, 336032.0000, 339232.0000, 342432.0000, 345632.0000, 348832.0000,
    352032.0000, 355232.0000, 358432.0000, 361632.0000, 364832.0000, 368032.0000, 371232.0000, 374432.0000, 377632.0000, 380832.0000,
    384032.0000, 387232.0000, 390432.0000, 393632.0000,
  ]

#### losses
  Points: 124
  Min: 1.0000, Max: 1182.0000, Mean: 990.0323
  Data: [
    1.0000, 44.0000, 96.0000, 147.0000, 200.0000, 255.0000, 316.0000, 357.0000, 397.0000, 449.0000,
    498.0000, 545.0000, 592.0000, 635.0000, 687.0000, 729.0000, 760.0000, 792.0000, 829.0000, 853.0000,
    872.0000, 892.0000, 915.0000, 932.0000, 946.0000, 958.0000, 969.0000, 980.0000, 991.0000, 998.0000,
    1010.0000, 1012.0000, 1019.0000, 1021.0000, 1024.0000, 1027.0000, 1031.0000, 1032.0000, 1036.0000, 1037.0000,
    1041.0000, 1043.0000, 1045.0000, 1047.0000, 1048.0000, 1049.0000, 1050.0000, 1051.0000, 1051.0000, 1052.0000,
    1053.0000, 1055.0000, 1058.0000, 1059.0000, 1059.0000, 1061.0000, 1061.0000, 1064.0000, 1065.0000, 1070.0000,
    1071.0000, 1071.0000, 1074.0000, 1078.0000, 1080.0000, 1083.0000, 1087.0000, 1089.0000, 1089.0000, 1092.0000,
    1093.0000, 1097.0000, 1101.0000, 1107.0000, 1108.0000, 1113.0000, 1115.0000, 1118.0000, 1119.0000, 1124.0000,
    1126.0000, 1130.0000, 1131.0000, 1133.0000, 1135.0000, 1138.0000, 1142.0000, 1143.0000, 1143.0000, 1143.0000,
    1143.0000, 1144.0000, 1146.0000, 1149.0000, 1149.0000, 1149.0000, 1152.0000, 1154.0000, 1155.0000, 1155.0000,
    1155.0000, 1157.0000, 1159.0000, 1159.0000, 1159.0000, 1161.0000, 1162.0000, 1162.0000, 1162.0000, 1164.0000,
    1165.0000, 1167.0000, 1167.0000, 1169.0000, 1169.0000, 1171.0000, 1175.0000, 1175.0000, 1175.0000, 1177.0000,
    1178.0000, 1179.0000, 1180.0000, 1182.0000,
  ]

#### mean_reward
  Points: 124
  Min: -22.5497, Max: 9.4811, Mean: 5.7168
  Data: [
    -11.2106, -22.5497, -12.9719, -11.8912, -8.8336, -9.2484, -7.8994, -5.1325, -6.6250, -6.5834,
    -5.0582, -4.2115, -5.8080, -5.9402, -6.3382, -3.6617, -3.9744, -1.7626, -3.4602, 0.0484,
    0.0203, 0.1190, 0.8990, 2.5993, 2.9908, 3.6205, 5.4385, 5.0281, 6.2078, 6.7148,
    5.1494, 7.5877, 6.9822, 7.5373, 7.6719, 8.2531, 7.7287, 8.3015, 7.4552, 7.8636,
    7.8213, 8.6647, 8.4665, 8.3527, 8.4588, 8.7592, 8.9714, 9.2432, 9.3012, 8.5525,
    9.0989, 8.5196, 8.6091, 9.1239, 9.4488, 8.5182, 8.9541, 8.0124, 8.9546, 7.9727,
    8.8791, 9.0649, 8.4806, 8.4713, 8.7218, 8.6998, 8.0586, 8.3942, 9.3220, 8.6603,
    8.9797, 8.3654, 8.1952, 7.8231, 8.8790, 8.0136, 8.6945, 8.7061, 9.1714, 8.1153,
    8.8793, 8.2384, 9.2753, 8.6748, 8.8271, 8.5077, 8.7099, 8.6638, 9.4381, 9.4282,
    9.3395, 8.9713, 9.1680, 8.7016, 9.1244, 9.4217, 8.9302, 9.0985, 9.2767, 9.4017,
    9.4546, 9.0167, 8.8830, 9.0315, 9.2293, 8.9727, 8.9644, 9.3928, 9.3694, 8.9013,
    9.1881, 8.8293, 9.3452, 9.0154, 9.3711, 8.9808, 8.5593, 9.4716, 9.4811, 8.8502,
    9.1007, 9.1109, 8.9216, 8.8085,
  ]

#### opponent_selfplay_count
  Points: 124
  Min: 0.0000, Max: 0.0000, Mean: 0.0000
  Data: [
    0.0000, 0.0000, 0.0000, 0.0000, 0.0000, 0.0000, 0.0000, 0.0000, 0.0000, 0.0000,
    0.0000, 0.0000, 0.0000, 0.0000, 0.0000, 0.0000, 0.0000, 0.0000, 0.0000, 0.0000,
    0.0000, 0.0000, 0.0000, 0.0000, 0.0000, 0.0000, 0.0000, 0.0000, 0.0000, 0.0000,
    0.0000, 0.0000, 0.0000, 0.0000, 0.0000, 0.0000, 0.0000, 0.0000, 0.0000, 0.0000,
    0.0000, 0.0000, 0.0000, 0.0000, 0.0000, 0.0000, 0.0000, 0.0000, 0.0000, 0.0000,
    0.0000, 0.0000, 0.0000, 0.0000, 0.0000, 0.0000, 0.0000, 0.0000, 0.0000, 0.0000,
    0.0000, 0.0000, 0.0000, 0.0000, 0.0000, 0.0000, 0.0000, 0.0000, 0.0000, 0.0000,
    0.0000, 0.0000, 0.0000, 0.0000, 0.0000, 0.0000, 0.0000, 0.0000, 0.0000, 0.0000,
    0.0000, 0.0000, 0.0000, 0.0000, 0.0000, 0.0000, 0.0000, 0.0000, 0.0000, 0.0000,
    0.0000, 0.0000, 0.0000, 0.0000, 0.0000, 0.0000, 0.0000, 0.0000, 0.0000, 0.0000,
    0.0000, 0.0000, 0.0000, 0.0000, 0.0000, 0.0000, 0.0000, 0.0000, 0.0000, 0.0000,
    0.0000, 0.0000, 0.0000, 0.0000, 0.0000, 0.0000, 0.0000, 0.0000, 0.0000, 0.0000,
    0.0000, 0.0000, 0.0000, 0.0000,
  ]

#### opponent_strong_count
  Points: 124
  Min: 0.0000, Max: 6248.0000, Mean: 3102.5000
  Data: [
    0.0000, 50.0000, 105.0000, 156.0000, 209.0000, 260.0000, 308.0000, 362.0000, 409.0000, 451.0000,
    504.0000, 562.0000, 615.0000, 670.0000, 724.0000, 775.0000, 829.0000, 873.0000, 936.0000, 987.0000,
    1039.0000, 1087.0000, 1137.0000, 1184.0000, 1235.0000, 1284.0000, 1327.0000, 1379.0000, 1419.0000, 1470.0000,
    1523.0000, 1562.0000, 1615.0000, 1658.0000, 1701.0000, 1746.0000, 1793.0000, 1841.0000, 1897.0000, 1956.0000,
    2011.0000, 2059.0000, 2097.0000, 2151.0000, 2200.0000, 2243.0000, 2298.0000, 2348.0000, 2404.0000, 2455.0000,
    2496.0000, 2545.0000, 2593.0000, 2650.0000, 2702.0000, 2749.0000, 2797.0000, 2846.0000, 2898.0000, 2957.0000,
    3008.0000, 3054.0000, 3100.0000, 3155.0000, 3200.0000, 3260.0000, 3314.0000, 3361.0000, 3401.0000, 3451.0000,
    3509.0000, 3552.0000, 3605.0000, 3653.0000, 3701.0000, 3754.0000, 3804.0000, 3858.0000, 3907.0000, 3950.0000,
    4001.0000, 4057.0000, 4116.0000, 4177.0000, 4233.0000, 4280.0000, 4336.0000, 4386.0000, 4441.0000, 4491.0000,
    4546.0000, 4597.0000, 4638.0000, 4698.0000, 4756.0000, 4809.0000, 4861.0000, 4914.0000, 4968.0000, 5015.0000,
    5064.0000, 5113.0000, 5162.0000, 5207.0000, 5245.0000, 5299.0000, 5357.0000, 5407.0000, 5464.0000, 5525.0000,
    5585.0000, 5627.0000, 5681.0000, 5733.0000, 5785.0000, 5842.0000, 5893.0000, 5942.0000, 5997.0000, 6040.0000,
    6095.0000, 6149.0000, 6196.0000, 6248.0000,
  ]

#### opponent_weak_count
  Points: 124
  Min: 1.0000, Max: 6053.0000, Mean: 3048.5000
  Data: [
    1.0000, 51.0000, 96.0000, 145.0000, 192.0000, 241.0000, 293.0000, 339.0000, 392.0000, 450.0000,
    497.0000, 539.0000, 586.0000, 631.0000, 677.0000, 726.0000, 772.0000, 828.0000, 865.0000, 914.0000,
    962.0000, 1014.0000, 1064.0000, 1117.0000, 1166.0000, 1217.0000, 1274.0000, 1322.0000, 1382.0000, 1431.0000,
    1478.0000, 1539.0000, 1586.0000, 1643.0000, 1700.0000, 1755.0000, 1808.0000, 1860.0000, 1904.0000, 1945.0000,
    1990.0000, 2042.0000, 2104.0000, 2150.0000, 2201.0000, 2258.0000, 2303.0000, 2353.0000, 2397.0000, 2446.0000,
    2505.0000, 2556.0000, 2608.0000, 2651.0000, 2699.0000, 2752.0000, 2804.0000, 2855.0000, 2903.0000, 2944.0000,
    2993.0000, 3047.0000, 3101.0000, 3146.0000, 3201.0000, 3241.0000, 3287.0000, 3340.0000, 3400.0000, 3450.0000,
    3492.0000, 3549.0000, 3596.0000, 3648.0000, 3700.0000, 3747.0000, 3797.0000, 3843.0000, 3894.0000, 3951.0000,
    4000.0000, 4044.0000, 4085.0000, 4124.0000, 4168.0000, 4221.0000, 4265.0000, 4315.0000, 4360.0000, 4410.0000,
    4455.0000, 4504.0000, 4563.0000, 4603.0000, 4645.0000, 4692.0000, 4740.0000, 4787.0000, 4833.0000, 4886.0000,
    4937.0000, 4988.0000, 5039.0000, 5094.0000, 5156.0000, 5202.0000, 5244.0000, 5294.0000, 5337.0000, 5376.0000,
    5416.0000, 5474.0000, 5520.0000, 5568.0000, 5616.0000, 5659.0000, 5708.0000, 5759.0000, 5804.0000, 5861.0000,
    5906.0000, 5952.0000, 6005.0000, 6053.0000,
  ]

#### win_rate
  Points: 124
  Min: 0.0000, Max: 1.0000, Mean: 0.8177
  Data: [
    0.0000, 0.0700, 0.1600, 0.1500, 0.1900, 0.1300, 0.2000, 0.3000, 0.2600, 0.2300,
    0.3200, 0.3700, 0.2700, 0.2600, 0.2600, 0.3900, 0.3300, 0.4500, 0.3600, 0.5000,
    0.4300, 0.4600, 0.5200, 0.6000, 0.6200, 0.6600, 0.7800, 0.7500, 0.8400, 0.8500,
    0.7600, 0.8900, 0.8800, 0.8800, 0.8900, 0.9400, 0.9100, 0.9200, 0.8800, 0.9000,
    0.9100, 0.9500, 0.9400, 0.9300, 0.9300, 0.9500, 0.9800, 0.9900, 0.9900, 0.9400,
    0.9800, 0.9400, 0.9600, 0.9800, 1.0000, 0.9400, 0.9600, 0.9100, 0.9700, 0.9300,
    0.9600, 0.9700, 0.9500, 0.9600, 0.9600, 0.9600, 0.9100, 0.9300, 0.9900, 0.9600,
    0.9700, 0.9400, 0.9300, 0.9100, 0.9700, 0.9300, 0.9500, 0.9600, 0.9800, 0.9200,
    0.9700, 0.9200, 0.9900, 0.9400, 0.9500, 0.9400, 0.9600, 0.9600, 0.9900, 0.9900,
    0.9900, 0.9600, 0.9800, 0.9600, 0.9700, 0.9900, 0.9700, 0.9800, 0.9900, 0.9900,
    0.9900, 0.9700, 0.9600, 0.9600, 0.9700, 0.9700, 0.9600, 0.9900, 0.9900, 0.9700,
    0.9800, 0.9600, 0.9900, 0.9700, 0.9900, 0.9700, 0.9500, 1.0000, 1.0000, 0.9600,
    0.9700, 0.9700, 0.9600, 0.9600,
  ]

#### wins
  Points: 124
  Min: 0.0000, Max: 10140.0000, Mean: 4383.1452
  Data: [
    0.0000, 7.0000, 23.0000, 38.0000, 57.0000, 70.0000, 90.0000, 120.0000, 146.0000, 169.0000,
    201.0000, 238.0000, 265.0000, 291.0000, 317.0000, 356.0000, 389.0000, 434.0000, 470.0000, 520.0000,
    563.0000, 609.0000, 661.0000, 721.0000, 783.0000, 849.0000, 927.0000, 1002.0000, 1086.0000, 1171.0000,
    1247.0000, 1336.0000, 1424.0000, 1512.0000, 1601.0000, 1695.0000, 1786.0000, 1878.0000, 1966.0000, 2056.0000,
    2147.0000, 2242.0000, 2336.0000, 2429.0000, 2522.0000, 2617.0000, 2715.0000, 2814.0000, 2913.0000, 3007.0000,
    3105.0000, 3199.0000, 3295.0000, 3393.0000, 3493.0000, 3587.0000, 3683.0000, 3774.0000, 3871.0000, 3964.0000,
    4060.0000, 4157.0000, 4252.0000, 4348.0000, 4444.0000, 4540.0000, 4631.0000, 4724.0000, 4823.0000, 4919.0000,
    5016.0000, 5110.0000, 5203.0000, 5294.0000, 5391.0000, 5484.0000, 5579.0000, 5675.0000, 5773.0000, 5865.0000,
    5962.0000, 6054.0000, 6153.0000, 6247.0000, 6342.0000, 6436.0000, 6532.0000, 6628.0000, 6727.0000, 6826.0000,
    6925.0000, 7021.0000, 7119.0000, 7215.0000, 7312.0000, 7411.0000, 7508.0000, 7606.0000, 7705.0000, 7804.0000,
    7903.0000, 8000.0000, 8096.0000, 8192.0000, 8289.0000, 8386.0000, 8482.0000, 8581.0000, 8680.0000, 8777.0000,
    8875.0000, 8971.0000, 9070.0000, 9167.0000, 9266.0000, 9363.0000, 9458.0000, 9558.0000, 9658.0000, 9754.0000,
    9851.0000, 9948.0000, 10044.0000, 10140.0000,
  ]


### EPISODE
#### draw_rate_100
  Points: 124
  Min: 0.0000, Max: 0.0100, Mean: 0.0002
  Data: [
    0.0000, 0.0000, 0.0000, 0.0000, 0.0000, 0.0000, 0.0000, 0.0000, 0.0000, 0.0000,
    0.0000, 0.0000, 0.0000, 0.0000, 0.0000, 0.0000, 0.0000, 0.0000, 0.0000, 0.0000,
    0.0000, 0.0000, 0.0000, 0.0000, 0.0000, 0.0000, 0.0000, 0.0000, 0.0000, 0.0000,
    0.0000, 0.0000, 0.0000, 0.0000, 0.0000, 0.0000, 0.0000, 0.0000, 0.0000, 0.0000,
    0.0000, 0.0000, 0.0000, 0.0000, 0.0000, 0.0000, 0.0000, 0.0000, 0.0000, 0.0000,
    0.0000, 0.0000, 0.0000, 0.0000, 0.0000, 0.0000, 0.0000, 0.0000, 0.0000, 0.0000,
    0.0000, 0.0000, 0.0000, 0.0000, 0.0000, 0.0000, 0.0000, 0.0000, 0.0000, 0.0000,
    0.0000, 0.0000, 0.0000, 0.0000, 0.0000, 0.0000, 0.0000, 0.0000, 0.0000, 0.0000,
    0.0000, 0.0000, 0.0000, 0.0000, 0.0000, 0.0000, 0.0000, 0.0000, 0.0000, 0.0000,
    0.0100, 0.0000, 0.0000, 0.0000, 0.0000, 0.0000, 0.0000, 0.0000, 0.0000, 0.0000,
    0.0000, 0.0000, 0.0000, 0.0000, 0.0000, 0.0000, 0.0100, 0.0000, 0.0000, 0.0000,
    0.0000, 0.0000, 0.0000, 0.0000, 0.0000, 0.0000, 0.0000, 0.0000, 0.0000, 0.0000,
    0.0000, 0.0000, 0.0000, 0.0000,
  ]

#### length_max
  Points: 124
  Min: 39.0000, Max: 251.0000, Mean: 244.0484
  Data: [
    39.0000, 251.0000, 251.0000, 251.0000, 251.0000, 251.0000, 251.0000, 251.0000, 251.0000, 251.0000,
    251.0000, 251.0000, 251.0000, 251.0000, 251.0000, 251.0000, 251.0000, 251.0000, 251.0000, 251.0000,
    251.0000, 251.0000, 251.0000, 251.0000, 251.0000, 251.0000, 251.0000, 251.0000, 251.0000, 251.0000,
    251.0000, 251.0000, 251.0000, 251.0000, 251.0000, 251.0000, 251.0000, 251.0000, 251.0000, 251.0000,
    251.0000, 251.0000, 251.0000, 251.0000, 251.0000, 251.0000, 251.0000, 154.0000, 251.0000, 251.0000,
    251.0000, 251.0000, 251.0000, 251.0000, 232.0000, 251.0000, 251.0000, 251.0000, 251.0000, 251.0000,
    251.0000, 251.0000, 251.0000, 222.0000, 251.0000, 251.0000, 251.0000, 251.0000, 251.0000, 251.0000,
    251.0000, 251.0000, 251.0000, 251.0000, 251.0000, 251.0000, 251.0000, 251.0000, 251.0000, 251.0000,
    251.0000, 251.0000, 172.0000, 251.0000, 251.0000, 251.0000, 117.0000, 251.0000, 251.0000, 251.0000,
    251.0000, 251.0000, 202.0000, 251.0000, 251.0000, 251.0000, 222.0000, 172.0000, 169.0000, 251.0000,
    251.0000, 251.0000, 251.0000, 251.0000, 251.0000, 251.0000, 251.0000, 251.0000, 251.0000, 251.0000,
    251.0000, 251.0000, 251.0000, 251.0000, 251.0000, 251.0000, 251.0000, 208.0000, 241.0000, 251.0000,
    251.0000, 251.0000, 251.0000, 251.0000,
  ]

#### length_mean
  Points: 124
  Min: 39.0000, Max: 166.6900, Mean: 76.3647
  Data: [
    39.0000, 166.6900, 135.7300, 148.6300, 134.1700, 143.7000, 125.0300, 130.9100, 149.2000, 122.0300,
    111.8300, 113.4300, 129.2900, 139.7700, 121.5100, 130.1400, 149.2000, 126.3200, 138.5800, 137.6000,
    136.5100, 145.0500, 127.4500, 117.9100, 114.4000, 103.0000, 84.9500, 95.2200, 83.2500, 84.0100,
    93.8000, 86.5200, 79.9800, 88.9900, 77.6000, 68.8900, 73.9900, 74.5200, 83.2000, 93.4800,
    74.5200, 65.0100, 72.9800, 72.1900, 70.3200, 70.4800, 67.8900, 53.7000, 60.8800, 72.5600,
    62.3800, 70.9500, 66.9500, 60.9300, 55.1600, 67.2800, 65.1400, 71.5600, 62.4000, 64.8800,
    60.0500, 66.1600, 61.9000, 62.5400, 61.7100, 59.3400, 64.3700, 70.2700, 56.6400, 62.8900,
    60.8000, 61.4900, 59.7700, 57.9800, 59.0000, 64.1900, 65.6400, 56.0600, 55.4700, 58.6800,
    55.7900, 64.3300, 56.4100, 58.5900, 50.0600, 57.8500, 43.9600, 64.0900, 53.1000, 50.8600,
    51.1200, 57.3600, 46.3900, 56.2000, 58.4300, 54.0300, 46.0600, 51.0600, 50.0200, 52.7600,
    51.0700, 56.4800, 55.6600, 63.0700, 61.6100, 50.2700, 57.3200, 54.1400, 56.6900, 56.2700,
    56.8000, 61.6700, 57.2200, 49.2200, 58.2000, 50.7900, 48.9100, 53.0300, 52.7700, 57.7900,
    55.2000, 51.7100, 60.8700, 55.4000,
  ]

#### length_min
  Points: 124
  Min: 20.0000, Max: 39.0000, Mean: 24.5484
  Data: [
    39.0000, 27.0000, 22.0000, 21.0000, 23.0000, 20.0000, 22.0000, 24.0000, 25.0000, 25.0000,
    22.0000, 24.0000, 21.0000, 25.0000, 23.0000, 25.0000, 26.0000, 21.0000, 26.0000, 25.0000,
    25.0000, 24.0000, 24.0000, 25.0000, 24.0000, 26.0000, 24.0000, 25.0000, 26.0000, 26.0000,
    27.0000, 27.0000, 27.0000, 27.0000, 27.0000, 27.0000, 26.0000, 27.0000, 27.0000, 26.0000,
    27.0000, 26.0000, 26.0000, 25.0000, 25.0000, 26.0000, 26.0000, 24.0000, 25.0000, 24.0000,
    23.0000, 24.0000, 24.0000, 24.0000, 25.0000, 25.0000, 25.0000, 24.0000, 24.0000, 24.0000,
    24.0000, 24.0000, 23.0000, 24.0000, 24.0000, 24.0000, 25.0000, 24.0000, 23.0000, 24.0000,
    24.0000, 24.0000, 23.0000, 24.0000, 23.0000, 24.0000, 23.0000, 24.0000, 25.0000, 24.0000,
    23.0000, 24.0000, 23.0000, 24.0000, 24.0000, 23.0000, 24.0000, 25.0000, 24.0000, 24.0000,
    24.0000, 24.0000, 23.0000, 24.0000, 24.0000, 23.0000, 24.0000, 24.0000, 24.0000, 24.0000,
    24.0000, 24.0000, 24.0000, 24.0000, 24.0000, 25.0000, 24.0000, 23.0000, 25.0000, 25.0000,
    25.0000, 25.0000, 25.0000, 25.0000, 24.0000, 25.0000, 25.0000, 27.0000, 24.0000, 24.0000,
    25.0000, 25.0000, 26.0000, 25.0000,
  ]

#### length_std
  Points: 124
  Min: 0.0000, Max: 95.4027, Mean: 56.3983
  Data: [
    0.0000, 92.6535, 89.6193, 87.8935, 86.5278, 87.7865, 83.4511, 89.5523, 88.8992, 86.6762,
    81.7879, 79.4688, 88.2190, 91.0333, 87.4223, 85.7338, 91.2513, 87.3231, 88.8351, 89.4813,
    95.4027, 90.5987, 91.2125, 88.4442, 91.4446, 86.1002, 72.4141, 78.5350, 68.4874, 70.4522,
    75.9670, 70.9985, 62.7944, 75.0489, 65.9177, 54.4544, 62.3290, 62.4946, 67.2599, 76.8624,
    60.6278, 47.7149, 56.4074, 56.5308, 61.1208, 57.4896, 53.5339, 29.9351, 42.5303, 56.2372,
    45.3554, 55.4313, 46.7207, 45.2069, 38.9471, 55.6457, 57.5700, 62.7250, 48.8330, 53.0687,
    48.6246, 50.7342, 43.7905, 43.4938, 49.5365, 44.8534, 55.1679, 60.4122, 41.8826, 50.4838,
    48.2189, 44.6469, 49.1778, 47.6401, 47.7301, 53.1416, 53.8618, 48.7296, 38.3089, 49.9337,
    46.8520, 56.1151, 34.5795, 48.4941, 43.8677, 44.8318, 21.8004, 53.8167, 38.4621, 34.9528,
    42.8003, 49.0961, 28.4671, 40.2224, 48.8064, 41.6479, 29.7038, 29.3615, 29.0627, 37.8521,
    38.0865, 44.7563, 43.2748, 53.4899, 53.0637, 35.7835, 45.8691, 42.0328, 41.9892, 40.8808,
    43.3601, 47.2364, 42.6860, 32.0398, 43.5502, 34.4373, 34.0764, 36.5895, 35.9235, 45.6211,
    42.9623, 43.3710, 49.8357, 48.8465,
  ]

#### reward_mean
  Points: 124
  Min: -22.5497, Max: 9.4811, Mean: 5.7168
  Data: [
    -11.2106, -22.5497, -12.9719, -11.8912, -8.8336, -9.2484, -7.8994, -5.1325, -6.6250, -6.5834,
    -5.0582, -4.2115, -5.8080, -5.9402, -6.3382, -3.6617, -3.9744, -1.7626, -3.4602, 0.0484,
    0.0203, 0.1190, 0.8990, 2.5993, 2.9908, 3.6205, 5.4385, 5.0281, 6.2078, 6.7148,
    5.1494, 7.5877, 6.9822, 7.5373, 7.6719, 8.2531, 7.7287, 8.3015, 7.4552, 7.8636,
    7.8213, 8.6647, 8.4665, 8.3527, 8.4588, 8.7592, 8.9714, 9.2432, 9.3012, 8.5525,
    9.0989, 8.5196, 8.6091, 9.1239, 9.4488, 8.5182, 8.9541, 8.0124, 8.9546, 7.9727,
    8.8791, 9.0649, 8.4806, 8.4713, 8.7218, 8.6998, 8.0586, 8.3942, 9.3220, 8.6603,
    8.9797, 8.3654, 8.1952, 7.8231, 8.8790, 8.0136, 8.6945, 8.7061, 9.1714, 8.1153,
    8.8793, 8.2384, 9.2753, 8.6748, 8.8271, 8.5077, 8.7099, 8.6638, 9.4381, 9.4282,
    9.3395, 8.9713, 9.1680, 8.7016, 9.1244, 9.4217, 8.9302, 9.0985, 9.2767, 9.4017,
    9.4546, 9.0167, 8.8830, 9.0315, 9.2293, 8.9727, 8.9644, 9.3928, 9.3694, 8.9013,
    9.1881, 8.8293, 9.3452, 9.0154, 9.3711, 8.9808, 8.5593, 9.4716, 9.4811, 8.8502,
    9.1007, 9.1109, 8.9216, 8.8085,
  ]

#### reward_std
  Points: 124
  Min: 0.0000, Max: 16.4726, Mean: 4.6289
  Data: [
    0.0000, 16.4726, 11.4832, 10.7670, 9.4259, 8.5182, 8.9689, 9.7947, 10.3144, 9.3026,
    9.9741, 9.8363, 9.5503, 9.5283, 10.1404, 10.2249, 9.6097, 10.2714, 10.4404, 9.3967,
    8.6159, 8.9771, 9.1714, 8.4446, 8.3016, 8.5469, 7.5992, 7.5474, 7.2400, 6.3756,
    7.7978, 4.8089, 6.1226, 4.6930, 4.8960, 4.4447, 4.8369, 3.6536, 5.2366, 4.0395,
    4.8716, 3.5352, 3.7131, 3.9504, 3.6325, 3.0598, 2.4612, 2.1326, 1.1065, 3.5258,
    2.4474, 3.5240, 3.8675, 2.3443, 0.4569, 3.7838, 2.2795, 4.6136, 2.8226, 5.0113,
    2.9128, 1.8296, 3.9472, 4.2473, 3.4051, 3.6166, 4.7001, 3.7979, 1.1100, 3.6980,
    2.5916, 4.4626, 4.6727, 5.5979, 3.1282, 4.9624, 3.5084, 3.9412, 2.5104, 4.8860,
    3.1380, 4.4962, 2.1446, 3.5684, 3.4593, 4.1924, 4.2036, 3.7621, 1.0740, 1.0346,
    1.2708, 2.7830, 2.9033, 3.9621, 2.0053, 1.0598, 3.6754, 2.9542, 2.1334, 1.3067,
    1.1476, 3.1077, 3.2978, 2.0046, 1.8265, 3.2359, 2.7582, 1.0684, 1.0707, 3.0781,
    2.3237, 3.2955, 1.0901, 3.2740, 1.1232, 3.2017, 4.3044, 0.4922, 0.3914, 3.4428,
    2.5464, 2.6188, 2.7173, 3.4027,
  ]

#### win_rate_100
  Points: 124
  Min: 0.0000, Max: 1.0000, Mean: 0.8177
  Data: [
    0.0000, 0.0700, 0.1600, 0.1500, 0.1900, 0.1300, 0.2000, 0.3000, 0.2600, 0.2300,
    0.3200, 0.3700, 0.2700, 0.2600, 0.2600, 0.3900, 0.3300, 0.4500, 0.3600, 0.5000,
    0.4300, 0.4600, 0.5200, 0.6000, 0.6200, 0.6600, 0.7800, 0.7500, 0.8400, 0.8500,
    0.7600, 0.8900, 0.8800, 0.8800, 0.8900, 0.9400, 0.9100, 0.9200, 0.8800, 0.9000,
    0.9100, 0.9500, 0.9400, 0.9300, 0.9300, 0.9500, 0.9800, 0.9900, 0.9900, 0.9400,
    0.9800, 0.9400, 0.9600, 0.9800, 1.0000, 0.9400, 0.9600, 0.9100, 0.9700, 0.9300,
    0.9600, 0.9700, 0.9500, 0.9600, 0.9600, 0.9600, 0.9100, 0.9300, 0.9900, 0.9600,
    0.9700, 0.9400, 0.9300, 0.9100, 0.9700, 0.9300, 0.9500, 0.9600, 0.9800, 0.9200,
    0.9700, 0.9200, 0.9900, 0.9400, 0.9500, 0.9400, 0.9600, 0.9600, 0.9900, 0.9900,
    0.9900, 0.9600, 0.9800, 0.9600, 0.9700, 0.9900, 0.9700, 0.9800, 0.9900, 0.9900,
    0.9900, 0.9700, 0.9600, 0.9600, 0.9700, 0.9700, 0.9600, 0.9900, 0.9900, 0.9700,
    0.9800, 0.9600, 0.9900, 0.9700, 0.9900, 0.9700, 0.9500, 1.0000, 1.0000, 0.9600,
    0.9700, 0.9700, 0.9600, 0.9600,
  ]


### TIME
#### elapsed_hours
  Points: 124
  Min: 0.0038, Max: 39.0899, Mean: 19.6354
  Data: [
    0.0038, 0.3178, 0.6245, 0.9413, 1.2618, 1.5821, 1.9019, 2.2290, 2.5501, 2.8692,
    3.1900, 3.5112, 3.8353, 4.1670, 4.4827, 4.8049, 5.1239, 5.4453, 5.7693, 6.1031,
    6.4279, 6.7494, 7.0714, 7.3839, 7.7037, 8.0239, 8.3421, 8.6576, 8.9772, 9.2991,
    9.6189, 9.9415, 10.2716, 10.5897, 10.9083, 11.2051, 11.5059, 11.8234, 12.1576, 12.4818,
    12.8035, 13.1263, 13.4495, 13.7733, 14.1047, 14.4289, 14.7480, 15.0683, 15.3789, 15.6997,
    16.0292, 16.3521, 16.6582, 16.9770, 17.2927, 17.6102, 17.9296, 18.2524, 18.5641, 18.8872,
    19.2089, 19.5319, 19.8377, 20.1671, 20.4810, 20.8020, 21.1172, 21.4398, 21.7612, 22.0905,
    22.4020, 22.7174, 23.0335, 23.3562, 23.6642, 23.9890, 24.3050, 24.6249, 24.9384, 25.2463,
    25.5673, 25.8802, 26.2043, 26.5252, 26.8328, 27.1534, 27.4622, 27.7805, 28.1031, 28.4246,
    28.7429, 29.0626, 29.3706, 29.6678, 29.9655, 30.2817, 30.6027, 30.9257, 31.2515, 31.5725,
    31.8762, 32.1952, 32.5138, 32.8299, 33.1238, 33.4432, 33.7651, 34.0890, 34.4047, 34.7192,
    35.0389, 35.3550, 35.6574, 35.9716, 36.2738, 36.5921, 36.8967, 37.2026, 37.5049, 37.8135,
    38.1315, 38.4511, 38.7691, 39.0899,
  ]

#### episodes_per_hour
  Points: 124
  Min: 316.5928, Max: 26412.9964, Mean: 537.3415
  Data: [
    26412.9964, 632.4173, 482.0239, 426.0025, 397.0449, 379.8633, 368.5763, 359.3489, 353.3224, 348.8781,
    345.1457, 342.0489, 339.2136, 336.2156, 334.8417, 333.1989, 331.9712, 330.7413, 329.5022, 327.8688,
    326.8559, 326.1031, 325.3970, 325.1678, 324.6497, 324.1572, 323.7801, 323.5303, 323.1525, 322.7191,
    322.3867, 321.9846, 321.3700, 321.1609, 320.9472, 321.3728, 321.6607, 321.4809, 320.8685, 320.5462,
    320.3034, 320.0435, 319.7893, 319.5308, 319.1130, 318.8739, 318.7558, 318.6164, 318.6844, 318.5413,
    318.2322, 318.0632, 318.2220, 318.1360, 318.1117, 318.0541, 317.9651, 317.8213, 317.8709, 317.7284,
    317.6125, 317.4803, 317.6275, 317.3981, 317.4168, 317.3252, 317.3243, 317.2138, 317.1240, 316.9234,
    316.9806, 316.9813, 316.9736, 316.8751, 316.9762, 316.8540, 316.8484, 316.7935, 316.8202, 316.9183,
    316.8502, 316.8832, 316.7801, 316.7176, 316.8139, 316.7561, 316.8357, 316.8048, 316.7270, 316.6620,
    316.6352, 316.5928, 316.6771, 316.8758, 317.0644, 317.0559, 316.9983, 316.9211, 316.8164, 316.7628,
    316.8821, 316.8486, 316.8189, 316.8152, 317.0229, 316.9849, 316.9251, 316.8473, 316.8466, 316.8566,
    316.8196, 316.8156, 316.9325, 316.9446, 317.0605, 317.0356, 317.1290, 317.2094, 317.3186, 317.3731,
    317.3490, 317.3117, 317.2887, 317.2435,
  ]

#### gradient_steps_per_second
  Points: 124
  Min: 2.3246, Max: 2.8612, Mean: 2.7801
  Data: [
    2.3246, 2.8247, 2.8612, 2.8424, 2.8248, 2.8147, 2.8089, 2.7954, 2.7921, 2.7913,
    2.7893, 2.7873, 2.7835, 2.7753, 2.7781, 2.7768, 2.7774, 2.7767, 2.7748, 2.7687,
    2.7671, 2.7670, 2.7667, 2.7700, 2.7704, 2.7706, 2.7715, 2.7732, 2.7735, 2.7730,
    2.7732, 2.7727, 2.7701, 2.7708, 2.7714, 2.7773, 2.7820, 2.7824, 2.7791, 2.7781,
    2.7777, 2.7771, 2.7765, 2.7757, 2.7735, 2.7728, 2.7731, 2.7732, 2.7750, 2.7749,
    2.7733, 2.7729, 2.7753, 2.7755, 2.7763, 2.7767, 2.7768, 2.7764, 2.7776, 2.7772,
    2.7769, 2.7765, 2.7785, 2.7772, 2.7781, 2.7779, 2.7786, 2.7782, 2.7780, 2.7769,
    2.7779, 2.7785, 2.7790, 2.7786, 2.7800, 2.7794, 2.7799, 2.7798, 2.7805, 2.7818,
    2.7817, 2.7824, 2.7819, 2.7818, 2.7830, 2.7829, 2.7839, 2.7840, 2.7837, 2.7835,
    2.7836, 2.7836, 2.7846, 2.7867, 2.7887, 2.7889, 2.7887, 2.7883, 2.7877, 2.7875,
    2.7888, 2.7888, 2.7888, 2.7891, 2.7911, 2.7911, 2.7908, 2.7903, 2.7906, 2.7909,
    2.7908, 2.7910, 2.7922, 2.7926, 2.7938, 2.7938, 2.7948, 2.7957, 2.7969, 2.7976,
    2.7976, 2.7974, 2.7974, 2.7972,
  ]

#### steps_per_second
  Points: 124
  Min: 2.8331, Max: 14.6026, Mean: 8.9531
  Data: [
    2.8331, 14.6026, 13.4701, 13.3219, 12.8916, 12.8045, 12.4778, 12.2780, 12.3575, 12.1645,
    11.9151, 11.7223, 11.6680, 11.6712, 11.6020, 11.5763, 11.6645, 11.6204, 11.6351, 11.6251,
    11.6275, 11.6706, 11.6399, 11.5908, 11.5222, 11.4189, 11.2662, 11.1611, 11.0214, 10.8908,
    10.7996, 10.6910, 10.5636, 10.4798, 10.3712, 10.2674, 10.1775, 10.0793, 9.9923, 9.9408,
    9.8528, 9.7480, 9.6645, 9.5829, 9.4962, 9.4185, 9.3426, 9.2430, 9.1663, 9.1074,
    9.0283, 8.9705, 8.9173, 8.8496, 8.7766, 8.7245, 8.6700, 8.6256, 8.5741, 8.5229,
    8.4669, 8.4210, 8.3779, 8.3272, 8.2833, 8.2347, 8.1965, 8.1642, 8.1159, 8.0740,
    8.0371, 8.0007, 7.9630, 7.9219, 7.8881, 7.8556, 7.8285, 7.7900, 7.7539, 7.7239,
    7.6875, 7.6636, 7.6286, 7.5977, 7.5624, 7.5323, 7.4921, 7.4703, 7.4371, 7.4026,
    7.3701, 7.3438, 7.3107, 7.2901, 7.2718, 7.2454, 7.2112, 7.1818, 7.1514, 7.1251,
    7.1017, 7.0801, 7.0582, 7.0437, 7.0328, 7.0074, 6.9878, 6.9655, 6.9473, 6.9294,
    6.9112, 6.8979, 6.8840, 6.8619, 6.8492, 6.8282, 6.8087, 6.7923, 6.7766, 6.7638,
    6.7476, 6.7288, 6.7173, 6.7015,
  ]


### EVAL
#### combined_win_rate
  Points: 19
  Min: 0.0000, Max: 1.0000, Mean: 0.8316
  Data: [
    0.0000, 0.1500, 0.4500, 0.8500, 0.9000, 0.9500, 0.9000, 0.9500, 1.0000, 1.0000,
    0.8500, 0.9500, 1.0000, 1.0000, 0.9500, 1.0000, 0.9000, 1.0000, 1.0000,
  ]

#### gif_strong
  Points: 19
  Error: float() argument must be a string or a real number, not 'dict'

#### gif_weak
  Points: 19
  Error: float() argument must be a string or a real number, not 'dict'

#### strong_draws
  Points: 19
  Min: 0.0000, Max: 6.0000, Mean: 0.7895
  Data: [
    6.0000, 1.0000, 4.0000, 1.0000, 2.0000, 0.0000, 1.0000, 0.0000, 0.0000, 0.0000,
    0.0000, 0.0000, 0.0000, 0.0000, 0.0000, 0.0000, 0.0000, 0.0000, 0.0000,
  ]

#### strong_losses
  Points: 19
  Min: 0.0000, Max: 7.0000, Mean: 0.9474
  Data: [
    4.0000, 7.0000, 2.0000, 1.0000, 0.0000, 0.0000, 0.0000, 0.0000, 0.0000, 0.0000,
    1.0000, 0.0000, 0.0000, 0.0000, 1.0000, 0.0000, 2.0000, 0.0000, 0.0000,
  ]

#### strong_mean_reward
  Points: 19
  Min: -10.6887, Max: 9.5940, Mean: 6.0060
  Data: [
    -10.6887, -7.6680, -1.0325, 5.3430, 6.2983, 9.0064, 8.0830, 9.2032, 9.2363, 9.3548,
    7.2096, 9.4330, 9.5940, 9.4812, 7.4275, 9.5786, 5.2543, 9.4830, 9.5176,
  ]

#### strong_win_rate
  Points: 19
  Min: 0.0000, Max: 1.0000, Mean: 0.8263
  Data: [
    0.0000, 0.2000, 0.4000, 0.8000, 0.8000, 1.0000, 0.9000, 1.0000, 1.0000, 1.0000,
    0.9000, 1.0000, 1.0000, 1.0000, 0.9000, 1.0000, 0.8000, 1.0000, 1.0000,
  ]

#### strong_wins
  Points: 19
  Min: 0.0000, Max: 10.0000, Mean: 8.2632
  Data: [
    0.0000, 2.0000, 4.0000, 8.0000, 8.0000, 10.0000, 9.0000, 10.0000, 10.0000, 10.0000,
    9.0000, 10.0000, 10.0000, 10.0000, 9.0000, 10.0000, 8.0000, 10.0000, 10.0000,
  ]

#### weak_draws
  Points: 19
  Min: 0.0000, Max: 4.0000, Mean: 0.9474
  Data: [
    4.0000, 4.0000, 4.0000, 0.0000, 0.0000, 1.0000, 1.0000, 1.0000, 0.0000, 0.0000,
    2.0000, 1.0000, 0.0000, 0.0000, 0.0000, 0.0000, 0.0000, 0.0000, 0.0000,
  ]

#### weak_losses
  Points: 19
  Min: 0.0000, Max: 6.0000, Mean: 0.6842
  Data: [
    6.0000, 5.0000, 1.0000, 1.0000, 0.0000, 0.0000, 0.0000, 0.0000, 0.0000, 0.0000,
    0.0000, 0.0000, 0.0000, 0.0000, 0.0000, 0.0000, 0.0000, 0.0000, 0.0000,
  ]

#### weak_mean_reward
  Points: 19
  Min: -10.3818, Max: 9.7211, Mean: 6.5334
  Data: [
    -10.3818, -10.0755, 1.9097, 7.1496, 9.2387, 8.6358, 8.3707, 8.3445, 9.7211, 9.5347,
    7.3236, 8.1439, 9.4636, 9.2111, 9.5812, 9.3917, 9.4895, 9.5348, 9.5477,
  ]

#### weak_win_rate
  Points: 19
  Min: 0.0000, Max: 1.0000, Mean: 0.8368
  Data: [
    0.0000, 0.1000, 0.5000, 0.9000, 1.0000, 0.9000, 0.9000, 0.9000, 1.0000, 1.0000,
    0.8000, 0.9000, 1.0000, 1.0000, 1.0000, 1.0000, 1.0000, 1.0000, 1.0000,
  ]

#### weak_wins
  Points: 19
  Min: 0.0000, Max: 10.0000, Mean: 8.3684
  Data: [
    0.0000, 1.0000, 5.0000, 9.0000, 10.0000, 9.0000, 9.0000, 9.0000, 10.0000, 10.0000,
    8.0000, 9.0000, 10.0000, 10.0000, 10.0000, 10.0000, 10.0000, 10.0000, 10.0000,
  ]


### WORLD
#### continue_actual_mean
  Points: 124
  Min: 0.9768, Max: 0.9980, Mean: 0.9873
  Data: [
    0.9879, 0.9980, 0.9929, 0.9940, 0.9940, 0.9940, 0.9950, 0.9909, 0.9940, 0.9929,
    0.9889, 0.9919, 0.9919, 0.9919, 0.9889, 0.9889, 0.9909, 0.9950, 0.9899, 0.9950,
    0.9940, 0.9960, 0.9909, 0.9909, 0.9940, 0.9909, 0.9950, 0.9899, 0.9950, 0.9919,
    0.9909, 0.9919, 0.9899, 0.9889, 0.9919, 0.9859, 0.9889, 0.9899, 0.9929, 0.9929,
    0.9899, 0.9829, 0.9899, 0.9879, 0.9899, 0.9899, 0.9879, 0.9889, 0.9869, 0.9879,
    0.9899, 0.9889, 0.9889, 0.9869, 0.9929, 0.9869, 0.9839, 0.9839, 0.9859, 0.9869,
    0.9829, 0.9929, 0.9839, 0.9889, 0.9869, 0.9808, 0.9879, 0.9859, 0.9879, 0.9849,
    0.9869, 0.9859, 0.9869, 0.9869, 0.9879, 0.9819, 0.9829, 0.9869, 0.9798, 0.9829,
    0.9839, 0.9849, 0.9859, 0.9829, 0.9798, 0.9839, 0.9909, 0.9869, 0.9788, 0.9869,
    0.9869, 0.9839, 0.9849, 0.9808, 0.9879, 0.9819, 0.9829, 0.9819, 0.9819, 0.9859,
    0.9829, 0.9819, 0.9839, 0.9869, 0.9829, 0.9768, 0.9859, 0.9859, 0.9788, 0.9829,
    0.9788, 0.9829, 0.9859, 0.9798, 0.9849, 0.9849, 0.9808, 0.9839, 0.9849, 0.9788,
    0.9859, 0.9819, 0.9849, 0.9839,
  ]

#### continue_loss
  Points: 124
  Min: 0.0000, Max: 0.0878, Mean: 0.0039
  Data: [
    0.0878, 0.0155, 0.0149, 0.0091, 0.0096, 0.0036, 0.0125, 0.0174, 0.0023, 0.0092,
    0.0046, 0.0014, 0.0021, 0.0094, 0.0089, 0.0128, 0.0021, 0.0010, 0.0062, 0.0017,
    0.0099, 0.0054, 0.0064, 0.0109, 0.0057, 0.0016, 0.0063, 0.0059, 0.0010, 0.0023,
    0.0118, 0.0096, 0.0031, 0.0073, 0.0026, 0.0189, 0.0017, 0.0100, 0.0005, 0.0003,
    0.0006, 0.0020, 0.0006, 0.0100, 0.0006, 0.0010, 0.0005, 0.0027, 0.0040, 0.0012,
    0.0018, 0.0011, 0.0007, 0.0055, 0.0002, 0.0144, 0.0028, 0.0047, 0.0002, 0.0007,
    0.0020, 0.0012, 0.0008, 0.0022, 0.0006, 0.0006, 0.0003, 0.0021, 0.0008, 0.0041,
    0.0001, 0.0010, 0.0013, 0.0007, 0.0005, 0.0003, 0.0013, 0.0007, 0.0053, 0.0002,
    0.0055, 0.0005, 0.0002, 0.0002, 0.0034, 0.0016, 0.0006, 0.0072, 0.0012, 0.0001,
    0.0006, 0.0040, 0.0002, 0.0003, 0.0005, 0.0025, 0.0005, 0.0005, 0.0002, 0.0000,
    0.0005, 0.0031, 0.0005, 0.0058, 0.0009, 0.0001, 0.0006, 0.0003, 0.0008, 0.0008,
    0.0008, 0.0006, 0.0002, 0.0003, 0.0001, 0.0001, 0.0016, 0.0021, 0.0000, 0.0015,
    0.0019, 0.0003, 0.0002, 0.0005,
  ]

#### continue_pred_mean
  Points: 124
  Min: 0.9768, Max: 0.9975, Mean: 0.9874
  Data: [
    0.9975, 0.9965, 0.9920, 0.9935, 0.9937, 0.9928, 0.9950, 0.9915, 0.9934, 0.9962,
    0.9885, 0.9912, 0.9919, 0.9933, 0.9862, 0.9886, 0.9920, 0.9943, 0.9883, 0.9951,
    0.9960, 0.9961, 0.9918, 0.9859, 0.9943, 0.9903, 0.9957, 0.9888, 0.9947, 0.9925,
    0.9923, 0.9911, 0.9901, 0.9897, 0.9913, 0.9913, 0.9900, 0.9921, 0.9927, 0.9929,
    0.9894, 0.9829, 0.9898, 0.9876, 0.9901, 0.9891, 0.9876, 0.9897, 0.9841, 0.9883,
    0.9908, 0.9894, 0.9884, 0.9890, 0.9927, 0.9873, 0.9848, 0.9825, 0.9859, 0.9873,
    0.9836, 0.9933, 0.9835, 0.9893, 0.9873, 0.9806, 0.9878, 0.9851, 0.9884, 0.9871,
    0.9869, 0.9852, 0.9877, 0.9865, 0.9883, 0.9819, 0.9818, 0.9870, 0.9815, 0.9827,
    0.9865, 0.9851, 0.9858, 0.9828, 0.9819, 0.9848, 0.9911, 0.9881, 0.9782, 0.9868,
    0.9865, 0.9818, 0.9848, 0.9807, 0.9876, 0.9807, 0.9826, 0.9818, 0.9818, 0.9859,
    0.9826, 0.9833, 0.9843, 0.9879, 0.9823, 0.9768, 0.9856, 0.9860, 0.9791, 0.9823,
    0.9783, 0.9832, 0.9858, 0.9800, 0.9849, 0.9848, 0.9816, 0.9848, 0.9848, 0.9781,
    0.9848, 0.9818, 0.9849, 0.9840,
  ]

#### kl_loss
  Points: 124
  Min: 0.4008, Max: 3.4021, Mean: 2.7819
  Data: [
    0.4008, 3.4021, 3.3568, 3.0414, 2.7566, 2.8524, 3.0142, 2.9001, 2.7856, 2.7872,
    3.3551, 2.9615, 2.9876, 2.9347, 2.9124, 3.0930, 2.9121, 2.7363, 3.0244, 3.1054,
    3.2883, 2.9481, 3.1748, 3.2428, 3.0680, 3.0341, 2.9698, 3.2006, 3.0526, 3.0572,
    3.0318, 3.2698, 2.9979, 2.9079, 2.9886, 3.0972, 2.7051, 2.8317, 2.9237, 3.0151,
    2.8267, 3.0694, 2.9542, 3.0278, 2.7249, 2.7057, 2.8316, 2.8019, 3.0043, 2.8864,
    2.8600, 2.9198, 3.0966, 2.8898, 2.7466, 2.8815, 2.6518, 2.8026, 2.4973, 2.8046,
    2.8413, 2.8967, 3.0298, 2.7701, 2.9465, 2.7572, 2.6367, 2.7933, 2.5003, 2.7683,
    2.7598, 2.8543, 2.6767, 2.7770, 2.8917, 2.6765, 2.5426, 2.6778, 2.7596, 2.6545,
    2.6917, 2.7024, 2.5433, 2.8366, 2.7330, 2.6520, 2.6594, 2.5255, 2.6651, 2.8533,
    2.5910, 2.6609, 2.7533, 2.5070, 2.5106, 2.5742, 2.6111, 2.7831, 2.6101, 2.3979,
    2.4044, 2.5360, 2.6001, 2.7548, 2.5903, 2.5821, 2.6319, 2.6822, 2.4031, 2.5965,
    2.5961, 2.4501, 2.6367, 2.4639, 2.7120, 2.6378, 2.2505, 2.6770, 2.4288, 2.4766,
    2.7653, 2.6865, 2.7146, 2.4995,
  ]

#### latent_entropy
  Points: 124
  Min: 1.0554, Max: 2.6904, Mean: 1.4098
  Data: [
    2.6904, 1.0554, 1.1185, 1.1620, 1.1600, 1.1808, 1.2000, 1.2250, 1.2523, 1.2913,
    1.2441, 1.2756, 1.3015, 1.3012, 1.3274, 1.3313, 1.3412, 1.3529, 1.3510, 1.3621,
    1.3741, 1.3981, 1.3691, 1.3811, 1.4160, 1.4066, 1.4186, 1.4358, 1.4384, 1.4495,
    1.4337, 1.4313, 1.4561, 1.4518, 1.4435, 1.4484, 1.4637, 1.4485, 1.4668, 1.4480,
    1.4517, 1.4318, 1.4657, 1.4585, 1.4632, 1.4723, 1.4748, 1.4519, 1.4362, 1.4561,
    1.4544, 1.4371, 1.4397, 1.4363, 1.4726, 1.4364, 1.4415, 1.4306, 1.4295, 1.4366,
    1.4220, 1.4491, 1.4330, 1.4307, 1.4227, 1.4106, 1.4799, 1.4239, 1.4497, 1.4531,
    1.4244, 1.4174, 1.4689, 1.4299, 1.4390, 1.4180, 1.4061, 1.4022, 1.3618, 1.3800,
    1.4105, 1.3969, 1.4360, 1.3911, 1.4256, 1.4016, 1.4462, 1.4212, 1.4317, 1.4332,
    1.4249, 1.4057, 1.4249, 1.4253, 1.4042, 1.4134, 1.3981, 1.4193, 1.4000, 1.4379,
    1.4197, 1.4342, 1.4082, 1.4112, 1.4003, 1.3940, 1.4213, 1.4138, 1.3930, 1.4165,
    1.4030, 1.4066, 1.4058, 1.3947, 1.4213, 1.4278, 1.4152, 1.4010, 1.4009, 1.4402,
    1.4100, 1.4101, 1.4098, 1.4113,
  ]

#### loss
  Points: 124
  Min: 19.2369, Max: 29.8059, Mean: 20.0790
  Data: [
    29.8059, 21.1654, 21.2930, 20.6988, 20.2484, 20.4626, 20.4968, 20.5368, 20.1026, 20.1332,
    20.8086, 20.2852, 20.3631, 20.5064, 20.4003, 20.5492, 20.2646, 20.0905, 20.4895, 20.4777,
    20.8337, 20.1680, 20.5391, 20.8145, 20.3678, 20.3531, 20.1507, 20.7129, 20.3437, 20.2833,
    20.4538, 20.6905, 20.2736, 20.1035, 20.2782, 20.3344, 19.8628, 20.0432, 20.0742, 20.1819,
    19.9751, 20.3207, 20.1526, 20.2839, 19.8666, 19.8441, 20.0206, 19.9240, 20.2337, 20.0543,
    19.9622, 20.0691, 20.2072, 20.1968, 19.8237, 20.2138, 19.7309, 19.9762, 19.5934, 19.8741,
    19.9757, 20.0189, 20.1586, 19.8811, 20.0886, 19.8692, 19.7007, 19.9538, 19.5356, 19.9071,
    19.8944, 19.9310, 19.7707, 19.8017, 19.9917, 19.7801, 19.5940, 19.7340, 19.9481, 19.7642,
    19.9153, 19.7620, 19.6069, 19.9133, 19.9853, 19.7409, 19.7999, 19.6141, 19.7869, 19.9071,
    19.6556, 19.7994, 19.7798, 19.5419, 19.5386, 19.7311, 19.7012, 19.8878, 19.7505, 19.3941,
    19.4623, 19.6675, 19.6687, 19.8432, 19.6276, 19.6411, 19.7040, 19.7834, 19.4307, 19.6964,
    19.7051, 19.4795, 19.6730, 19.4912, 19.7819, 19.6933, 19.2369, 19.7850, 19.4811, 19.5311,
    19.8541, 19.7254, 19.7894, 19.5627,
  ]

#### prior_posterior_kl
  Points: 124
  Min: 0.0822, Max: 0.2546, Mean: 0.2185
  Data: [
    0.0822, 0.2546, 0.2514, 0.2339, 0.2166, 0.2220, 0.2317, 0.2250, 0.2184, 0.2182,
    0.2516, 0.2284, 0.2310, 0.2272, 0.2259, 0.2373, 0.2267, 0.2160, 0.2326, 0.2380,
    0.2484, 0.2282, 0.2418, 0.2459, 0.2358, 0.2334, 0.2301, 0.2423, 0.2347, 0.2353,
    0.2335, 0.2475, 0.2314, 0.2259, 0.2314, 0.2371, 0.2143, 0.2217, 0.2271, 0.2327,
    0.2219, 0.2355, 0.2292, 0.2333, 0.2160, 0.2142, 0.2222, 0.2199, 0.2320, 0.2246,
    0.2233, 0.2265, 0.2370, 0.2251, 0.2170, 0.2244, 0.2107, 0.2196, 0.2022, 0.2199,
    0.2223, 0.2254, 0.2331, 0.2183, 0.2275, 0.2169, 0.2103, 0.2191, 0.2025, 0.2177,
    0.2176, 0.2229, 0.2123, 0.2187, 0.2248, 0.2123, 0.2044, 0.2126, 0.2165, 0.2109,
    0.2133, 0.2132, 0.2041, 0.2214, 0.2149, 0.2105, 0.2115, 0.2029, 0.2118, 0.2224,
    0.2075, 0.2118, 0.2171, 0.2021, 0.2024, 0.2061, 0.2083, 0.2183, 0.2078, 0.1958,
    0.1964, 0.2038, 0.2074, 0.2170, 0.2068, 0.2064, 0.2101, 0.2122, 0.1955, 0.2078,
    0.2065, 0.1984, 0.2098, 0.1982, 0.2143, 0.2096, 0.1872, 0.2125, 0.1977, 0.1993,
    0.2172, 0.2126, 0.2141, 0.2013,
  ]

#### recon_error_max
  Points: 124
  Min: 0.2151, Max: 2.2502, Mean: 0.6639
  Data: [
    2.2502, 1.1284, 1.0972, 0.8788, 0.6404, 0.3741, 0.5390, 0.6053, 0.5332, 0.6091,
    0.6071, 0.6501, 1.1223, 0.7485, 0.4627, 0.5611, 0.5721, 0.9324, 1.1471, 0.6325,
    0.5378, 0.9671, 0.6492, 0.4364, 0.7071, 0.6633, 1.2825, 0.8838, 0.8123, 0.6140,
    0.6033, 0.4342, 0.4708, 0.3863, 0.5309, 0.4272, 0.4063, 0.8007, 0.5260, 0.5473,
    0.5614, 1.3347, 0.5630, 0.5985, 1.2379, 0.5349, 1.0079, 0.3633, 0.5708, 0.6465,
    0.4209, 0.7295, 0.8525, 1.5294, 0.3864, 0.4778, 0.9969, 1.5242, 0.2540, 0.4643,
    0.6849, 1.0692, 0.7147, 0.8963, 0.6149, 0.6535, 0.6328, 0.9519, 0.6133, 0.4214,
    1.0454, 0.9908, 0.5975, 0.2842, 0.7369, 0.3917, 0.4514, 0.3222, 0.4487, 0.5692,
    0.7796, 0.5655, 0.7808, 0.7876, 0.5570, 0.8153, 0.5568, 0.4719, 0.2905, 0.5140,
    0.3314, 0.8130, 0.3954, 0.5231, 0.4149, 0.2922, 0.7211, 0.9850, 1.6393, 0.4868,
    0.3772, 0.4627, 0.9220, 1.1955, 0.6508, 0.3689, 0.5881, 0.5347, 0.6159, 0.4655,
    0.4998, 0.5339, 0.2151, 0.4623, 0.4217, 0.3440, 0.3103, 0.7714, 0.4611, 0.4684,
    0.4608, 0.6179, 0.4716, 0.4585,
  ]

#### recon_error_mean
  Points: 124
  Min: 0.0171, Max: 0.8376, Mean: 0.0330
  Data: [
    0.8376, 0.0732, 0.0626, 0.0569, 0.0480, 0.0433, 0.0452, 0.0402, 0.0361, 0.0351,
    0.0398, 0.0332, 0.0375, 0.0328, 0.0327, 0.0344, 0.0309, 0.0297, 0.0365, 0.0367,
    0.0350, 0.0307, 0.0325, 0.0309, 0.0338, 0.0333, 0.0291, 0.0317, 0.0310, 0.0294,
    0.0307, 0.0299, 0.0282, 0.0276, 0.0308, 0.0272, 0.0242, 0.0273, 0.0310, 0.0295,
    0.0274, 0.0286, 0.0277, 0.0268, 0.0280, 0.0273, 0.0276, 0.0246, 0.0239, 0.0257,
    0.0260, 0.0263, 0.0276, 0.0264, 0.0222, 0.0223, 0.0234, 0.0256, 0.0208, 0.0218,
    0.0251, 0.0267, 0.0243, 0.0232, 0.0256, 0.0224, 0.0245, 0.0249, 0.0212, 0.0210,
    0.0228, 0.0220, 0.0206, 0.0211, 0.0251, 0.0207, 0.0201, 0.0235, 0.0190, 0.0237,
    0.0238, 0.0205, 0.0210, 0.0234, 0.0218, 0.0228, 0.0216, 0.0195, 0.0207, 0.0207,
    0.0208, 0.0206, 0.0199, 0.0171, 0.0184, 0.0198, 0.0226, 0.0225, 0.0240, 0.0183,
    0.0186, 0.0186, 0.0217, 0.0236, 0.0203, 0.0201, 0.0194, 0.0224, 0.0185, 0.0197,
    0.0210, 0.0174, 0.0177, 0.0192, 0.0204, 0.0189, 0.0171, 0.0195, 0.0186, 0.0202,
    0.0225, 0.0195, 0.0216, 0.0193,
  ]

#### recon_error_std
  Points: 124
  Min: 0.0250, Max: 0.4992, Mean: 0.0477
  Data: [
    0.4992, 0.1003, 0.0764, 0.0693, 0.0603, 0.0479, 0.0559, 0.0574, 0.0561, 0.0535,
    0.0600, 0.0501, 0.0624, 0.0536, 0.0483, 0.0503, 0.0421, 0.0496, 0.0697, 0.0539,
    0.0526, 0.0517, 0.0527, 0.0412, 0.0536, 0.0545, 0.0603, 0.0632, 0.0550, 0.0467,
    0.0480, 0.0443, 0.0420, 0.0410, 0.0493, 0.0387, 0.0356, 0.0530, 0.0474, 0.0466,
    0.0415, 0.0614, 0.0430, 0.0469, 0.0662, 0.0431, 0.0540, 0.0366, 0.0362, 0.0405,
    0.0369, 0.0429, 0.0458, 0.0633, 0.0289, 0.0349, 0.0485, 0.0752, 0.0283, 0.0376,
    0.0389, 0.0605, 0.0395, 0.0439, 0.0447, 0.0366, 0.0458, 0.0519, 0.0345, 0.0329,
    0.0465, 0.0401, 0.0351, 0.0285, 0.0427, 0.0352, 0.0302, 0.0320, 0.0295, 0.0436,
    0.0459, 0.0338, 0.0428, 0.0421, 0.0359, 0.0502, 0.0343, 0.0312, 0.0295, 0.0346,
    0.0300, 0.0416, 0.0289, 0.0271, 0.0277, 0.0272, 0.0441, 0.0471, 0.0833, 0.0286,
    0.0278, 0.0337, 0.0464, 0.0581, 0.0409, 0.0322, 0.0331, 0.0363, 0.0350, 0.0314,
    0.0369, 0.0307, 0.0250, 0.0366, 0.0339, 0.0287, 0.0278, 0.0378, 0.0325, 0.0380,
    0.0367, 0.0397, 0.0362, 0.0316,
  ]

#### recon_loss
  Points: 124
  Min: 16.6948, Max: 24.0795, Mean: 16.8377
  Data: [
    24.0795, 17.1995, 17.1041, 17.0526, 16.9725, 16.9305, 16.9478, 16.9026, 16.8662, 16.8569,
    16.8994, 16.8401, 16.8782, 16.8364, 16.8352, 16.8501, 16.8187, 16.8084, 16.8690, 16.8716,
    16.8563, 16.8169, 16.8338, 16.8186, 16.8448, 16.8403, 16.8031, 16.8266, 16.8199, 16.8051,
    16.8173, 16.8101, 16.7947, 16.7895, 16.8178, 16.7857, 16.7585, 16.7863, 16.8201, 16.8066,
    16.7878, 16.7982, 16.7905, 16.7821, 16.7929, 16.7864, 16.7895, 16.7621, 16.7559, 16.7719,
    16.7746, 16.7775, 16.7892, 16.7783, 16.7407, 16.7420, 16.7512, 16.7709, 16.7282, 16.7374,
    16.7665, 16.7809, 16.7594, 16.7497, 16.7716, 16.7421, 16.7610, 16.7647, 16.7317, 16.7298,
    16.7461, 16.7388, 16.7261, 16.7309, 16.7666, 16.7269, 16.7220, 16.7520, 16.7123, 16.7540,
    16.7555, 16.7252, 16.7298, 16.7512, 16.7372, 16.7463, 16.7349, 16.7167, 16.7269, 16.7272,
    16.7281, 16.7261, 16.7199, 16.6950, 16.7065, 16.7193, 16.7446, 16.7437, 16.7573, 16.7057,
    16.7086, 16.7081, 16.7359, 16.7536, 16.7235, 16.7217, 16.7155, 16.7423, 16.7074, 16.7178,
    16.7297, 16.6977, 16.7001, 16.7139, 16.7245, 16.7109, 16.6948, 16.7161, 16.7085, 16.7226,
    16.7431, 16.7163, 16.7354, 16.7143,
  ]

#### reward_actual_mean
  Points: 124
  Min: -0.0978, Max: 0.0991, Mean: 0.0263
  Data: [
    -0.0703, -0.0940, -0.0745, -0.0724, -0.0897, -0.0978, -0.0679, -0.0713, -0.0855, -0.0685,
    -0.0444, -0.0557, -0.0436, -0.0525, -0.0430, -0.0382, -0.0538, -0.0668, -0.0491, -0.0378,
    -0.0201, -0.0185, -0.0040, 0.0003, -0.0110, -0.0196, -0.0167, -0.0288, -0.0142, -0.0342,
    -0.0151, -0.0064, -0.0059, 0.0157, 0.0059, 0.0202, 0.0262, 0.0065, 0.0010, -0.0094,
    0.0391, 0.0180, 0.0178, 0.0217, 0.0236, 0.0239, 0.0311, 0.0394, 0.0327, 0.0272,
    0.0185, 0.0449, 0.0402, 0.0529, 0.0266, 0.0377, 0.0675, 0.0553, 0.0556, 0.0446,
    0.0540, 0.0274, 0.0495, 0.0366, 0.0327, 0.0841, 0.0475, 0.0458, 0.0447, 0.0634,
    0.0407, 0.0544, 0.0412, 0.0510, 0.0293, 0.0763, 0.0754, 0.0508, 0.0785, 0.0585,
    0.0627, 0.0658, 0.0577, 0.0708, 0.0884, 0.0588, 0.0171, 0.0534, 0.0799, 0.0328,
    0.0535, 0.0560, 0.0598, 0.0801, 0.0488, 0.0775, 0.0525, 0.0761, 0.0681, 0.0627,
    0.0647, 0.0668, 0.0722, 0.0357, 0.0767, 0.0991, 0.0607, 0.0562, 0.0856, 0.0644,
    0.0921, 0.0712, 0.0564, 0.0815, 0.0641, 0.0582, 0.0857, 0.0566, 0.0651, 0.0970,
    0.0617, 0.0785, 0.0588, 0.0692,
  ]

#### reward_loss
  Points: 124
  Min: 0.2271, Max: 2.3229, Mean: 0.3365
  Data: [
    2.3229, 0.4539, 0.6426, 0.4578, 0.4362, 0.5783, 0.4307, 0.6282, 0.3774, 0.4103,
    0.3965, 0.3833, 0.4021, 0.5733, 0.4885, 0.4805, 0.4208, 0.4245, 0.4399, 0.3400,
    0.5527, 0.3009, 0.3602, 0.6497, 0.3371, 0.3654, 0.2685, 0.5228, 0.3428, 0.3467,
    0.4784, 0.4692, 0.3858, 0.2916, 0.3610, 0.3428, 0.2942, 0.2916, 0.2546, 0.2843,
    0.2636, 0.3342, 0.2963, 0.3814, 0.2910, 0.2774, 0.2817, 0.2705, 0.3949, 0.2863,
    0.2554, 0.3060, 0.2514, 0.4237, 0.2271, 0.4782, 0.2628, 0.3190, 0.2655, 0.2443,
    0.2960, 0.2531, 0.2967, 0.2450, 0.2801, 0.2599, 0.2390, 0.2784, 0.2497, 0.2744,
    0.2650, 0.2523, 0.2701, 0.2405, 0.2527, 0.2667, 0.2622, 0.2357, 0.3288, 0.2542,
    0.3682, 0.2488, 0.2596, 0.2417, 0.3270, 0.2856, 0.2788, 0.2832, 0.3125, 0.2462,
    0.2525, 0.3205, 0.2457, 0.2603, 0.2465, 0.3024, 0.2451, 0.2488, 0.2701, 0.2336,
    0.2762, 0.3094, 0.2636, 0.2416, 0.2489, 0.2637, 0.2850, 0.2356, 0.2364, 0.2820,
    0.2625, 0.2699, 0.2361, 0.2301, 0.2519, 0.2629, 0.2564, 0.2823, 0.2466, 0.2568,
    0.2717, 0.2567, 0.2630, 0.2664,
  ]

#### reward_pred_error_mean
  Points: 124
  Min: 0.0034, Max: 0.2145, Mean: 0.0122
  Data: [
    0.2145, 0.0231, 0.0247, 0.0157, 0.0152, 0.0193, 0.0178, 0.0236, 0.0155, 0.0147,
    0.0194, 0.0144, 0.0131, 0.0201, 0.0256, 0.0245, 0.0151, 0.0125, 0.0178, 0.0141,
    0.0106, 0.0117, 0.0181, 0.0242, 0.0120, 0.0116, 0.0105, 0.0267, 0.0091, 0.0115,
    0.0176, 0.0121, 0.0114, 0.0086, 0.0156, 0.0123, 0.0101, 0.0135, 0.0051, 0.0108,
    0.0127, 0.0128, 0.0089, 0.0123, 0.0088, 0.0057, 0.0118, 0.0079, 0.0176, 0.0120,
    0.0076, 0.0096, 0.0096, 0.0150, 0.0050, 0.0126, 0.0058, 0.0113, 0.0063, 0.0059,
    0.0119, 0.0049, 0.0080, 0.0079, 0.0121, 0.0112, 0.0060, 0.0086, 0.0066, 0.0077,
    0.0117, 0.0058, 0.0061, 0.0049, 0.0049, 0.0066, 0.0080, 0.0046, 0.0150, 0.0068,
    0.0106, 0.0064, 0.0070, 0.0049, 0.0164, 0.0078, 0.0073, 0.0075, 0.0101, 0.0048,
    0.0061, 0.0111, 0.0057, 0.0080, 0.0058, 0.0125, 0.0050, 0.0048, 0.0048, 0.0034,
    0.0077, 0.0086, 0.0090, 0.0048, 0.0054, 0.0044, 0.0142, 0.0061, 0.0060, 0.0097,
    0.0071, 0.0072, 0.0099, 0.0066, 0.0105, 0.0069, 0.0060, 0.0091, 0.0072, 0.0066,
    0.0067, 0.0078, 0.0066, 0.0064,
  ]

#### reward_pred_error_std
  Points: 124
  Min: 0.0142, Max: 0.1865, Mean: 0.0562
  Data: [
    0.1865, 0.0542, 0.0871, 0.0344, 0.0432, 0.0631, 0.0627, 0.1118, 0.0432, 0.0686,
    0.0900, 0.0437, 0.0418, 0.0806, 0.1320, 0.1184, 0.0536, 0.0427, 0.0653, 0.0777,
    0.0564, 0.0501, 0.0717, 0.1056, 0.0591, 0.0392, 0.0646, 0.1440, 0.0373, 0.0462,
    0.1112, 0.0731, 0.0465, 0.0505, 0.0907, 0.0598, 0.0468, 0.0786, 0.0142, 0.0628,
    0.0624, 0.0656, 0.0484, 0.0721, 0.0414, 0.0349, 0.0749, 0.0432, 0.1173, 0.0751,
    0.0394, 0.0529, 0.0537, 0.0938, 0.0263, 0.0850, 0.0340, 0.0791, 0.0221, 0.0271,
    0.0720, 0.0325, 0.0438, 0.0519, 0.0845, 0.0747, 0.0438, 0.0482, 0.0444, 0.0466,
    0.0789, 0.0384, 0.0221, 0.0228, 0.0201, 0.0276, 0.0497, 0.0159, 0.0998, 0.0351,
    0.0768, 0.0333, 0.0458, 0.0385, 0.0767, 0.0528, 0.0504, 0.0652, 0.0607, 0.0182,
    0.0392, 0.0579, 0.0278, 0.0558, 0.0344, 0.0835, 0.0317, 0.0233, 0.0180, 0.0159,
    0.0478, 0.0516, 0.0494, 0.0368, 0.0412, 0.0142, 0.0913, 0.0374, 0.0425, 0.0557,
    0.0378, 0.0502, 0.0661, 0.0580, 0.0733, 0.0439, 0.0388, 0.0585, 0.0434, 0.0504,
    0.0399, 0.0550, 0.0360, 0.0298,
  ]

#### reward_pred_mean
  Points: 124
  Min: -0.2504, Max: 0.0997, Mean: 0.0264
  Data: [
    -0.2504, -0.0988, -0.0708, -0.0724, -0.0876, -0.1017, -0.0766, -0.0610, -0.0860, -0.0653,
    -0.0504, -0.0540, -0.0433, -0.0496, -0.0397, -0.0295, -0.0460, -0.0651, -0.0489, -0.0424,
    -0.0223, -0.0149, -0.0010, 0.0115, -0.0055, -0.0229, -0.0137, -0.0254, -0.0183, -0.0353,
    -0.0162, -0.0024, -0.0078, 0.0148, 0.0077, 0.0224, 0.0256, 0.0091, 0.0008, -0.0105,
    0.0422, 0.0237, 0.0195, 0.0285, 0.0290, 0.0257, 0.0362, 0.0361, 0.0441, 0.0301,
    0.0196, 0.0468, 0.0430, 0.0492, 0.0295, 0.0338, 0.0656, 0.0638, 0.0537, 0.0445,
    0.0555, 0.0267, 0.0476, 0.0424, 0.0359, 0.0912, 0.0477, 0.0488, 0.0447, 0.0606,
    0.0498, 0.0544, 0.0404, 0.0521, 0.0305, 0.0738, 0.0805, 0.0494, 0.0803, 0.0599,
    0.0584, 0.0666, 0.0595, 0.0718, 0.0842, 0.0597, 0.0151, 0.0545, 0.0810, 0.0326,
    0.0550, 0.0622, 0.0597, 0.0861, 0.0522, 0.0848, 0.0539, 0.0776, 0.0686, 0.0628,
    0.0689, 0.0627, 0.0758, 0.0379, 0.0797, 0.0997, 0.0690, 0.0571, 0.0880, 0.0675,
    0.0956, 0.0715, 0.0606, 0.0850, 0.0694, 0.0580, 0.0870, 0.0565, 0.0660, 0.0981,
    0.0645, 0.0799, 0.0612, 0.0696,
  ]


### BEHAVIOR
#### actor_loss
  Points: 124
  Min: -16.0502, Max: 0.0136, Mean: -0.1305
  Data: [
    -16.0502, -0.0238, -0.0070, -0.0111, 0.0088, -0.0035, -0.0147, -0.0166, -0.0129, -0.0068,
    -0.0134, -0.0194, -0.0065, -0.0055, -0.0067, -0.0058, -0.0175, -0.0171, 0.0029, -0.0135,
    -0.0117, 0.0035, -0.0080, -0.0007, 0.0040, 0.0002, 0.0023, 0.0003, 0.0007, 0.0018,
    -0.0001, 0.0129, 0.0039, -0.0036, 0.0063, 0.0058, 0.0033, 0.0013, 0.0136, 0.0108,
    0.0119, -0.0004, 0.0011, 0.0001, -0.0091, 0.0020, -0.0078, 0.0088, -0.0140, 0.0092,
    0.0055, -0.0049, -0.0068, 0.0049, -0.0018, -0.0003, -0.0026, 0.0040, -0.0018, -0.0017,
    0.0001, -0.0002, 0.0003, -0.0009, 0.0125, -0.0009, -0.0035, 0.0003, 0.0011, 0.0007,
    0.0028, 0.0011, 0.0027, -0.0008, 0.0003, -0.0057, 0.0020, 0.0020, -0.0045, 0.0022,
    0.0030, -0.0002, 0.0005, -0.0025, 0.0015, 0.0072, -0.0098, 0.0032, -0.0011, -0.0008,
    -0.0006, -0.0005, -0.0012, 0.0071, 0.0014, -0.0015, -0.0009, 0.0013, 0.0005, -0.0024,
    -0.0017, -0.0009, 0.0005, -0.0071, -0.0007, 0.0042, 0.0051, -0.0003, -0.0017, -0.0002,
    -0.0016, 0.0017, -0.0013, 0.0019, 0.0136, -0.0017, -0.0033, 0.0038, -0.0024, -0.0018,
    -0.0010, -0.0031, -0.0010, 0.0004,
  ]

#### actor_mean_abs
  Points: 124
  Min: 0.2475, Max: 0.4014, Mean: 0.3299
  Data: [
    0.3127, 0.3398, 0.2475, 0.2646, 0.3505, 0.3092, 0.2758, 0.2641, 0.3068, 0.2888,
    0.3133, 0.2965, 0.3102, 0.3354, 0.3229, 0.2884, 0.2856, 0.3143, 0.3171, 0.2644,
    0.2613, 0.2918, 0.2966, 0.3047, 0.2959, 0.3046, 0.3221, 0.3031, 0.2922, 0.3389,
    0.3544, 0.3270, 0.3198, 0.3103, 0.3215, 0.3219, 0.3355, 0.3641, 0.3486, 0.3741,
    0.3472, 0.4014, 0.3861, 0.3443, 0.3824, 0.3452, 0.3531, 0.3466, 0.3807, 0.3354,
    0.3526, 0.3437, 0.3532, 0.3631, 0.3095, 0.3852, 0.3277, 0.3267, 0.3661, 0.3250,
    0.3502, 0.3069, 0.3238, 0.2896, 0.3131, 0.3187, 0.3220, 0.3470, 0.3255, 0.3313,
    0.3543, 0.3454, 0.3316, 0.3555, 0.3299, 0.3434, 0.3510, 0.3122, 0.3246, 0.3418,
    0.3431, 0.3892, 0.3462, 0.3258, 0.3707, 0.3069, 0.3624, 0.3383, 0.3350, 0.3332,
    0.3321, 0.3541, 0.3291, 0.3648, 0.3115, 0.3593, 0.3425, 0.3320, 0.3079, 0.3144,
    0.3497, 0.3301, 0.3335, 0.3342, 0.3158, 0.4002, 0.3213, 0.3164, 0.3146, 0.3716,
    0.3428, 0.3249, 0.3338, 0.3028, 0.3239, 0.3720, 0.3111, 0.3540, 0.3404, 0.3081,
    0.3267, 0.3188, 0.3390, 0.3302,
  ]

#### advantages_abs_mean
  Points: 124
  Min: 0.0341, Max: 7.1367, Mean: 0.1182
  Data: [
    7.1367, 0.0711, 0.0584, 0.0663, 0.0762, 0.0749, 0.0788, 0.0536, 0.0694, 0.0803,
    0.0883, 0.0659, 0.0779, 0.1032, 0.0835, 0.0862, 0.0754, 0.0828, 0.0833, 0.0671,
    0.0679, 0.0659, 0.0765, 0.0658, 0.0767, 0.0672, 0.0820, 0.0799, 0.0673, 0.0731,
    0.0787, 0.0871, 0.0709, 0.0722, 0.0847, 0.0703, 0.0715, 0.0916, 0.0902, 0.1051,
    0.0837, 0.0947, 0.0854, 0.0708, 0.0892, 0.0637, 0.0733, 0.0929, 0.0815, 0.0833,
    0.0770, 0.0688, 0.0605, 0.0670, 0.0629, 0.0600, 0.0496, 0.0553, 0.0554, 0.0527,
    0.0514, 0.0504, 0.0483, 0.0512, 0.0533, 0.0593, 0.0480, 0.0473, 0.0427, 0.0562,
    0.0582, 0.0471, 0.0657, 0.0536, 0.0516, 0.0462, 0.0514, 0.0344, 0.0443, 0.0577,
    0.0503, 0.0636, 0.0586, 0.0397, 0.0587, 0.0465, 0.0562, 0.0527, 0.0427, 0.0481,
    0.0419, 0.0465, 0.0443, 0.0476, 0.0480, 0.0616, 0.0432, 0.0409, 0.0387, 0.0341,
    0.0539, 0.0419, 0.0469, 0.0495, 0.0371, 0.0535, 0.0474, 0.0448, 0.0418, 0.0555,
    0.0467, 0.0513, 0.0422, 0.0408, 0.0684, 0.0504, 0.0406, 0.0488, 0.0522, 0.0395,
    0.0428, 0.0406, 0.0462, 0.0425,
  ]

#### advantages_max
  Points: 124
  Min: -1.1711, Max: 2.7919, Mean: 1.4015
  Data: [
    -1.1711, 1.1201, 0.9709, 0.8599, 0.9692, 0.9189, 1.1978, 0.7111, 1.2182, 0.9723,
    1.0986, 0.9469, 0.7529, 1.0509, 1.4996, 1.3498, 1.4366, 0.9744, 1.1871, 0.9543,
    1.2611, 1.1083, 1.1928, 0.9748, 1.0714, 0.9924, 1.3892, 1.1205, 0.7541, 0.8526,
    0.9094, 1.0323, 1.0818, 1.4225, 1.5122, 1.2765, 1.5170, 1.6248, 2.1709, 1.8548,
    1.9811, 2.0451, 1.6972, 2.4355, 2.3634, 1.9474, 2.7919, 2.7367, 2.3877, 1.8600,
    1.4993, 1.7927, 1.2646, 1.9014, 1.7685, 1.4981, 1.5648, 1.4533, 1.4527, 2.0731,
    2.3491, 1.4816, 1.8726, 1.4064, 1.1350, 1.7101, 0.9917, 1.2378, 1.1132, 1.8074,
    1.1434, 1.2936, 1.7225, 1.2386, 1.2390, 1.5981, 1.2325, 1.2613, 1.5942, 1.6991,
    1.2758, 1.3095, 1.4782, 1.2654, 1.4803, 1.1549, 1.1282, 1.5520, 1.7045, 1.4968,
    1.3290, 1.6535, 1.2364, 1.2333, 1.2518, 1.9252, 2.1276, 1.2660, 1.1131, 1.1309,
    1.4309, 1.0215, 1.6083, 1.4530, 1.0054, 0.8018, 1.1608, 1.4291, 0.7756, 1.2671,
    1.4691, 0.8927, 1.8472, 1.1541, 1.9404, 1.7825, 1.7412, 1.3603, 1.5858, 2.2934,
    1.3892, 1.2850, 2.2332, 0.9714,
  ]

#### advantages_mean
  Points: 124
  Min: -7.1367, Max: 0.0204, Mean: -0.0556
  Data: [
    -7.1367, -0.0139, -0.0035, -0.0125, 0.0097, -0.0140, -0.0149, -0.0171, -0.0016, -0.0093,
    -0.0138, -0.0196, -0.0250, -0.0096, -0.0108, 0.0060, -0.0059, -0.0181, 0.0049, -0.0048,
    -0.0083, 0.0007, -0.0078, 0.0041, 0.0147, 0.0111, 0.0098, 0.0137, -0.0038, 0.0031,
    0.0086, 0.0076, 0.0043, 0.0026, 0.0106, 0.0129, 0.0100, -0.0017, 0.0041, -0.0096,
    0.0004, 0.0093, 0.0014, 0.0078, 0.0149, 0.0023, 0.0108, 0.0020, 0.0105, -0.0001,
    0.0204, 0.0188, -0.0058, 0.0047, 0.0100, 0.0049, 0.0091, 0.0110, -0.0027, 0.0074,
    -0.0016, -0.0030, 0.0022, 0.0038, -0.0005, 0.0002, -0.0044, 0.0000, 0.0038, 0.0120,
    0.0021, 0.0003, 0.0079, -0.0000, 0.0052, -0.0009, 0.0035, 0.0037, 0.0121, 0.0066,
    0.0028, 0.0096, 0.0037, 0.0018, 0.0078, -0.0082, 0.0037, 0.0081, -0.0007, 0.0016,
    0.0032, -0.0005, 0.0010, 0.0076, 0.0059, 0.0169, 0.0058, 0.0018, -0.0002, 0.0014,
    -0.0048, -0.0005, 0.0083, 0.0012, 0.0040, -0.0030, 0.0056, 0.0018, 0.0008, 0.0029,
    -0.0004, 0.0015, 0.0113, 0.0013, 0.0024, 0.0092, 0.0025, 0.0044, -0.0007, 0.0087,
    -0.0002, 0.0035, 0.0060, 0.0002,
  ]

#### advantages_min
  Points: 124
  Min: -12.0031, Max: -0.6625, Mean: -1.7828
  Data: [
    -12.0031, -1.0626, -1.0318, -0.9513, -0.8378, -0.9647, -0.9544, -0.8176, -0.8513, -1.0370,
    -1.0052, -0.6718, -0.9572, -0.9252, -1.0180, -1.1284, -0.6959, -1.3084, -0.9103, -1.9446,
    -1.2573, -0.8787, -1.2384, -1.2179, -1.0149, -1.1892, -0.8634, -0.8822, -1.6886, -1.6304,
    -0.9624, -1.7497, -1.6509, -1.7418, -1.4014, -1.2794, -1.0246, -2.4674, -2.5468, -2.4600,
    -2.9188, -3.4910, -2.4852, -2.1262, -1.6604, -2.1671, -1.1719, -2.2104, -2.6751, -1.9760,
    -2.6647, -2.3947, -1.2888, -2.6363, -2.5781, -1.8260, -1.7698, -1.8703, -1.2965, -1.2367,
    -1.6283, -1.9471, -1.3855, -2.5353, -2.0926, -2.3753, -1.1067, -2.4171, -1.3880, -1.0492,
    -2.9504, -2.2181, -2.9032, -2.4164, -1.5700, -2.9679, -2.1074, -0.8171, -2.0623, -2.5476,
    -2.2572, -2.1276, -2.2435, -2.7444, -1.7479, -2.8001, -2.0820, -2.1740, -2.2080, -2.1999,
    -0.8414, -1.2108, -1.2145, -3.3521, -1.8993, -1.9242, -2.1521, -2.3776, -1.5551, -1.1152,
    -2.1484, -0.8098, -0.9050, -1.9564, -1.0771, -0.9974, -1.5210, -0.9516, -0.9432, -2.4219,
    -2.0369, -1.1801, -0.8897, -1.5441, -2.8324, -2.1136, -1.6654, -1.6018, -2.9146, -0.7150,
    -1.6313, -0.6625, -2.0089, -2.1580,
  ]

#### advantages_std
  Points: 124
  Min: 0.0707, Max: 3.3462, Mean: 0.1515
  Data: [
    3.3462, 0.1229, 0.1069, 0.1122, 0.1305, 0.1227, 0.1321, 0.0894, 0.1193, 0.1351,
    0.1511, 0.1074, 0.1223, 0.1657, 0.1455, 0.1449, 0.1325, 0.1427, 0.1385, 0.1257,
    0.1323, 0.1189, 0.1589, 0.1282, 0.1317, 0.1198, 0.1475, 0.1354, 0.1216, 0.1319,
    0.1307, 0.1501, 0.1253, 0.1306, 0.1469, 0.1216, 0.1347, 0.1904, 0.1925, 0.2153,
    0.1775, 0.1963, 0.1786, 0.1381, 0.1868, 0.1331, 0.1434, 0.2033, 0.1866, 0.1721,
    0.1751, 0.1611, 0.1181, 0.1530, 0.1328, 0.1175, 0.1147, 0.1165, 0.1214, 0.1070,
    0.1198, 0.1048, 0.1013, 0.1083, 0.1339, 0.1301, 0.0927, 0.0957, 0.0912, 0.1229,
    0.1329, 0.0961, 0.1445, 0.1181, 0.1084, 0.1143, 0.1178, 0.0707, 0.1131, 0.1405,
    0.1158, 0.1327, 0.1493, 0.0969, 0.1297, 0.1435, 0.1138, 0.1213, 0.1102, 0.1319,
    0.0880, 0.1044, 0.0976, 0.1338, 0.1067, 0.1416, 0.1022, 0.0983, 0.0951, 0.0824,
    0.1327, 0.0843, 0.0947, 0.1103, 0.0870, 0.1002, 0.1175, 0.1045, 0.0923, 0.1180,
    0.1093, 0.0990, 0.0962, 0.0895, 0.1580, 0.1099, 0.0955, 0.1063, 0.1446, 0.0960,
    0.0979, 0.0875, 0.1108, 0.1054,
  ]

#### critic_loss
  Points: 124
  Min: 0.5391, Max: 5.2909, Mean: 0.9404
  Data: [
    5.2909, 0.8816, 0.9235, 1.1034, 1.1985, 1.1655, 1.2658, 1.2140, 1.2803, 1.4094,
    1.4278, 1.1866, 1.4325, 1.4646, 1.3449, 1.3671, 1.2754, 1.3859, 1.5215, 1.4676,
    1.5399, 1.5918, 1.5851, 1.6030, 1.6834, 1.5089, 1.6990, 1.5692, 1.5849, 1.6059,
    1.5287, 1.4215, 1.2126, 1.1550, 1.3097, 0.9990, 0.8700, 0.9081, 0.8352, 0.9470,
    0.8284, 0.8128, 0.8582, 0.7684, 0.8111, 0.7488, 0.7759, 0.7564, 0.7464, 0.7198,
    0.6927, 0.6974, 0.6921, 0.6351, 0.6932, 0.7124, 0.6359, 0.6529, 0.6274, 0.6878,
    0.6782, 0.7484, 0.7760, 0.7524, 0.7710, 0.8390, 0.7450, 0.7616, 0.7193, 0.7337,
    0.7837, 0.7077, 0.7397, 0.6959, 0.7867, 0.6638, 0.7628, 0.6699, 0.7204, 0.7562,
    0.7427, 0.7310, 0.7560, 0.7062, 0.7434, 0.6669, 0.7091, 0.7138, 0.6319, 0.6825,
    0.7047, 0.7388, 0.7305, 0.7226, 0.7250, 0.7384, 0.5858, 0.6482, 0.6399, 0.5391,
    0.7742, 0.7143, 0.7206, 0.7037, 0.6776, 0.7158, 0.6476, 0.7450, 0.6189, 0.7694,
    0.7303, 0.7228, 0.6704, 0.6654, 0.7945, 0.6782, 0.6311, 0.7008, 0.7187, 0.6174,
    0.6454, 0.6555, 0.6681, 0.6375,
  ]

#### entropy_max
  Points: 124
  Min: 4.4333, Max: 7.6747, Mean: 6.8544
  Data: [
    4.8219, 4.4333, 6.0943, 7.5930, 7.6347, 7.6718, 7.6692, 7.6586, 7.2805, 6.8685,
    7.3311, 6.9241, 7.3268, 6.0880, 5.1522, 5.5240, 4.9134, 4.7299, 4.8677, 4.6947,
    4.7244, 4.7134, 5.0447, 5.7076, 4.7449, 4.6807, 4.6947, 4.8061, 5.2576, 4.8751,
    4.6800, 4.6964, 5.2373, 5.5099, 5.3828, 5.4145, 4.8238, 6.1474, 5.5999, 6.0263,
    6.0531, 5.7775, 6.1391, 6.1242, 6.1676, 6.1586, 6.1425, 6.1447, 6.0969, 6.1651,
    6.1711, 6.1729, 6.1628, 6.1007, 7.4023, 7.6207, 7.6602, 7.6735, 7.6689, 7.6701,
    7.6665, 7.6672, 7.6668, 7.6660, 7.6653, 7.6678, 7.6718, 7.6720, 7.6718, 7.6709,
    7.6673, 7.6702, 7.6577, 7.6644, 7.6548, 7.6644, 7.6617, 7.6619, 7.6624, 7.6535,
    7.6553, 7.6258, 7.6586, 7.6532, 7.6483, 7.6559, 7.6527, 7.6499, 7.6637, 7.6696,
    7.6670, 7.6542, 7.6549, 7.6610, 7.6680, 7.6695, 7.6711, 7.6725, 7.6744, 7.6738,
    7.6733, 7.6737, 7.6721, 7.6702, 7.6721, 7.6705, 7.6727, 7.6694, 7.6732, 7.6718,
    7.6734, 7.6684, 7.6717, 7.6738, 7.6737, 7.6715, 7.6707, 7.6718, 7.6741, 7.6726,
    7.6747, 7.6702, 7.6729, 7.6710,
  ]

#### entropy_mean
  Points: 124
  Min: 2.8739, Max: 4.4852, Mean: 3.5795
  Data: [
    4.4852, 3.6746, 4.1521, 3.6920, 3.3750, 3.3126, 3.4866, 3.4873, 3.3725, 3.4078,
    3.4456, 3.5570, 3.5966, 3.5793, 3.6298, 3.8169, 3.6902, 3.7653, 3.8494, 3.7577,
    4.0791, 3.8255, 4.0703, 3.9225, 4.0292, 3.7576, 4.0061, 3.9395, 4.1726, 3.8686,
    3.7104, 3.6052, 3.6995, 3.7228, 3.8701, 3.5426, 3.4288, 3.6935, 3.5521, 3.0782,
    3.5934, 3.0643, 3.1572, 3.2088, 3.0158, 3.1441, 2.9939, 3.0101, 3.0436, 3.4921,
    3.0690, 2.9768, 2.8739, 2.9602, 3.5978, 3.0710, 3.4605, 3.7788, 2.9723, 3.6164,
    3.3614, 3.6872, 3.7886, 3.9442, 3.4151, 3.5698, 3.9976, 3.5314, 3.6390, 3.7279,
    3.3623, 3.4299, 3.2030, 3.3963, 3.7285, 3.5026, 3.4098, 3.8264, 3.7397, 3.4086,
    3.3750, 3.0664, 3.3867, 3.6384, 3.3473, 3.8915, 3.2793, 3.5971, 3.8101, 3.7698,
    3.5826, 3.4906, 3.6280, 3.3829, 3.6799, 3.3939, 3.7655, 3.6402, 4.0156, 3.8886,
    3.6055, 3.7428, 3.6334, 3.4819, 4.0064, 3.4639, 3.5143, 3.5178, 3.9093, 3.3545,
    3.7993, 3.5783, 3.6800, 4.2067, 3.6577, 3.4955, 4.0568, 3.3236, 3.5924, 3.8766,
    3.5780, 3.7241, 3.4762, 3.4730,
  ]

#### entropy_min
  Points: 124
  Min: 1.6758, Max: 4.3304, Mean: 1.7170
  Data: [
    4.3304, 2.9778, 2.6875, 1.7751, 1.7009, 1.6782, 1.6777, 1.6785, 1.6775, 1.6780,
    1.6768, 1.6766, 1.6763, 1.6764, 1.6761, 1.6764, 1.6760, 1.6761, 1.6758, 1.6758,
    1.6758, 1.6758, 1.6758, 1.6758, 1.6758, 1.6758, 1.6758, 1.6758, 1.6758, 1.6758,
    1.6758, 1.6758, 1.6758, 1.6758, 1.6758, 1.6758, 1.6758, 1.6758, 1.6758, 1.6758,
    1.6758, 1.6758, 1.6758, 1.6758, 1.6758, 1.6758, 1.6758, 1.6758, 1.6758, 1.6758,
    1.6758, 1.6758, 1.6758, 1.6758, 1.6758, 1.6758, 1.6758, 1.6758, 1.6758, 1.6758,
    1.6758, 1.6758, 1.6758, 1.6758, 1.6758, 1.6758, 1.6758, 1.6758, 1.6758, 1.6758,
    1.6758, 1.6758, 1.6758, 1.6758, 1.6758, 1.6758, 1.6758, 1.6758, 1.6758, 1.6758,
    1.6758, 1.6758, 1.6758, 1.6758, 1.6758, 1.6758, 1.6758, 1.6758, 1.6758, 1.6758,
    1.6758, 1.6758, 1.6758, 1.6758, 1.6758, 1.6758, 1.6758, 1.6758, 1.6758, 1.6758,
    1.6758, 1.6758, 1.6758, 1.6758, 1.6758, 1.6758, 1.6758, 1.6758, 1.6758, 1.6758,
    1.6758, 1.6758, 1.6758, 1.6758, 1.6758, 1.6758, 1.6758, 1.6758, 1.6758, 1.6758,
    1.6758, 1.6758, 1.6758, 1.6758,
  ]

#### entropy_std
  Points: 124
  Min: 0.0466, Max: 2.2110, Mean: 1.5239
  Data: [
    0.0466, 0.2740, 0.4726, 0.9644, 0.7761, 0.9548, 1.1019, 0.9890, 0.7993, 0.8174,
    0.8597, 0.8124, 0.8390, 0.7068, 0.7258, 0.7390, 0.7304, 0.7455, 0.8137, 0.9925,
    0.9033, 0.9945, 0.9539, 1.0724, 0.9441, 1.0896, 0.9746, 1.0410, 0.9186, 1.1702,
    1.1335, 1.1308, 1.0726, 1.0618, 1.0688, 1.1057, 1.1281, 1.2680, 1.1066, 1.1145,
    1.2017, 1.2177, 1.3782, 1.3665, 1.4706, 1.4219, 1.2887, 1.5080, 1.3743, 1.5335,
    1.4824, 1.5903, 1.3927, 1.3481, 1.7074, 1.6896, 1.8991, 2.1422, 1.7567, 2.0364,
    2.0403, 1.9339, 2.0898, 2.1004, 1.9852, 2.1122, 2.2110, 1.9310, 1.9513, 1.9957,
    1.8319, 1.7875, 1.6352, 1.7277, 1.8865, 1.8747, 1.8180, 1.9242, 1.9253, 1.5787,
    1.6613, 1.5388, 1.7068, 1.7654, 1.7565, 1.9572, 1.4941, 1.6973, 1.9077, 1.9927,
    1.8230, 1.7304, 1.8497, 1.7822, 1.9447, 1.8678, 2.1324, 1.9372, 2.1731, 2.0236,
    1.9425, 2.0849, 2.0026, 1.7222, 2.0530, 1.9034, 1.8923, 1.7840, 2.1762, 1.7751,
    2.0437, 1.7985, 2.0517, 2.1166, 2.0104, 1.8542, 2.0945, 1.7248, 1.9331, 1.9950,
    1.9878, 1.9838, 1.8333, 1.8950,
  ]

#### logprobs_mean
  Points: 124
  Min: -2.2449, Max: -0.4462, Mean: -0.7990
  Data: [
    -2.2449, -1.3019, -1.4710, -1.1135, -0.6388, -0.8458, -0.9324, -0.9198, -0.7462, -0.8484,
    -0.7637, -0.8489, -0.7853, -0.6630, -0.7319, -0.8717, -0.8606, -0.7823, -0.7905, -0.9479,
    -0.9639, -0.8365, -0.8189, -0.8573, -0.8546, -0.8373, -0.7638, -0.8384, -0.8803, -0.6744,
    -0.6292, -0.7354, -0.7797, -0.7794, -0.7619, -0.7581, -0.7329, -0.6478, -0.7214, -0.5680,
    -0.7280, -0.4462, -0.6001, -0.7418, -0.5543, -0.6994, -0.6480, -0.6223, -0.5320, -0.7193,
    -0.6665, -0.6668, -0.6432, -0.5775, -0.9237, -0.5754, -0.8353, -0.8334, -0.5883, -0.8384,
    -0.7422, -0.9336, -0.9386, -0.9963, -0.8831, -0.8451, -0.9844, -0.7917, -0.8862, -0.8363,
    -0.7439, -0.8081, -0.8006, -0.7476, -0.8740, -0.8257, -0.7643, -0.9116, -0.8657, -0.7274,
    -0.7319, -0.5065, -0.7108, -0.8327, -0.6587, -0.8843, -0.7122, -0.7971, -0.8362, -0.7620,
    -0.8362, -0.7132, -0.8147, -0.6713, -0.8753, -0.6995, -0.7466, -0.8224, -0.9366, -0.8938,
    -0.7117, -0.8113, -0.7683, -0.7822, -0.9217, -0.4704, -0.8177, -0.8414, -0.8260, -0.6586,
    -0.7972, -0.8207, -0.8204, -0.9497, -0.8128, -0.6095, -0.8552, -0.6617, -0.7562, -0.9050,
    -0.7708, -0.8393, -0.7516, -0.7803,
  ]

#### logprobs_std
  Points: 124
  Min: 0.8721, Max: 1.7432, Mean: 1.6146
  Data: [
    0.8721, 1.3306, 1.3040, 1.4769, 1.5476, 1.4842, 1.5180, 1.5141, 1.6709, 1.5157,
    1.6319, 1.5821, 1.6811, 1.6337, 1.6438, 1.6142, 1.5595, 1.6063, 1.6093, 1.4910,
    1.5909, 1.5742, 1.6340, 1.6013, 1.6306, 1.5810, 1.6619, 1.5998, 1.5986, 1.6676,
    1.6651, 1.5849, 1.6011, 1.5852, 1.6554, 1.5758, 1.5583, 1.7026, 1.6372, 1.6168,
    1.6646, 1.6835, 1.6149, 1.5815, 1.7092, 1.6006, 1.6007, 1.6291, 1.6915, 1.6261,
    1.6122, 1.5817, 1.5743, 1.6906, 1.5773, 1.6835, 1.6738, 1.6528, 1.6508, 1.6122,
    1.6556, 1.5838, 1.6338, 1.6076, 1.6194, 1.6485, 1.6791, 1.6397, 1.5870, 1.6533,
    1.6023, 1.5580, 1.5445, 1.6272, 1.6651, 1.6219, 1.6269, 1.5888, 1.6506, 1.5918,
    1.6175, 1.6686, 1.6523, 1.6283, 1.6541, 1.6693, 1.6154, 1.6433, 1.6726, 1.6626,
    1.6190, 1.6183, 1.6138, 1.5930, 1.5751, 1.6393, 1.7382, 1.6150, 1.6516, 1.6272,
    1.6890, 1.6319, 1.6483, 1.6114, 1.6847, 1.7432, 1.6228, 1.5941, 1.6528, 1.6605,
    1.6725, 1.6427, 1.6545, 1.6638, 1.6520, 1.7108, 1.7031, 1.6373, 1.6723, 1.6467,
    1.6158, 1.6481, 1.6508, 1.6254,
  ]

#### mean_reg_loss
  Points: 124
  Min: 0.0012, Max: 0.0030, Mean: 0.0021
  Data: [
    0.0014, 0.0021, 0.0012, 0.0013, 0.0023, 0.0017, 0.0014, 0.0013, 0.0019, 0.0015,
    0.0019, 0.0017, 0.0020, 0.0021, 0.0020, 0.0017, 0.0016, 0.0019, 0.0019, 0.0014,
    0.0014, 0.0017, 0.0018, 0.0018, 0.0018, 0.0018, 0.0021, 0.0018, 0.0017, 0.0022,
    0.0024, 0.0021, 0.0020, 0.0019, 0.0021, 0.0020, 0.0020, 0.0026, 0.0023, 0.0026,
    0.0023, 0.0030, 0.0027, 0.0022, 0.0027, 0.0023, 0.0024, 0.0024, 0.0028, 0.0022,
    0.0024, 0.0022, 0.0023, 0.0025, 0.0018, 0.0026, 0.0021, 0.0021, 0.0025, 0.0020,
    0.0023, 0.0018, 0.0020, 0.0016, 0.0019, 0.0020, 0.0020, 0.0022, 0.0019, 0.0021,
    0.0022, 0.0021, 0.0021, 0.0023, 0.0020, 0.0021, 0.0022, 0.0018, 0.0020, 0.0022,
    0.0022, 0.0028, 0.0023, 0.0020, 0.0025, 0.0019, 0.0024, 0.0022, 0.0022, 0.0022,
    0.0021, 0.0023, 0.0020, 0.0024, 0.0019, 0.0023, 0.0023, 0.0021, 0.0019, 0.0019,
    0.0023, 0.0021, 0.0021, 0.0021, 0.0020, 0.0030, 0.0020, 0.0019, 0.0020, 0.0025,
    0.0022, 0.0020, 0.0021, 0.0018, 0.0021, 0.0026, 0.0020, 0.0023, 0.0022, 0.0019,
    0.0020, 0.0020, 0.0022, 0.0021,
  ]


### VALUES
#### critic_slow_diff
  Points: 124
  Min: 0.0074, Max: 0.7439, Mean: 0.1012
  Data: [
    0.0074, 0.7439, 0.3502, 0.4141, 0.2786, 0.4124, 0.2817, 0.3049, 0.1884, 0.3471,
    0.1811, 0.2406, 0.3307, 0.1827, 0.1814, 0.2237, 0.0890, 0.1273, 0.1322, 0.0822,
    0.1716, 0.1351, 0.1514, 0.2024, 0.1401, 0.0938, 0.1390, 0.1011, 0.1088, 0.3525,
    0.1187, 0.1188, 0.0918, 0.0548, 0.1174, 0.0811, 0.1481, 0.0805, 0.0581, 0.1243,
    0.1836, 0.0562, 0.1159, 0.0378, 0.1243, 0.0924, 0.0735, 0.0610, 0.0861, 0.1135,
    0.0368, 0.0553, 0.0443, 0.0431, 0.0455, 0.0358, 0.0228, 0.0651, 0.0503, 0.0239,
    0.0344, 0.0751, 0.0687, 0.0652, 0.0466, 0.1404, 0.0640, 0.0426, 0.0369, 0.0473,
    0.0569, 0.0773, 0.0753, 0.0811, 0.0900, 0.1428, 0.0414, 0.0351, 0.0228, 0.0460,
    0.0365, 0.0756, 0.0526, 0.0497, 0.0717, 0.0301, 0.0486, 0.0671, 0.0322, 0.0430,
    0.0435, 0.0597, 0.0633, 0.0753, 0.0945, 0.0685, 0.0469, 0.0315, 0.0281, 0.0164,
    0.0393, 0.0436, 0.0433, 0.0316, 0.0372, 0.1078, 0.0343, 0.0441, 0.0274, 0.0624,
    0.0278, 0.0547, 0.1255, 0.0383, 0.0882, 0.0342, 0.0422, 0.0487, 0.0656, 0.0257,
    0.0442, 0.0426, 0.0293, 0.0266,
  ]

#### lambda_returns_max
  Points: 124
  Min: -0.2793, Max: 13.5167, Mean: 7.4566
  Data: [
    -0.2793, 2.8932, 4.5138, 6.2520, 4.8686, 3.7064, 5.5862, 6.1397, 6.2405, 5.9676,
    4.8389, 5.2823, 5.0865, 5.2098, 6.3262, 5.8861, 5.2533, 4.9723, 5.0832, 5.2865,
    5.5406, 5.3406, 6.2270, 6.5077, 5.7220, 5.8659, 8.2808, 7.6000, 6.0246, 6.1700,
    8.1513, 7.0545, 6.3432, 7.2742, 13.1199, 9.5169, 9.8957, 10.0455, 8.5367, 8.6134,
    7.0432, 7.6593, 8.7150, 7.6562, 9.2654, 8.1048, 13.5167, 7.5833, 9.1419, 8.4695,
    8.3334, 8.1068, 7.9801, 10.4141, 7.3496, 9.3689, 9.5452, 7.8139, 8.5272, 10.0532,
    10.1525, 7.2049, 10.6296, 9.1024, 8.0607, 8.9561, 7.6184, 7.0123, 8.0275, 8.4775,
    7.4081, 7.1264, 7.6593, 8.2476, 7.6678, 8.8316, 7.9635, 8.1632, 10.2420, 8.8378,
    7.2248, 8.2525, 8.6838, 8.4181, 9.1961, 6.9711, 6.8541, 8.1113, 6.3763, 6.4931,
    8.2037, 8.0531, 7.9958, 6.9318, 8.5155, 6.8967, 6.1211, 8.3051, 7.7561, 6.9538,
    7.4322, 6.7114, 7.6953, 7.1755, 6.9075, 6.8994, 7.4441, 7.9999, 6.8711, 7.4645,
    8.1201, 7.4093, 7.3797, 8.3030, 9.3405, 7.4284, 6.6669, 7.2743, 6.5328, 8.6895,
    6.9809, 7.0875, 7.5813, 7.9329,
  ]

#### lambda_returns_mean
  Points: 124
  Min: -14.7824, Max: 4.2865, Mean: 2.0971
  Data: [
    -1.6638, -14.7824, -9.4898, -7.3360, -5.1011, -4.8855, -4.6332, -4.2344, -3.0821, -2.8729,
    -2.5232, -2.8089, -2.4964, -2.9061, -2.7009, -2.4547, -2.0905, -1.9882, -1.5277, -1.0043,
    -0.4580, -0.3002, 0.0609, 0.6880, 0.1506, 0.7023, 0.8376, 1.1787, 1.2576, 1.5396,
    2.2197, 2.5017, 2.4150, 2.8964, 2.8515, 3.7599, 3.9830, 3.7203, 3.5704, 3.6793,
    3.5892, 3.7866, 3.8124, 3.6855, 4.2865, 3.6007, 3.8717, 3.8682, 3.7325, 3.7247,
    3.6762, 3.6787, 3.8031, 3.8152, 3.7055, 3.8427, 3.7231, 3.8484, 3.8161, 3.6350,
    3.6216, 3.5265, 3.5710, 3.6318, 3.4194, 3.6256, 3.4394, 3.5370, 3.4419, 3.4616,
    3.6203, 3.6896, 3.5808, 3.7275, 3.6342, 3.4412, 3.6000, 3.4352, 3.6035, 3.5569,
    3.7011, 3.8443, 3.5639, 3.6410, 3.6418, 3.4752, 3.3789, 3.7517, 3.3764, 3.2754,
    3.7371, 3.6259, 3.5845, 3.7421, 3.7462, 3.5537, 3.3821, 3.5471, 3.4655, 3.2664,
    3.6042, 3.6478, 3.7205, 3.5341, 3.4352, 3.7950, 3.2400, 3.5756, 3.6364, 3.7821,
    3.5959, 3.6547, 3.6116, 3.5620, 3.7277, 3.5920, 3.4844, 3.6500, 3.5973, 3.3994,
    3.3792, 3.4110, 3.3876, 3.3812,
  ]

#### lambda_returns_min
  Points: 124
  Min: -20.1027, Max: 1.5086, Mean: -5.1631
  Data: [
    -2.7933, -20.1027, -16.2448, -15.1532, -10.8510, -11.0451, -9.9666, -10.5089, -7.8455, -7.3323,
    -9.8087, -6.5667, -7.6998, -10.5803, -7.5431, -9.2409, -7.6761, -9.2793, -6.3438, -10.9769,
    -6.1063, -7.0566, -6.2082, -5.7065, -6.3070, -5.3899, -6.1083, -5.7600, -5.9150, -6.0083,
    -5.7189, -6.8866, -6.3182, -5.3017, -6.0885, -5.8094, -1.0972, -5.3942, -5.9305, -7.9564,
    -7.6487, -6.4647, -4.7384, -6.1490, -3.7470, -5.7658, -4.4355, -5.1403, -3.6674, -4.5790,
    -5.6178, -4.2529, -0.6256, -4.7077, -4.5616, -5.3654, -2.7753, -2.1148, -3.4107, 0.1736,
    -6.6784, -3.2588, -4.8086, -5.1265, -5.8934, -5.2926, -0.0277, -5.5207, -2.6517, -3.3021,
    -5.8561, -4.1404, -5.1957, -2.9157, -4.2356, -5.0967, -5.0693, 0.5452, -5.4501, -6.0728,
    -5.1973, -5.0432, -5.2180, -5.2832, -0.1896, -5.9432, -5.5779, -3.9674, -3.9409, -6.4922,
    1.5086, -4.7971, -5.4683, -4.5396, -4.2725, -4.9812, -5.6532, -3.0390, -5.3119, -3.1128,
    -5.2738, -3.8577, -0.0696, -5.1938, -0.6316, -0.1363, -5.5219, 0.4448, -0.2239, -6.0678,
    -3.3453, 0.0995, 0.8978, -5.6089, -5.6877, -5.3025, -4.4212, -4.4336, -5.0308, -0.0116,
    -0.6089, 0.9501, -3.9539, -4.4506,
  ]

#### lambda_returns_std
  Points: 124
  Min: 0.7210, Max: 4.8933, Mean: 1.2062
  Data: [
    0.7765, 4.8933, 3.2333, 2.6538, 2.1512, 2.2199, 1.9471, 2.6850, 1.6702, 1.8728,
    1.9142, 1.5454, 1.6192, 1.8123, 1.9105, 1.9396, 1.5360, 1.5283, 1.6369, 1.4480,
    1.2892, 1.3803, 1.4781, 1.3561, 1.6782, 1.7352, 1.8555, 1.9848, 1.8731, 1.8665,
    2.0170, 1.9599, 1.9398, 1.5712, 1.9748, 1.4744, 0.9526, 1.3286, 1.1881, 1.2531,
    1.1092, 1.2421, 0.9987, 0.8214, 0.9790, 0.9195, 0.8205, 1.0340, 0.8404, 1.0740,
    0.9737, 0.8734, 0.7663, 1.0176, 0.8307, 0.8244, 0.8808, 0.7631, 0.7978, 0.8032,
    0.9410, 0.8811, 0.7948, 0.7937, 0.9512, 1.2191, 1.1663, 0.8155, 0.8455, 0.9303,
    0.9837, 0.8426, 0.8780, 0.7803, 0.9471, 0.8859, 0.9130, 0.7719, 0.9009, 0.8655,
    0.8036, 0.9212, 0.9368, 0.8508, 0.8390, 0.9650, 0.7741, 0.7994, 0.8253, 1.0306,
    0.7210, 0.8225, 0.8101, 0.8784, 0.8103, 0.9985, 1.0539, 0.9509, 0.8989, 0.9240,
    1.0231, 0.7803, 0.8157, 0.8766, 1.0515, 0.8006, 1.3585, 0.7732, 0.8214, 0.9496,
    0.9000, 0.7320, 0.8244, 0.8442, 1.2338, 1.0569, 0.7998, 0.8243, 1.0514, 1.0375,
    0.8592, 0.9392, 0.9920, 0.9790,
  ]

#### max
  Points: 124
  Min: -0.8269, Max: 7.3956, Mean: 5.4096
  Data: [
    -0.0034, -0.8269, -0.1039, 1.4104, 1.4551, 2.3024, 2.8829, 3.8570, 3.1935, 3.9830,
    4.1036, 3.6682, 4.1730, 3.8775, 4.4189, 4.5907, 4.6635, 4.5803, 4.4853, 4.7405,
    4.6201, 4.6999, 4.8562, 5.0284, 4.9688, 5.1159, 5.2482, 5.1095, 5.1533, 5.0829,
    5.7653, 5.8730, 5.2425, 5.4532, 7.0236, 6.8845, 5.4062, 6.3525, 6.3409, 6.7662,
    6.2712, 6.3897, 6.3784, 6.1755, 6.6705, 6.0938, 6.9007, 6.3815, 6.3407, 7.0716,
    6.0937, 5.8750, 6.2499, 6.7940, 6.4740, 7.3956, 6.7337, 5.5180, 6.5689, 6.3956,
    6.3567, 6.5652, 6.0072, 5.7600, 6.2770, 5.4218, 6.5541, 6.1708, 5.5294, 5.5567,
    6.2810, 5.7546, 6.3160, 6.8177, 5.7773, 5.4054, 6.2457, 5.6876, 5.9318, 5.3689,
    5.7288, 6.2861, 6.1322, 6.1190, 5.7458, 5.4004, 5.2913, 5.8759, 5.4956, 5.4246,
    5.6725, 5.3839, 5.6123, 5.4500, 5.8581, 5.4824, 5.3210, 5.3373, 6.0348, 5.3447,
    5.7234, 5.4854, 5.6633, 5.5434, 5.5199, 5.9716, 5.6469, 5.8913, 5.4277, 5.4172,
    5.4403, 6.3852, 5.3790, 5.7418, 6.4729, 5.6256, 5.9642, 5.7927, 5.7159, 5.6985,
    5.3577, 5.4260, 5.7144, 5.7927,
  ]

#### mean
  Points: 124
  Min: -14.6599, Max: 4.2450, Mean: 2.1077
  Data: [
    -0.0076, -14.6599, -9.4633, -7.2244, -5.1433, -4.7780, -4.5151, -4.0749, -3.0549, -2.8018,
    -2.4407, -2.6936, -2.3415, -2.8484, -2.6360, -2.4857, -2.0511, -1.8833, -1.5379, -0.9646,
    -0.4146, -0.2936, 0.1009, 0.6673, 0.0865, 0.6542, 0.7954, 1.1191, 1.2893, 1.5408,
    2.1822, 2.4739, 2.4097, 2.8945, 2.8052, 3.7150, 3.9485, 3.7316, 3.5671, 3.7134,
    3.5943, 3.7726, 3.8129, 3.6678, 4.2450, 3.5947, 3.8422, 3.8639, 3.7098, 3.7248,
    3.6285, 3.6326, 3.8124, 3.7996, 3.6755, 3.8274, 3.6937, 3.8107, 3.8174, 3.6101,
    3.6218, 3.5325, 3.5577, 3.6163, 3.4215, 3.6111, 3.4465, 3.5287, 3.4255, 3.4215,
    3.6057, 3.6824, 3.5592, 3.7204, 3.6112, 3.4340, 3.5803, 3.4188, 3.5578, 3.5371,
    3.6853, 3.8130, 3.5490, 3.6288, 3.6114, 3.4919, 3.3682, 3.7221, 3.3713, 3.2658,
    3.7199, 3.6205, 3.5733, 3.7111, 3.7223, 3.5001, 3.3593, 3.5297, 3.4568, 3.2530,
    3.6105, 3.6398, 3.6835, 3.5239, 3.4146, 3.7941, 3.2129, 3.5625, 3.6212, 3.7640,
    3.5839, 3.6445, 3.5740, 3.5522, 3.7144, 3.5583, 3.4691, 3.6278, 3.5916, 3.3616,
    3.3717, 3.3905, 3.3596, 3.3673,
  ]

#### min
  Points: 124
  Min: -18.3912, Max: 0.6829, Mean: -4.1660
  Data: [
    -0.0079, -18.3912, -15.2835, -15.0930, -10.6240, -10.0991, -9.5021, -11.0177, -6.8639, -7.0212,
    -6.2371, -5.9480, -6.7642, -7.5453, -6.8217, -6.9860, -6.6141, -6.9162, -5.7326, -6.3674,
    -5.1571, -5.8273, -5.1161, -4.7234, -5.8098, -4.9963, -4.8394, -4.7943, -5.0907, -5.0640,
    -4.8295, -5.0239, -5.0256, -4.7188, -3.8054, -4.3726, -1.0438, -3.9725, -3.2166, -4.0606,
    -4.0710, -4.2793, -4.3576, -3.7658, -3.3236, -4.4485, -2.1962, -2.8499, -3.1545, -3.4546,
    -3.6649, -4.0415, 0.1314, -3.1728, -3.2317, -4.3566, -2.0988, -2.0751, -2.4207, -1.8391,
    -4.3617, -2.9348, -4.0614, -3.4526, -4.0401, -4.7845, 0.0275, -4.7760, -2.5503, -3.0588,
    -4.4616, -3.4650, -4.1054, -3.0407, -3.7057, -4.7046, -4.5252, 0.2718, -4.2525, -3.9276,
    -2.4483, -4.4263, -3.2698, -3.8925, -0.0576, -3.9851, -4.0661, -3.8633, -2.4382, -4.8396,
    0.6829, -3.4579, -3.4749, -4.3678, -3.2557, -3.6636, -4.7082, -3.3936, -4.2041, -3.1307,
    -3.6578, -3.8538, -2.5644, -3.7041, -0.6355, -0.0028, -3.9586, 0.1341, -0.2195, -3.7186,
    -3.0084, 0.6257, -0.3125, -3.6988, -4.3798, -4.0093, -4.3316, -3.0981, -4.1221, -1.9599,
    -0.3539, -0.0385, -3.3017, -2.2486,
  ]

#### norm_high
  Points: 124
  Min: -9.4298, Max: 5.5273, Mean: 4.1023
  Data: [
    -0.0260, -9.4298, -5.1285, -3.6624, -2.0384, -1.3216, -0.8416, 0.3391, 0.1626, 0.1316,
    -0.0231, 0.0415, 0.2929, -0.1882, 0.3779, 0.3568, 0.5373, 0.7753, 1.2930, 1.7356,
    2.0033, 2.6560, 2.7531, 3.3749, 3.1769, 3.7686, 4.1894, 4.2384, 4.5812, 4.6635,
    5.0922, 4.8575, 4.9869, 4.7921, 5.5273, 5.4820, 5.2334, 5.1114, 5.0219, 5.1375,
    5.2761, 5.0397, 5.2139, 5.0348, 5.4803, 5.1838, 5.2076, 5.1911, 5.1753, 5.2597,
    5.0760, 5.0774, 5.2715, 5.2562, 5.3267, 5.3576, 5.2354, 5.2830, 5.2798, 5.1982,
    5.2385, 5.2027, 5.2079, 5.2335, 5.1897, 5.2643, 5.3428, 5.1841, 5.2486, 5.2181,
    5.1790, 5.2401, 5.2436, 5.2843, 5.2137, 5.2108, 5.1955, 5.1869, 5.1942, 5.2301,
    5.2107, 5.2272, 5.3046, 5.2070, 5.2138, 5.2035, 5.1843, 5.2648, 5.1998, 5.2624,
    5.3028, 5.2719, 5.2098, 5.1441, 5.2005, 5.1960, 5.1494, 5.1548, 5.1459, 5.1502,
    5.2708, 5.2162, 5.2176, 5.2047, 5.2101, 5.3759, 5.1953, 5.2106, 5.1938, 5.2083,
    5.1774, 5.2746, 5.2607, 5.2589, 5.3406, 5.2514, 5.2119, 5.2966, 5.1816, 5.1703,
    5.2516, 5.1633, 5.1725, 5.1994,
  ]

#### norm_low
  Points: 124
  Min: -18.5216, Max: 2.9333, Mean: 0.4686
  Data: [
    -0.2581, -18.5216, -14.2610, -12.4527, -8.2001, -7.5470, -7.8518, -8.3282, -5.7508, -5.5871,
    -5.5000, -5.6336, -5.8197, -5.5971, -5.3914, -5.0526, -4.3713, -4.0862, -3.9093, -3.1650,
    -2.7464, -2.2515, -1.9089, -1.5826, -1.8918, -1.4219, -1.1648, -1.2697, -0.8251, -0.9231,
    -0.3306, -0.2361, 0.2727, 0.3127, 0.5769, 1.3739, 1.5009, 2.0234, 2.3656, 2.3983,
    2.5063, 2.5776, 2.4725, 2.3802, 2.7566, 2.3011, 2.5942, 2.9333, 2.7663, 2.6901,
    2.6441, 2.5775, 2.5617, 2.6704, 2.6536, 2.5525, 2.4796, 2.5079, 2.7072, 2.5338,
    2.4040, 2.0932, 1.9432, 2.1715, 2.1500, 1.7226, 2.0518, 1.9030, 1.9926, 2.3872,
    2.3736, 2.1702, 2.6825, 2.5340, 1.9769, 2.2945, 2.1365, 2.0478, 2.0991, 2.6134,
    2.5416, 2.7760, 2.5632, 2.2752, 2.6474, 2.5388, 2.5640, 2.7102, 2.5280, 2.2308,
    2.5822, 2.5289, 2.5062, 2.4855, 2.3784, 2.3127, 2.0690, 2.1930, 1.9721, 2.2159,
    2.2882, 2.1975, 2.1416, 2.4160, 2.2442, 2.6509, 1.8930, 2.5660, 2.4543, 2.3942,
    2.4082, 2.7318, 2.6587, 2.4305, 2.4259, 2.4776, 2.3221, 2.5571, 2.3853, 2.3150,
    2.2747, 2.2326, 2.2760, 2.1494,
  ]

#### norm_scale
  Points: 124
  Min: 0.2321, Max: 9.1325, Mean: 3.6336
  Data: [
    0.2321, 9.0918, 9.1325, 8.7903, 6.1617, 6.2253, 7.0102, 8.6673, 5.9134, 5.7187,
    5.4769, 5.6751, 6.1125, 5.4089, 5.7693, 5.4095, 4.9086, 4.8615, 5.2023, 4.9006,
    4.7497, 4.9075, 4.6620, 4.9575, 5.0686, 5.1905, 5.3542, 5.5082, 5.4063, 5.5866,
    5.4228, 5.0936, 4.7143, 4.4794, 4.9504, 4.1081, 3.7326, 3.0879, 2.6563, 2.7392,
    2.7698, 2.4621, 2.7414, 2.6546, 2.7237, 2.8827, 2.6134, 2.2578, 2.4090, 2.5696,
    2.4319, 2.4999, 2.7098, 2.5858, 2.6731, 2.8051, 2.7558, 2.7751, 2.5727, 2.6644,
    2.8345, 3.1095, 3.2646, 3.0621, 3.0397, 3.5416, 3.2910, 3.2811, 3.2561, 2.8309,
    2.8054, 3.0699, 2.5611, 2.7503, 3.2368, 2.9162, 3.0589, 3.1391, 3.0951, 2.6167,
    2.6691, 2.4511, 2.7414, 2.9318, 2.5664, 2.6647, 2.6203, 2.5545, 2.6719, 3.0316,
    2.7206, 2.7429, 2.7036, 2.6587, 2.8221, 2.8832, 3.0804, 2.9618, 3.1738, 2.9343,
    2.9825, 3.0187, 3.0760, 2.7888, 2.9658, 2.7250, 3.3023, 2.6446, 2.7395, 2.8141,
    2.7693, 2.5427, 2.6020, 2.8284, 2.9147, 2.7739, 2.8899, 2.7395, 2.7962, 2.8553,
    2.9769, 2.9307, 2.8965, 3.0501,
  ]

#### std
  Points: 124
  Min: 0.0003, Max: 4.7350, Mean: 1.0860
  Data: [
    0.0003, 4.7350, 3.1817, 2.4517, 2.0559, 2.1501, 1.8047, 2.5388, 1.4934, 1.7210,
    1.6792, 1.3354, 1.4098, 1.4796, 1.6539, 1.7075, 1.2875, 1.3013, 1.4500, 1.2245,
    1.0344, 1.2235, 1.1669, 1.0689, 1.4862, 1.5552, 1.6629, 1.6655, 1.7375, 1.7045,
    1.8763, 1.7861, 1.7998, 1.4300, 1.7633, 1.3728, 0.8409, 1.1326, 0.9829, 1.0187,
    0.9323, 1.1324, 0.9252, 0.7266, 0.8072, 0.8522, 0.7105, 0.8507, 0.7776, 0.9290,
    0.7931, 0.7925, 0.6751, 0.8488, 0.7685, 0.7613, 0.7832, 0.6935, 0.7297, 0.7527,
    0.8597, 0.8412, 0.7202, 0.7018, 0.7634, 1.0497, 1.1320, 0.7572, 0.7948, 0.8512,
    0.8553, 0.8096, 0.8091, 0.6963, 0.8735, 0.8329, 0.8314, 0.7299, 0.8020, 0.7616,
    0.7277, 0.8555, 0.7760, 0.7948, 0.7647, 0.8196, 0.7346, 0.7196, 0.7471, 0.9128,
    0.6891, 0.7682, 0.7509, 0.7907, 0.7620, 0.9092, 0.9865, 0.9045, 0.8080, 0.8908,
    0.8974, 0.7397, 0.7572, 0.8200, 1.0013, 0.7591, 1.2489, 0.7275, 0.7840, 0.8825,
    0.8389, 0.6968, 0.7630, 0.7988, 1.1106, 1.0082, 0.7498, 0.7706, 0.9534, 0.9890,
    0.8224, 0.9103, 0.9297, 0.9074,
  ]


### IMAGINATION
#### continue_mean
  Points: 124
  Min: 0.9786, Max: 0.9995, Mean: 0.9879
  Data: [
    0.9995, 0.9957, 0.9926, 0.9923, 0.9899, 0.9908, 0.9912, 0.9937, 0.9915, 0.9958,
    0.9889, 0.9910, 0.9929, 0.9892, 0.9910, 0.9891, 0.9942, 0.9937, 0.9930, 0.9956,
    0.9954, 0.9960, 0.9919, 0.9932, 0.9938, 0.9928, 0.9952, 0.9920, 0.9953, 0.9957,
    0.9949, 0.9936, 0.9948, 0.9930, 0.9937, 0.9949, 0.9936, 0.9947, 0.9948, 0.9922,
    0.9931, 0.9862, 0.9932, 0.9936, 0.9926, 0.9902, 0.9895, 0.9900, 0.9879, 0.9920,
    0.9903, 0.9892, 0.9884, 0.9873, 0.9901, 0.9869, 0.9873, 0.9853, 0.9863, 0.9870,
    0.9820, 0.9921, 0.9861, 0.9890, 0.9911, 0.9796, 0.9865, 0.9865, 0.9882, 0.9863,
    0.9819, 0.9830, 0.9878, 0.9879, 0.9878, 0.9833, 0.9823, 0.9886, 0.9833, 0.9850,
    0.9844, 0.9844, 0.9869, 0.9840, 0.9798, 0.9842, 0.9882, 0.9865, 0.9813, 0.9845,
    0.9862, 0.9826, 0.9839, 0.9811, 0.9863, 0.9846, 0.9860, 0.9818, 0.9806, 0.9848,
    0.9809, 0.9829, 0.9790, 0.9868, 0.9830, 0.9786, 0.9848, 0.9870, 0.9798, 0.9813,
    0.9818, 0.9833, 0.9860, 0.9852, 0.9843, 0.9810, 0.9812, 0.9840, 0.9827, 0.9813,
    0.9837, 0.9812, 0.9835, 0.9813,
  ]

#### continue_min
  Points: 124
  Min: 0.0000, Max: 0.9943, Mean: 0.0099
  Data: [
    0.9943, 0.2113, 0.0084, 0.0043, 0.0004, 0.0005, 0.0028, 0.0013, 0.0001, 0.0010,
    0.0004, 0.0002, 0.0006, 0.0001, 0.0001, 0.0003, 0.0002, 0.0000, 0.0001, 0.0002,
    0.0001, 0.0007, 0.0000, 0.0001, 0.0002, 0.0000, 0.0002, 0.0001, 0.0000, 0.0000,
    0.0000, 0.0004, 0.0000, 0.0000, 0.0000, 0.0000, 0.0000, 0.0000, 0.0006, 0.0000,
    0.0000, 0.0000, 0.0000, 0.0000, 0.0000, 0.0000, 0.0000, 0.0000, 0.0000, 0.0000,
    0.0000, 0.0000, 0.0000, 0.0000, 0.0000, 0.0000, 0.0000, 0.0000, 0.0000, 0.0000,
    0.0000, 0.0000, 0.0000, 0.0000, 0.0000, 0.0000, 0.0000, 0.0000, 0.0000, 0.0000,
    0.0000, 0.0000, 0.0000, 0.0000, 0.0000, 0.0000, 0.0000, 0.0000, 0.0000, 0.0000,
    0.0000, 0.0000, 0.0000, 0.0000, 0.0000, 0.0000, 0.0000, 0.0000, 0.0000, 0.0000,
    0.0000, 0.0000, 0.0000, 0.0000, 0.0000, 0.0000, 0.0000, 0.0000, 0.0000, 0.0000,
    0.0000, 0.0000, 0.0000, 0.0000, 0.0000, 0.0000, 0.0000, 0.0000, 0.0000, 0.0000,
    0.0000, 0.0000, 0.0000, 0.0000, 0.0000, 0.0000, 0.0000, 0.0000, 0.0000, 0.0000,
    0.0000, 0.0000, 0.0000, 0.0000,
  ]

#### reward_abs_mean
  Points: 124
  Min: 0.0403, Max: 0.2721, Mean: 0.0756
  Data: [
    0.2721, 0.1060, 0.0833, 0.0890, 0.0789, 0.1018, 0.0922, 0.0865, 0.0742, 0.0630,
    0.0804, 0.0655, 0.0521, 0.0785, 0.0757, 0.0699, 0.0636, 0.0650, 0.0579, 0.0485,
    0.0437, 0.0444, 0.0602, 0.0511, 0.0517, 0.0457, 0.0482, 0.0639, 0.0403, 0.0429,
    0.0480, 0.0485, 0.0406, 0.0446, 0.0557, 0.0462, 0.0528, 0.0441, 0.0461, 0.0547,
    0.0484, 0.0853, 0.0470, 0.0438, 0.0628, 0.0549, 0.0647, 0.0635, 0.0782, 0.0508,
    0.0680, 0.0672, 0.0719, 0.0851, 0.0572, 0.0740, 0.0738, 0.0853, 0.0786, 0.0697,
    0.0938, 0.0472, 0.0758, 0.0645, 0.0586, 0.1147, 0.0718, 0.0771, 0.0608, 0.0758,
    0.0957, 0.0842, 0.0732, 0.0628, 0.0686, 0.0863, 0.0945, 0.0612, 0.0985, 0.0826,
    0.0794, 0.0906, 0.0758, 0.0843, 0.1032, 0.0796, 0.0604, 0.0756, 0.0932, 0.0835,
    0.0745, 0.0878, 0.0836, 0.0999, 0.0735, 0.0846, 0.0730, 0.0951, 0.1000, 0.0776,
    0.0947, 0.0874, 0.1053, 0.0713, 0.0910, 0.1058, 0.0882, 0.0670, 0.0984, 0.1018,
    0.0975, 0.0827, 0.0714, 0.0760, 0.0908, 0.1011, 0.0886, 0.0842, 0.0902, 0.0964,
    0.0793, 0.0939, 0.0855, 0.0997,
  ]

#### reward_max
  Points: 124
  Min: -0.2086, Max: 2.5006, Mean: 2.4648
  Data: [
    -0.2086, 1.8908, 2.1380, 2.2930, 2.3626, 2.4768, 2.4645, 2.4743, 2.4536, 2.4853,
    2.4717, 2.4801, 2.4323, 2.4957, 2.4976, 2.4970, 2.4968, 2.4740, 2.4894, 2.4788,
    2.4880, 2.4991, 2.4977, 2.4988, 2.4989, 2.5003, 2.4991, 2.4999, 2.5001, 2.4974,
    2.5001, 2.4992, 2.5001, 2.4998, 2.5001, 2.4999, 2.4993, 2.4999, 2.4998, 2.4998,
    2.4998, 2.5003, 2.5000, 2.5003, 2.5004, 2.5000, 2.5005, 2.5002, 2.5005, 2.5001,
    2.5002, 2.5004, 2.5003, 2.5001, 2.5002, 2.5001, 2.5004, 2.5001, 2.5005, 2.5006,
    2.5006, 2.5003, 2.5003, 2.5000, 2.5004, 2.5003, 2.5005, 2.5003, 2.5002, 2.5004,
    2.5004, 2.5001, 2.5001, 2.5001, 2.5004, 2.5002, 2.5002, 2.5002, 2.5002, 2.5002,
    2.5004, 2.5002, 2.5001, 2.5002, 2.5002, 2.5003, 2.5002, 2.5002, 2.5002, 2.5002,
    2.5002, 2.5001, 2.5002, 2.5002, 2.5001, 2.5001, 2.5002, 2.5002, 2.5003, 2.5002,
    2.5001, 2.5002, 2.5001, 2.5002, 2.5001, 2.5001, 2.5001, 2.5001, 2.5001, 2.5001,
    2.5001, 2.5001, 2.5002, 2.5003, 2.5000, 2.5003, 2.5001, 2.5002, 2.5001, 2.5001,
    2.5001, 2.5002, 2.5003, 2.5002,
  ]

#### reward_mean
  Points: 124
  Min: -0.2721, Max: 0.0940, Mean: 0.0292
  Data: [
    -0.2721, -0.0885, -0.0724, -0.0731, -0.0710, -0.0971, -0.0764, -0.0649, -0.0624, -0.0544,
    -0.0426, -0.0455, -0.0397, -0.0429, -0.0314, -0.0177, -0.0383, -0.0581, -0.0369, -0.0405,
    -0.0144, -0.0145, -0.0063, 0.0093, -0.0035, -0.0054, -0.0093, -0.0049, -0.0145, -0.0279,
    0.0010, 0.0035, -0.0099, 0.0060, 0.0173, 0.0128, 0.0256, 0.0052, 0.0060, 0.0038,
    0.0165, 0.0334, 0.0155, 0.0199, 0.0359, 0.0328, 0.0452, 0.0361, 0.0433, 0.0280,
    0.0367, 0.0430, 0.0477, 0.0546, 0.0427, 0.0510, 0.0577, 0.0694, 0.0573, 0.0533,
    0.0647, 0.0319, 0.0523, 0.0466, 0.0273, 0.0940, 0.0583, 0.0566, 0.0451, 0.0590,
    0.0707, 0.0657, 0.0437, 0.0516, 0.0492, 0.0676, 0.0779, 0.0450, 0.0746, 0.0526,
    0.0648, 0.0698, 0.0547, 0.0695, 0.0868, 0.0541, 0.0349, 0.0627, 0.0711, 0.0539,
    0.0614, 0.0662, 0.0663, 0.0827, 0.0581, 0.0651, 0.0507, 0.0796, 0.0746, 0.0618,
    0.0704, 0.0708, 0.0907, 0.0493, 0.0752, 0.0898, 0.0626, 0.0555, 0.0863, 0.0790,
    0.0810, 0.0664, 0.0611, 0.0639, 0.0660, 0.0726, 0.0769, 0.0679, 0.0657, 0.0845,
    0.0616, 0.0757, 0.0674, 0.0784,
  ]

#### reward_min
  Points: 124
  Min: -2.6295, Max: -0.0954, Mean: -2.0932
  Data: [
    -0.2730, -2.4439, -2.5483, -2.5328, -2.6193, -2.6168, -2.5879, -2.5694, -2.5854, -2.5981,
    -2.6141, -2.6007, -2.5948, -2.6076, -2.6295, -2.6230, -2.5989, -2.6138, -2.6034, -2.5830,
    -2.6104, -2.5688, -2.5917, -2.5770, -2.6093, -2.5880, -2.5721, -2.5961, -2.6040, -2.6020,
    -2.5863, -2.5917, -2.5971, -2.6037, -2.5641, -2.6043, -0.6667, -2.6000, -2.5522, -2.6107,
    -2.5797, -2.5785, -2.6237, -2.5944, -2.4311, -2.5786, -2.5640, -2.5807, -2.5453, -2.5769,
    -2.5570, -2.5373, -2.5301, -2.5903, -2.5335, -2.6155, -2.4412, -0.1504, -1.7802, -0.7090,
    -2.5746, -0.2237, -2.5784, -2.5988, -2.5630, -2.5729, -0.1184, -2.5823, -0.1269, -1.7634,
    -2.5479, -2.5513, -2.5905, -0.4168, -2.5604, -1.4714, -2.5373, -0.1631, -2.5695, -2.6036,
    -2.5084, -2.5722, -2.4173, -2.5651, -0.1207, -2.5807, -2.5488, -0.1169, -2.5848, -2.6050,
    -0.1177, -2.5622, -2.5417, -1.4995, -2.5616, -2.5558, -2.5980, -2.0186, -2.5734, -2.5544,
    -2.5444, -2.5671, -0.1527, -2.5911, -0.1131, -0.0954, -2.5962, -0.1398, -0.1137, -2.5626,
    -0.2199, -0.1416, -0.6768, -2.5758, -2.5860, -2.5800, -0.1073, -2.5472, -2.6085, -1.2274,
    -0.1551, -0.1606, -2.5715, -2.5674,
  ]

#### reward_nonzero_frac
  Points: 124
  Min: 0.0397, Max: 1.0000, Mean: 0.0986
  Data: [
    1.0000, 0.5132, 0.2656, 0.2903, 0.2806, 0.2816, 0.2375, 0.3054, 0.2422, 0.1866,
    0.1313, 0.1699, 0.1343, 0.1644, 0.1678, 0.1233, 0.1418, 0.1204, 0.0935, 0.0731,
    0.0799, 0.0586, 0.0690, 0.0793, 0.0708, 0.0670, 0.0799, 0.0755, 0.0612, 0.0743,
    0.0516, 0.0543, 0.0609, 0.0456, 0.0675, 0.0470, 0.0642, 0.0397, 0.0588, 0.0490,
    0.0513, 0.0819, 0.0453, 0.0422, 0.0713, 0.0437, 0.0562, 0.0616, 0.0764, 0.0472,
    0.0667, 0.0590, 0.0706, 0.0815, 0.0585, 0.0625, 0.0696, 0.0827, 0.0801, 0.0633,
    0.0835, 0.0459, 0.0698, 0.0652, 0.0596, 0.1082, 0.0638, 0.0754, 0.0489, 0.0646,
    0.0866, 0.0724, 0.0660, 0.0538, 0.0627, 0.0786, 0.0851, 0.0581, 0.0900, 0.0763,
    0.0672, 0.0856, 0.0724, 0.0711, 0.0827, 0.0698, 0.0469, 0.0678, 0.0768, 0.0750,
    0.0640, 0.0765, 0.0698, 0.0857, 0.0655, 0.0736, 0.0656, 0.0864, 0.0887, 0.0674,
    0.0853, 0.0750, 0.0919, 0.0618, 0.0770, 0.0889, 0.0836, 0.0598, 0.0849, 0.0889,
    0.0902, 0.0690, 0.0649, 0.0701, 0.0878, 0.0873, 0.0725, 0.0751, 0.0829, 0.0866,
    0.0712, 0.0823, 0.0809, 0.0858,
  ]

#### reward_significant_frac
  Points: 124
  Min: 0.0000, Max: 0.0461, Mean: 0.0251
  Data: [
    0.0000, 0.0072, 0.0107, 0.0138, 0.0066, 0.0192, 0.0183, 0.0126, 0.0083, 0.0076,
    0.0241, 0.0122, 0.0073, 0.0180, 0.0190, 0.0206, 0.0152, 0.0142, 0.0150, 0.0131,
    0.0120, 0.0103, 0.0210, 0.0150, 0.0145, 0.0125, 0.0127, 0.0224, 0.0099, 0.0111,
    0.0156, 0.0188, 0.0113, 0.0148, 0.0204, 0.0146, 0.0178, 0.0156, 0.0150, 0.0201,
    0.0175, 0.0345, 0.0160, 0.0158, 0.0231, 0.0217, 0.0256, 0.0247, 0.0303, 0.0199,
    0.0280, 0.0276, 0.0269, 0.0350, 0.0225, 0.0296, 0.0285, 0.0345, 0.0295, 0.0263,
    0.0374, 0.0168, 0.0287, 0.0246, 0.0214, 0.0461, 0.0280, 0.0290, 0.0223, 0.0286,
    0.0368, 0.0319, 0.0267, 0.0251, 0.0268, 0.0317, 0.0362, 0.0222, 0.0394, 0.0297,
    0.0322, 0.0352, 0.0278, 0.0333, 0.0402, 0.0308, 0.0205, 0.0298, 0.0339, 0.0298,
    0.0278, 0.0315, 0.0318, 0.0392, 0.0264, 0.0314, 0.0264, 0.0356, 0.0369, 0.0294,
    0.0351, 0.0320, 0.0407, 0.0255, 0.0347, 0.0396, 0.0349, 0.0252, 0.0386, 0.0386,
    0.0374, 0.0301, 0.0276, 0.0293, 0.0343, 0.0379, 0.0342, 0.0315, 0.0338, 0.0373,
    0.0283, 0.0346, 0.0314, 0.0357,
  ]

#### reward_std
  Points: 124
  Min: 0.0029, Max: 0.4129, Mean: 0.3030
  Data: [
    0.0029, 0.1541, 0.1954, 0.2150, 0.1680, 0.2641, 0.2523, 0.2190, 0.1778, 0.1699,
    0.2954, 0.2127, 0.1674, 0.2620, 0.2636, 0.2755, 0.2345, 0.2349, 0.2398, 0.2083,
    0.2012, 0.1933, 0.2682, 0.2232, 0.2333, 0.2176, 0.2125, 0.2823, 0.1959, 0.1985,
    0.2313, 0.2510, 0.2034, 0.2388, 0.2591, 0.2358, 0.2573, 0.2359, 0.2299, 0.2676,
    0.2464, 0.3499, 0.2372, 0.2410, 0.2908, 0.2868, 0.3059, 0.3033, 0.3322, 0.2691,
    0.3084, 0.3091, 0.3140, 0.3473, 0.2857, 0.3316, 0.3283, 0.3523, 0.3316, 0.3194,
    0.3818, 0.2569, 0.3282, 0.3027, 0.2822, 0.4129, 0.3279, 0.3300, 0.3003, 0.3348,
    0.3763, 0.3552, 0.3242, 0.3055, 0.3214, 0.3576, 0.3784, 0.2971, 0.3781, 0.3490,
    0.3493, 0.3612, 0.3329, 0.3596, 0.4027, 0.3527, 0.3029, 0.3322, 0.3763, 0.3565,
    0.3374, 0.3646, 0.3572, 0.3882, 0.3318, 0.3566, 0.3318, 0.3780, 0.3929, 0.3452,
    0.3846, 0.3625, 0.4013, 0.3251, 0.3734, 0.4042, 0.3590, 0.3166, 0.3913, 0.3900,
    0.3780, 0.3552, 0.3272, 0.3470, 0.3644, 0.3920, 0.3765, 0.3566, 0.3678, 0.3865,
    0.3457, 0.3770, 0.3563, 0.3855,
  ]


### ACTIONS
#### abs_mean
  Points: 124
  Min: 0.4557, Max: 0.5543, Mean: 0.4999
  Data: [
    0.5046, 0.5111, 0.4928, 0.4706, 0.5069, 0.4630, 0.4623, 0.4690, 0.4961, 0.4715,
    0.4847, 0.4699, 0.4833, 0.4857, 0.4636, 0.4779, 0.4569, 0.5072, 0.5220, 0.4742,
    0.5022, 0.4956, 0.5160, 0.5071, 0.5064, 0.5077, 0.5306, 0.5170, 0.5159, 0.5308,
    0.5286, 0.5102, 0.4949, 0.5051, 0.5172, 0.4936, 0.4867, 0.5213, 0.5035, 0.4733,
    0.4979, 0.5007, 0.4900, 0.4557, 0.5010, 0.4930, 0.4690, 0.4797, 0.4858, 0.4850,
    0.4681, 0.4751, 0.4646, 0.4638, 0.5171, 0.5077, 0.4773, 0.4867, 0.4594, 0.5176,
    0.4912, 0.4850, 0.5116, 0.5049, 0.4788, 0.5034, 0.5421, 0.5332, 0.5184, 0.5153,
    0.4899, 0.4972, 0.4904, 0.4953, 0.5027, 0.5011, 0.5159, 0.5100, 0.5030, 0.4824,
    0.5185, 0.5113, 0.5098, 0.5083, 0.5051, 0.5066, 0.4824, 0.5091, 0.5378, 0.5335,
    0.4939, 0.5312, 0.4827, 0.5051, 0.4783, 0.4958, 0.5543, 0.5255, 0.5181, 0.5003,
    0.5068, 0.5095, 0.4843, 0.4844, 0.5242, 0.5202, 0.5481, 0.4887, 0.5003, 0.5056,
    0.5238, 0.4977, 0.5221, 0.5272, 0.5156, 0.5147, 0.5278, 0.4996, 0.4934, 0.5128,
    0.5091, 0.4894, 0.4880, 0.4889,
  ]

#### dim0_mean
  Points: 124
  Min: -0.4298, Max: 0.1800, Mean: 0.0835
  Data: [
    -0.4298, 0.1022, -0.0396, -0.0445, 0.1348, 0.1131, 0.0518, 0.1101, -0.0619, -0.0050,
    0.0847, 0.0392, -0.0630, 0.0785, 0.0851, 0.1184, 0.0393, 0.0200, 0.0948, 0.0294,
    -0.0237, 0.1647, 0.1178, 0.0574, 0.0264, 0.1363, 0.1003, 0.0773, 0.1074, 0.0820,
    0.0598, 0.0333, 0.0754, 0.0514, 0.0116, 0.0588, 0.1466, 0.0966, 0.1145, 0.0502,
    0.0367, 0.1015, 0.0907, 0.0738, 0.0922, 0.0053, 0.0734, 0.1128, 0.1800, 0.1697,
    0.1639, 0.0785, 0.0783, 0.1265, 0.1263, 0.0948, 0.1702, 0.1024, 0.1092, 0.0970,
    0.1175, 0.1326, 0.0449, 0.1372, 0.0747, 0.1027, 0.0757, 0.1062, 0.0749, 0.0760,
    0.1264, 0.1137, 0.0681, 0.1057, 0.1687, 0.1641, 0.1368, 0.1365, 0.1205, 0.1541,
    0.1441, 0.0890, 0.1004, 0.0844, 0.1291, 0.1480, 0.0400, 0.1103, 0.0809, 0.0427,
    0.0825, 0.0542, 0.0981, 0.1524, 0.1271, 0.1447, 0.0743, 0.1795, 0.1620, 0.0951,
    0.1055, 0.1081, 0.1069, 0.0757, 0.0921, -0.0324, 0.0626, 0.0199, 0.1182, 0.0770,
    0.1349, 0.0847, 0.0322, 0.1046, 0.0762, 0.0459, 0.0320, 0.0386, 0.0546, 0.1065,
    0.1143, 0.0850, 0.1000, 0.1493,
  ]

#### dim1_mean
  Points: 124
  Min: -0.1437, Max: 0.1352, Mean: -0.0175
  Data: [
    0.0491, 0.0016, -0.1437, -0.0510, 0.0398, -0.1239, -0.0189, 0.0687, -0.1102, -0.0613,
    -0.0148, 0.0437, 0.0179, -0.0587, -0.0167, 0.0608, 0.0305, -0.0371, -0.0299, 0.0028,
    -0.0174, -0.1054, -0.0764, 0.0133, -0.0331, -0.0224, -0.0367, -0.0619, -0.0017, -0.0232,
    -0.0003, -0.0158, 0.0413, -0.0079, 0.0326, 0.0293, -0.0466, 0.0095, -0.0724, -0.0099,
    0.0630, 0.0005, -0.0103, -0.0032, -0.0628, -0.0964, -0.0771, -0.0247, -0.0682, -0.0230,
    -0.0786, -0.0952, 0.0087, -0.0533, 0.0362, -0.0702, -0.0565, -0.0423, -0.0806, -0.0591,
    -0.0525, -0.0017, 0.0058, -0.0442, -0.0864, -0.0317, -0.0169, -0.0860, -0.0378, -0.0446,
    -0.0145, -0.0129, 0.0100, 0.0348, 0.0352, -0.0022, 0.0332, 0.0286, 0.0290, -0.0661,
    -0.0544, -0.0284, 0.0060, -0.0176, -0.0030, -0.0172, 0.0150, 0.0815, -0.0388, -0.0074,
    -0.0166, 0.0818, -0.0059, -0.0115, -0.0484, 0.0057, -0.0376, -0.0405, -0.0396, -0.0341,
    -0.0272, -0.0175, -0.0384, 0.0131, 0.0193, -0.0608, 0.0656, -0.0332, 0.0546, -0.0003,
    0.0411, 0.1352, -0.0318, 0.0153, -0.0476, -0.0394, -0.0616, -0.0831, -0.0020, 0.0295,
    -0.0407, 0.0217, 0.0172, -0.0222,
  ]

#### dim2_mean
  Points: 124
  Min: -0.2011, Max: 0.3207, Mean: -0.0813
  Data: [
    -0.1331, -0.0931, 0.0019, 0.0641, 0.3207, 0.2105, 0.1124, -0.0438, -0.1593, -0.0832,
    -0.0351, -0.0156, 0.0120, -0.0290, -0.0031, -0.0000, 0.0193, -0.0762, -0.1062, -0.0203,
    -0.0732, -0.0631, -0.0881, -0.1225, -0.0754, -0.1257, -0.1232, -0.0977, -0.0795, -0.1884,
    -0.1150, -0.0939, -0.0855, -0.0595, -0.1157, -0.0821, -0.1057, -0.1048, -0.1057, -0.0912,
    -0.0708, 0.0006, -0.0244, -0.1009, -0.1079, -0.0848, -0.0706, -0.1011, -0.1017, -0.1105,
    -0.1083, -0.1310, -0.0967, -0.1426, -0.0646, -0.0936, -0.0784, -0.0855, -0.1031, -0.0756,
    -0.0704, -0.0944, -0.0193, -0.0784, -0.0914, -0.0934, -0.0714, -0.0353, -0.0590, -0.0762,
    -0.1278, -0.0917, -0.0898, -0.1135, -0.0534, -0.1022, -0.0232, -0.0517, -0.0632, -0.1824,
    -0.1279, -0.0877, -0.1240, -0.0727, -0.1367, -0.1120, -0.0488, -0.0616, -0.0987, -0.0600,
    -0.1698, -0.0017, -0.0921, -0.1061, -0.1094, -0.1218, -0.0297, -0.2011, -0.1516, -0.1440,
    -0.0922, -0.1545, -0.1203, -0.1116, -0.1040, -0.0238, -0.0840, -0.0940, -0.0851, -0.1474,
    -0.1171, -0.0912, -0.1644, -0.0751, -0.0469, -0.0955, -0.0958, -0.1914, -0.1205, -0.1086,
    -0.1940, -0.0663, -0.0990, -0.1463,
  ]

#### dim3_mean
  Points: 124
  Min: -0.1532, Max: 0.2905, Mean: -0.0203
  Data: [
    0.2905, 0.0914, -0.0085, 0.0259, 0.0239, 0.0259, 0.0049, 0.0690, -0.0102, -0.0301,
    -0.0389, 0.0037, 0.0154, 0.0005, -0.0324, -0.0219, 0.0475, 0.0025, -0.0244, -0.0050,
    0.0016, -0.0339, 0.0126, -0.0128, -0.0375, -0.0222, -0.0398, 0.0036, -0.0261, -0.0908,
    -0.0618, -0.0973, -0.0663, -0.0649, -0.0492, -0.0642, -0.0568, -0.0547, 0.0117, -0.0550,
    -0.0786, -0.1532, -0.0377, -0.0881, -0.1100, -0.0578, -0.0557, 0.0069, -0.0227, -0.1358,
    -0.0618, -0.0391, -0.0361, 0.0042, -0.0364, 0.0173, -0.0112, 0.0469, 0.0083, 0.0108,
    -0.0115, -0.0486, -0.0112, -0.0118, -0.0384, 0.0430, -0.0551, -0.0227, 0.0104, -0.0110,
    0.0087, 0.0077, -0.0541, -0.0726, 0.0330, -0.0273, -0.0328, -0.0233, -0.0066, -0.0478,
    0.0204, 0.0285, -0.0473, -0.0310, 0.0208, -0.0043, -0.0016, 0.0011, -0.0133, -0.0217,
    0.0147, 0.0139, -0.0692, -0.0391, -0.0593, -0.0807, -0.0831, -0.0178, -0.0035, -0.0055,
    -0.0582, -0.0136, -0.0127, 0.0032, -0.0575, -0.0421, 0.0129, -0.0565, -0.0052, -0.0283,
    -0.0078, 0.0150, 0.0024, -0.0474, -0.0255, -0.0050, -0.0042, -0.0077, -0.0705, -0.0534,
    -0.0280, -0.0290, -0.0167, -0.0304,
  ]

#### max
  Points: 124
  Min: 0.9953, Max: 1.0000, Mean: 0.9999
  Data: [
    0.9953, 0.9997, 0.9997, 0.9999, 1.0000, 0.9999, 1.0000, 1.0000, 0.9999, 1.0000,
    1.0000, 0.9999, 1.0000, 0.9999, 0.9998, 0.9999, 1.0000, 0.9999, 0.9999, 1.0000,
    0.9999, 1.0000, 0.9999, 0.9999, 0.9999, 1.0000, 0.9999, 1.0000, 1.0000, 1.0000,
    0.9999, 1.0000, 1.0000, 1.0000, 1.0000, 1.0000, 0.9998, 0.9999, 1.0000, 1.0000,
    0.9999, 1.0000, 0.9999, 1.0000, 0.9998, 1.0000, 1.0000, 0.9999, 1.0000, 1.0000,
    1.0000, 0.9996, 1.0000, 0.9998, 1.0000, 0.9999, 0.9999, 1.0000, 0.9998, 1.0000,
    1.0000, 0.9999, 0.9999, 0.9999, 1.0000, 0.9999, 1.0000, 0.9999, 1.0000, 0.9999,
    1.0000, 0.9999, 1.0000, 0.9999, 0.9999, 1.0000, 1.0000, 0.9998, 0.9999, 0.9999,
    1.0000, 0.9999, 0.9999, 0.9999, 1.0000, 1.0000, 0.9999, 1.0000, 1.0000, 1.0000,
    1.0000, 0.9999, 1.0000, 1.0000, 0.9999, 1.0000, 0.9999, 0.9999, 1.0000, 1.0000,
    1.0000, 0.9999, 0.9998, 0.9999, 0.9999, 0.9999, 1.0000, 1.0000, 1.0000, 0.9999,
    0.9998, 1.0000, 0.9999, 0.9999, 1.0000, 1.0000, 0.9999, 0.9999, 0.9999, 1.0000,
    1.0000, 1.0000, 0.9999, 1.0000,
  ]

#### mean
  Points: 124
  Min: -0.0854, Max: 0.1298, Mean: -0.0089
  Data: [
    -0.0558, 0.0255, -0.0475, -0.0014, 0.1298, 0.0564, 0.0375, 0.0510, -0.0854, -0.0449,
    -0.0010, 0.0177, -0.0044, -0.0022, 0.0082, 0.0393, 0.0341, -0.0227, -0.0164, 0.0017,
    -0.0282, -0.0094, -0.0085, -0.0162, -0.0299, -0.0085, -0.0249, -0.0197, 0.0000, -0.0551,
    -0.0293, -0.0434, -0.0088, -0.0202, -0.0302, -0.0146, -0.0156, -0.0134, -0.0130, -0.0265,
    -0.0124, -0.0126, 0.0046, -0.0296, -0.0471, -0.0584, -0.0325, -0.0015, -0.0031, -0.0249,
    -0.0212, -0.0467, -0.0115, -0.0163, 0.0154, -0.0129, 0.0061, 0.0054, -0.0165, -0.0067,
    -0.0042, -0.0030, 0.0051, 0.0007, -0.0354, 0.0051, -0.0169, -0.0094, -0.0029, -0.0139,
    -0.0018, 0.0042, -0.0164, -0.0114, 0.0459, 0.0081, 0.0285, 0.0225, 0.0199, -0.0356,
    -0.0045, 0.0004, -0.0162, -0.0092, 0.0025, 0.0036, 0.0012, 0.0328, -0.0175, -0.0116,
    -0.0223, 0.0370, -0.0173, -0.0011, -0.0225, -0.0130, -0.0190, -0.0200, -0.0082, -0.0221,
    -0.0180, -0.0193, -0.0161, -0.0049, -0.0125, -0.0398, 0.0143, -0.0410, 0.0206, -0.0247,
    0.0128, 0.0359, -0.0404, -0.0007, -0.0110, -0.0235, -0.0324, -0.0609, -0.0346, -0.0065,
    -0.0371, 0.0028, 0.0004, -0.0124,
  ]

#### min
  Points: 124
  Min: -1.0000, Max: -0.9985, Mean: -0.9999
  Data: [
    -0.9985, -0.9997, -0.9999, -0.9999, -0.9998, -1.0000, -1.0000, -1.0000, -0.9997, -1.0000,
    -0.9999, -1.0000, -1.0000, -1.0000, -1.0000, -1.0000, -0.9999, -0.9999, -1.0000, -1.0000,
    -1.0000, -1.0000, -1.0000, -0.9999, -1.0000, -0.9999, -0.9999, -1.0000, -1.0000, -1.0000,
    -1.0000, -1.0000, -1.0000, -0.9998, -0.9999, -0.9999, -0.9999, -1.0000, -1.0000, -0.9998,
    -1.0000, -0.9999, -0.9997, -0.9998, -0.9999, -1.0000, -0.9998, -0.9999, -1.0000, -1.0000,
    -0.9997, -0.9999, -0.9999, -0.9999, -1.0000, -1.0000, -1.0000, -1.0000, -0.9998, -1.0000,
    -0.9999, -0.9999, -1.0000, -0.9999, -1.0000, -1.0000, -1.0000, -1.0000, -0.9999, -1.0000,
    -0.9999, -1.0000, -1.0000, -1.0000, -1.0000, -1.0000, -1.0000, -1.0000, -0.9999, -1.0000,
    -0.9999, -0.9993, -1.0000, -0.9999, -1.0000, -0.9999, -0.9998, -0.9999, -0.9999, -1.0000,
    -0.9999, -1.0000, -0.9999, -0.9996, -0.9999, -1.0000, -1.0000, -1.0000, -0.9999, -1.0000,
    -0.9999, -0.9999, -0.9999, -1.0000, -1.0000, -0.9999, -1.0000, -0.9998, -0.9999, -0.9998,
    -1.0000, -0.9998, -0.9999, -1.0000, -1.0000, -1.0000, -1.0000, -1.0000, -0.9998, -0.9999,
    -1.0000, -0.9999, -0.9999, -1.0000,
  ]

#### std
  Points: 124
  Min: 0.5334, Max: 0.6309, Mean: 0.5803
  Data: [
    0.5745, 0.5862, 0.5731, 0.5544, 0.5751, 0.5433, 0.5499, 0.5520, 0.5759, 0.5549,
    0.5710, 0.5564, 0.5678, 0.5719, 0.5477, 0.5664, 0.5454, 0.5885, 0.6035, 0.5608,
    0.5867, 0.5786, 0.5987, 0.5905, 0.5928, 0.5887, 0.6068, 0.5991, 0.5999, 0.6058,
    0.6051, 0.5888, 0.5756, 0.5866, 0.6010, 0.5745, 0.5651, 0.5992, 0.5841, 0.5510,
    0.5787, 0.5770, 0.5700, 0.5334, 0.5774, 0.5712, 0.5488, 0.5631, 0.5652, 0.5657,
    0.5482, 0.5547, 0.5426, 0.5428, 0.5992, 0.5847, 0.5575, 0.5677, 0.5378, 0.5975,
    0.5707, 0.5661, 0.5916, 0.5866, 0.5620, 0.5841, 0.6225, 0.6111, 0.5967, 0.5931,
    0.5681, 0.5778, 0.5722, 0.5756, 0.5792, 0.5791, 0.5947, 0.5892, 0.5834, 0.5607,
    0.5969, 0.5882, 0.5906, 0.5860, 0.5824, 0.5876, 0.5648, 0.5888, 0.6176, 0.6128,
    0.5742, 0.6107, 0.5621, 0.5816, 0.5575, 0.5757, 0.6309, 0.6058, 0.5989, 0.5832,
    0.5881, 0.5898, 0.5640, 0.5664, 0.6040, 0.5984, 0.6294, 0.5690, 0.5808, 0.5858,
    0.6039, 0.5779, 0.5991, 0.6072, 0.5969, 0.5963, 0.6086, 0.5755, 0.5749, 0.5967,
    0.5880, 0.5737, 0.5695, 0.5685,
  ]


### GRADIENTS
#### actor_norm
  Points: 124
  Min: 0.0318, Max: 1.2738, Mean: 0.0866
  Data: [
    1.2738, 0.0400, 0.0318, 0.0418, 0.0648, 0.0515, 0.0547, 0.0473, 0.0455, 0.0802,
    0.0795, 0.0525, 0.0838, 0.0727, 0.0790, 0.0583, 0.0818, 0.0653, 0.0607, 0.0560,
    0.0870, 0.0499, 0.0901, 0.0562, 0.0434, 0.0706, 0.0611, 0.0781, 0.0836, 0.0781,
    0.0688, 0.0955, 0.0649, 0.0834, 0.0792, 0.0767, 0.0736, 0.0999, 0.1405, 0.1136,
    0.0818, 0.1210, 0.1214, 0.0877, 0.1438, 0.0933, 0.0939, 0.1296, 0.1176, 0.1438,
    0.1433, 0.0909, 0.0757, 0.0946, 0.0689, 0.0842, 0.0676, 0.0883, 0.0964, 0.0728,
    0.0739, 0.0665, 0.0947, 0.0663, 0.0977, 0.0986, 0.0570, 0.0580, 0.0571, 0.0828,
    0.0928, 0.0501, 0.1025, 0.0798, 0.0668, 0.0939, 0.0580, 0.0458, 0.0729, 0.0810,
    0.0694, 0.0993, 0.0911, 0.0657, 0.0823, 0.1208, 0.0761, 0.0894, 0.0599, 0.0872,
    0.0557, 0.0802, 0.0593, 0.1008, 0.0835, 0.1073, 0.0730, 0.0667, 0.0602, 0.0585,
    0.0570, 0.0533, 0.0517, 0.0771, 0.0666, 0.0604, 0.0741, 0.0567, 0.0585, 0.0782,
    0.0788, 0.0518, 0.0715, 0.0553, 0.0970, 0.0637, 0.0576, 0.0808, 0.0821, 0.0602,
    0.0792, 0.0732, 0.0835, 0.0545,
  ]

#### critic_norm
  Points: 124
  Min: 0.1173, Max: 3.4549, Mean: 0.3538
  Data: [
    3.4549, 0.9677, 0.3729, 0.3880, 0.8526, 0.4422, 0.4436, 0.5597, 0.5145, 0.6305,
    0.4102, 0.7833, 0.6018, 0.6517, 0.3971, 0.5698, 0.4715, 0.5294, 0.5406, 0.6047,
    0.5333, 0.6158, 0.7307, 0.6763, 0.6365, 0.5255, 0.5116, 0.6265, 0.5439, 0.5907,
    0.4473, 0.4156, 0.4285, 0.3748, 0.4354, 0.3797, 0.4379, 0.4103, 0.3636, 0.4119,
    0.3020, 0.2897, 0.3233, 0.2138, 0.2549, 0.2775, 0.3763, 0.2651, 0.2574, 0.2656,
    0.3707, 0.2546, 0.4683, 0.1741, 0.2234, 0.3223, 0.1627, 0.2096, 0.2144, 0.2047,
    0.1494, 0.3805, 0.2291, 0.2701, 0.2660, 0.2465, 0.2838, 0.2694, 0.2195, 0.1763,
    0.3043, 0.2546, 0.2130, 0.3022, 0.2357, 0.2826, 0.1480, 0.1540, 0.2209, 0.1350,
    0.1926, 0.2081, 0.3360, 0.1909, 0.2253, 0.2389, 0.2771, 0.2036, 0.1363, 0.2608,
    0.1779, 0.2447, 0.3042, 0.2385, 0.3310, 0.3233, 0.2772, 0.2327, 0.1173, 0.1367,
    0.2181, 0.2160, 0.1829, 0.2248, 0.2078, 0.2555, 0.1873, 0.1280, 0.2067, 0.2112,
    0.2110, 0.1814, 0.2478, 0.1512, 0.2093, 0.2082, 0.1850, 0.2230, 0.1769, 0.1872,
    0.1728, 0.1896, 0.2171, 0.1705,
  ]

#### world_model_norm
  Points: 124
  Min: 3.4460, Max: 70.1672, Mean: 15.5822
  Data: [
    7.7889, 3.4460, 9.9624, 10.3553, 4.8971, 17.7719, 5.5117, 7.0177, 6.7489, 5.4367,
    11.2834, 7.7660, 6.9467, 17.3348, 12.7022, 9.3250, 9.6545, 5.0845, 14.0677, 6.9994,
    29.4145, 8.5057, 8.4600, 35.6557, 8.9213, 10.3659, 8.3244, 26.3932, 16.2044, 6.0761,
    24.1273, 46.9544, 19.6349, 11.8968, 8.4016, 15.7706, 27.2210, 8.7374, 6.1594, 7.4582,
    11.9613, 14.2228, 8.4337, 22.2389, 6.6841, 15.7362, 10.2226, 16.4396, 61.9197, 18.8169,
    9.7489, 17.8180, 20.9488, 60.8442, 7.8262, 44.7309, 11.7875, 44.3231, 17.7755, 17.6128,
    11.6909, 10.8668, 17.6597, 12.3227, 24.0990, 7.0525, 14.8304, 11.2041, 15.1717, 32.3441,
    8.0330, 8.3865, 18.0762, 8.0844, 15.6328, 9.4776, 15.7209, 7.6609, 25.7313, 10.7557,
    70.1672, 9.1119, 13.0259, 7.1531, 53.1552, 14.9707, 21.2315, 9.8782, 18.8858, 6.8359,
    12.3214, 20.1608, 10.3488, 10.6856, 23.3089, 22.8849, 7.4914, 8.4377, 10.0185, 8.8431,
    21.2360, 28.7422, 8.0385, 6.2573, 12.1421, 8.0673, 9.8136, 12.6742, 11.3118, 20.3751,
    13.8356, 26.3367, 14.2667, 6.7372, 7.3936, 7.1702, 10.1651, 17.3702, 9.2760, 7.4292,
    29.0860, 16.4173, 18.6076, 10.8497,
  ]


### DIAGNOSTICS
#### advantage_contribution
  Points: 124
  Min: 0.0469, Max: 16.0503, Mean: 0.2153
  Data: [
    16.0503, 0.0973, 0.0909, 0.0945, 0.0998, 0.1012, 0.1080, 0.0743, 0.1029, 0.1095,
    0.1287, 0.0932, 0.1175, 0.1459, 0.1178, 0.1270, 0.1073, 0.1175, 0.1161, 0.0928,
    0.0984, 0.0943, 0.1112, 0.0923, 0.1100, 0.0929, 0.1157, 0.1118, 0.0948, 0.1067,
    0.1117, 0.1228, 0.0987, 0.1021, 0.1258, 0.0984, 0.0979, 0.1418, 0.1401, 0.1551,
    0.1252, 0.1420, 0.1181, 0.0962, 0.1321, 0.0878, 0.1046, 0.1307, 0.1234, 0.1148,
    0.1064, 0.0984, 0.0814, 0.1064, 0.0868, 0.0842, 0.0760, 0.0763, 0.0792, 0.0739,
    0.0738, 0.0701, 0.0710, 0.0733, 0.0842, 0.0847, 0.0738, 0.0660, 0.0610, 0.0804,
    0.0786, 0.0632, 0.0903, 0.0718, 0.0748, 0.0637, 0.0698, 0.0469, 0.0654, 0.0775,
    0.0691, 0.0855, 0.0791, 0.0543, 0.0777, 0.0743, 0.0763, 0.0736, 0.0593, 0.0641,
    0.0563, 0.0628, 0.0608, 0.0624, 0.0672, 0.0844, 0.0670, 0.0543, 0.0546, 0.0471,
    0.0773, 0.0572, 0.0621, 0.0691, 0.0530, 0.0750, 0.0668, 0.0608, 0.0566, 0.0769,
    0.0661, 0.0736, 0.0566, 0.0591, 0.0949, 0.0711, 0.0577, 0.0675, 0.0757, 0.0567,
    0.0585, 0.0560, 0.0628, 0.0560,
  ]

#### entropy_advantage_ratio
  Points: 124
  Min: 0.0001, Max: 0.0248, Mean: 0.0133
  Data: [
    0.0001, 0.0113, 0.0137, 0.0117, 0.0101, 0.0098, 0.0097, 0.0141, 0.0098, 0.0093,
    0.0080, 0.0114, 0.0092, 0.0074, 0.0092, 0.0090, 0.0103, 0.0096, 0.0100, 0.0121,
    0.0124, 0.0122, 0.0110, 0.0127, 0.0110, 0.0121, 0.0104, 0.0106, 0.0132, 0.0109,
    0.0100, 0.0088, 0.0112, 0.0109, 0.0092, 0.0108, 0.0105, 0.0078, 0.0076, 0.0060,
    0.0086, 0.0065, 0.0080, 0.0100, 0.0068, 0.0107, 0.0086, 0.0069, 0.0074, 0.0091,
    0.0087, 0.0091, 0.0106, 0.0083, 0.0124, 0.0109, 0.0137, 0.0149, 0.0113, 0.0147,
    0.0137, 0.0158, 0.0160, 0.0162, 0.0122, 0.0126, 0.0162, 0.0161, 0.0179, 0.0139,
    0.0128, 0.0163, 0.0106, 0.0142, 0.0149, 0.0165, 0.0147, 0.0245, 0.0172, 0.0132,
    0.0147, 0.0108, 0.0129, 0.0201, 0.0129, 0.0157, 0.0129, 0.0147, 0.0193, 0.0177,
    0.0191, 0.0167, 0.0179, 0.0163, 0.0164, 0.0121, 0.0169, 0.0201, 0.0221, 0.0248,
    0.0140, 0.0196, 0.0176, 0.0151, 0.0227, 0.0138, 0.0158, 0.0174, 0.0207, 0.0131,
    0.0172, 0.0146, 0.0195, 0.0214, 0.0116, 0.0147, 0.0211, 0.0148, 0.0142, 0.0205,
    0.0183, 0.0200, 0.0166, 0.0186,
  ]

#### entropy_contribution
  Points: 124
  Min: 0.0009, Max: 0.0013, Mean: 0.0011
  Data: [
    0.0013, 0.0011, 0.0012, 0.0011, 0.0010, 0.0010, 0.0010, 0.0010, 0.0010, 0.0010,
    0.0010, 0.0011, 0.0011, 0.0011, 0.0011, 0.0011, 0.0011, 0.0011, 0.0012, 0.0011,
    0.0012, 0.0011, 0.0012, 0.0012, 0.0012, 0.0011, 0.0012, 0.0012, 0.0013, 0.0012,
    0.0011, 0.0011, 0.0011, 0.0011, 0.0012, 0.0011, 0.0010, 0.0011, 0.0011, 0.0009,
    0.0011, 0.0009, 0.0009, 0.0010, 0.0009, 0.0009, 0.0009, 0.0009, 0.0009, 0.0010,
    0.0009, 0.0009, 0.0009, 0.0009, 0.0011, 0.0009, 0.0010, 0.0011, 0.0009, 0.0011,
    0.0010, 0.0011, 0.0011, 0.0012, 0.0010, 0.0011, 0.0012, 0.0011, 0.0011, 0.0011,
    0.0010, 0.0010, 0.0010, 0.0010, 0.0011, 0.0011, 0.0010, 0.0011, 0.0011, 0.0010,
    0.0010, 0.0009, 0.0010, 0.0011, 0.0010, 0.0012, 0.0010, 0.0011, 0.0011, 0.0011,
    0.0011, 0.0010, 0.0011, 0.0010, 0.0011, 0.0010, 0.0011, 0.0011, 0.0012, 0.0012,
    0.0011, 0.0011, 0.0011, 0.0010, 0.0012, 0.0010, 0.0011, 0.0011, 0.0012, 0.0010,
    0.0011, 0.0011, 0.0011, 0.0013, 0.0011, 0.0010, 0.0012, 0.0010, 0.0011, 0.0012,
    0.0011, 0.0011, 0.0010, 0.0010,
  ]

#### return_range_S
  Points: 124
  Min: 0.2321, Max: 9.1325, Mean: 3.6336
  Data: [
    0.2321, 9.0918, 9.1325, 8.7903, 6.1617, 6.2253, 7.0102, 8.6673, 5.9134, 5.7187,
    5.4769, 5.6751, 6.1125, 5.4089, 5.7693, 5.4095, 4.9086, 4.8615, 5.2023, 4.9006,
    4.7497, 4.9075, 4.6620, 4.9575, 5.0686, 5.1905, 5.3542, 5.5082, 5.4063, 5.5866,
    5.4228, 5.0936, 4.7143, 4.4794, 4.9504, 4.1081, 3.7326, 3.0879, 2.6563, 2.7392,
    2.7698, 2.4621, 2.7414, 2.6546, 2.7237, 2.8827, 2.6134, 2.2578, 2.4090, 2.5696,
    2.4319, 2.4999, 2.7098, 2.5858, 2.6731, 2.8051, 2.7558, 2.7751, 2.5727, 2.6644,
    2.8345, 3.1095, 3.2646, 3.0621, 3.0397, 3.5416, 3.2910, 3.2811, 3.2561, 2.8309,
    2.8054, 3.0699, 2.5611, 2.7503, 3.2368, 2.9162, 3.0589, 3.1391, 3.0951, 2.6167,
    2.6691, 2.4511, 2.7414, 2.9318, 2.5664, 2.6647, 2.6203, 2.5545, 2.6719, 3.0316,
    2.7206, 2.7429, 2.7036, 2.6587, 2.8221, 2.8832, 3.0804, 2.9618, 3.1738, 2.9343,
    2.9825, 3.0187, 3.0760, 2.7888, 2.9658, 2.7250, 3.3023, 2.6446, 2.7395, 2.8141,
    2.7693, 2.5427, 2.6020, 2.8284, 2.9147, 2.7739, 2.8899, 2.7395, 2.7962, 2.8553,
    2.9769, 2.9307, 2.8965, 3.0501,
  ]

#### return_range_at_floor
  Points: 124
  Min: 0.0000, Max: 1.0000, Mean: 0.0081
  Data: [
    1.0000, 0.0000, 0.0000, 0.0000, 0.0000, 0.0000, 0.0000, 0.0000, 0.0000, 0.0000,
    0.0000, 0.0000, 0.0000, 0.0000, 0.0000, 0.0000, 0.0000, 0.0000, 0.0000, 0.0000,
    0.0000, 0.0000, 0.0000, 0.0000, 0.0000, 0.0000, 0.0000, 0.0000, 0.0000, 0.0000,
    0.0000, 0.0000, 0.0000, 0.0000, 0.0000, 0.0000, 0.0000, 0.0000, 0.0000, 0.0000,
    0.0000, 0.0000, 0.0000, 0.0000, 0.0000, 0.0000, 0.0000, 0.0000, 0.0000, 0.0000,
    0.0000, 0.0000, 0.0000, 0.0000, 0.0000, 0.0000, 0.0000, 0.0000, 0.0000, 0.0000,
    0.0000, 0.0000, 0.0000, 0.0000, 0.0000, 0.0000, 0.0000, 0.0000, 0.0000, 0.0000,
    0.0000, 0.0000, 0.0000, 0.0000, 0.0000, 0.0000, 0.0000, 0.0000, 0.0000, 0.0000,
    0.0000, 0.0000, 0.0000, 0.0000, 0.0000, 0.0000, 0.0000, 0.0000, 0.0000, 0.0000,
    0.0000, 0.0000, 0.0000, 0.0000, 0.0000, 0.0000, 0.0000, 0.0000, 0.0000, 0.0000,
    0.0000, 0.0000, 0.0000, 0.0000, 0.0000, 0.0000, 0.0000, 0.0000, 0.0000, 0.0000,
    0.0000, 0.0000, 0.0000, 0.0000, 0.0000, 0.0000, 0.0000, 0.0000, 0.0000, 0.0000,
    0.0000, 0.0000, 0.0000, 0.0000,
  ]


### SPARSE_SIGNAL
#### advantage_nonzero_frac
  Points: 124
  Min: 0.5233, Max: 1.0000, Mean: 0.7277
  Data: [
    1.0000, 0.8453, 0.8079, 0.8163, 0.8455, 0.8551, 0.8334, 0.8032, 0.8105, 0.8380,
    0.8263, 0.7892, 0.8207, 0.8783, 0.8312, 0.8400, 0.8233, 0.8327, 0.8141, 0.7640,
    0.7486, 0.7942, 0.7849, 0.7667, 0.8291, 0.7979, 0.8017, 0.8072, 0.7931, 0.8021,
    0.8448, 0.8364, 0.8035, 0.8147, 0.8442, 0.8229, 0.8218, 0.8139, 0.8277, 0.8475,
    0.8232, 0.8357, 0.8052, 0.7825, 0.7923, 0.7595, 0.8021, 0.7980, 0.7836, 0.7490,
    0.7443, 0.7454, 0.7566, 0.6837, 0.7216, 0.7220, 0.6459, 0.6605, 0.6804, 0.7325,
    0.6743, 0.6635, 0.7154, 0.7026, 0.6789, 0.7341, 0.6756, 0.7019, 0.6672, 0.7043,
    0.7139, 0.6799, 0.7517, 0.7098, 0.6608, 0.6818, 0.6595, 0.6385, 0.6159, 0.6971,
    0.7108, 0.7506, 0.7048, 0.6727, 0.7215, 0.6094, 0.7419, 0.6878, 0.6061, 0.5839,
    0.6539, 0.6671, 0.6902, 0.7067, 0.7103, 0.6501, 0.5760, 0.6169, 0.5476, 0.5233,
    0.6707, 0.6372, 0.6523, 0.6349, 0.5952, 0.7094, 0.5468, 0.6502, 0.5661, 0.7259,
    0.6235, 0.7546, 0.6478, 0.6489, 0.7351, 0.6614, 0.5836, 0.6665, 0.6780, 0.6133,
    0.6016, 0.6326, 0.6393, 0.6027,
  ]

#### advantage_significant_frac
  Points: 124
  Min: 0.0717, Max: 1.0000, Mean: 0.1668
  Data: [
    1.0000, 0.2009, 0.1395, 0.1912, 0.2159, 0.2278, 0.2346, 0.1354, 0.1984, 0.2458,
    0.2635, 0.2051, 0.2519, 0.3325, 0.2481, 0.2647, 0.2180, 0.2462, 0.2635, 0.1843,
    0.1828, 0.1828, 0.1765, 0.1644, 0.2314, 0.1928, 0.2451, 0.2419, 0.1949, 0.2099,
    0.2401, 0.2656, 0.2129, 0.2117, 0.2578, 0.2049, 0.1905, 0.2506, 0.2360, 0.2885,
    0.2203, 0.2486, 0.2301, 0.2072, 0.2327, 0.1650, 0.2121, 0.2296, 0.1880, 0.2231,
    0.1934, 0.1574, 0.1550, 0.1792, 0.1665, 0.1719, 0.1184, 0.1460, 0.1340, 0.1307,
    0.1268, 0.1349, 0.1121, 0.1401, 0.1217, 0.1449, 0.1274, 0.1233, 0.1001, 0.1347,
    0.1403, 0.1164, 0.1670, 0.1274, 0.1321, 0.0997, 0.1202, 0.0755, 0.0948, 0.1341,
    0.1177, 0.1629, 0.1309, 0.0717, 0.1476, 0.0965, 0.1380, 0.1243, 0.0958, 0.1044,
    0.0944, 0.1079, 0.0891, 0.0968, 0.1078, 0.1570, 0.1102, 0.0911, 0.0876, 0.0750,
    0.1221, 0.1046, 0.1207, 0.1263, 0.0766, 0.1459, 0.1107, 0.1028, 0.1012, 0.1348,
    0.1165, 0.1190, 0.0947, 0.0911, 0.1614, 0.1249, 0.0976, 0.1152, 0.1033, 0.0838,
    0.1004, 0.0935, 0.1071, 0.0940,
  ]

#### event_rate_in_batch
  Points: 124
  Min: 0.0000, Max: 0.0454, Mean: 0.0228
  Data: [
    0.0101, 0.0000, 0.0101, 0.0040, 0.0040, 0.0101, 0.0040, 0.0091, 0.0050, 0.0040,
    0.0121, 0.0121, 0.0101, 0.0101, 0.0171, 0.0181, 0.0161, 0.0101, 0.0181, 0.0081,
    0.0081, 0.0040, 0.0161, 0.0121, 0.0101, 0.0161, 0.0040, 0.0151, 0.0101, 0.0101,
    0.0121, 0.0121, 0.0111, 0.0151, 0.0161, 0.0202, 0.0171, 0.0121, 0.0121, 0.0101,
    0.0202, 0.0272, 0.0181, 0.0171, 0.0202, 0.0181, 0.0222, 0.0202, 0.0242, 0.0222,
    0.0161, 0.0222, 0.0202, 0.0262, 0.0141, 0.0242, 0.0323, 0.0262, 0.0282, 0.0222,
    0.0343, 0.0141, 0.0302, 0.0192, 0.0232, 0.0373, 0.0222, 0.0272, 0.0222, 0.0302,
    0.0252, 0.0262, 0.0262, 0.0242, 0.0242, 0.0353, 0.0343, 0.0242, 0.0393, 0.0333,
    0.0292, 0.0302, 0.0272, 0.0323, 0.0403, 0.0292, 0.0161, 0.0242, 0.0373, 0.0262,
    0.0252, 0.0323, 0.0282, 0.0363, 0.0232, 0.0363, 0.0323, 0.0343, 0.0363, 0.0282,
    0.0333, 0.0353, 0.0323, 0.0222, 0.0343, 0.0454, 0.0282, 0.0262, 0.0383, 0.0343,
    0.0413, 0.0333, 0.0252, 0.0363, 0.0302, 0.0282, 0.0383, 0.0312, 0.0302, 0.0423,
    0.0282, 0.0363, 0.0292, 0.0323,
  ]

#### lambda_return_abs_mean
  Points: 124
  Min: 0.9030, Max: 14.7875, Mean: 3.5039
  Data: [
    1.6638, 14.7875, 9.4992, 7.3677, 5.1146, 4.9090, 4.6978, 4.3744, 3.2155, 3.0700,
    2.7510, 2.9267, 2.5883, 3.1237, 2.9871, 2.8526, 2.3735, 2.1766, 1.9541, 1.2713,
    0.9278, 0.9788, 0.9030, 0.9639, 1.2017, 1.3448, 1.3718, 1.7083, 1.6833, 1.8156,
    2.4001, 2.6672, 2.6389, 2.9988, 2.9583, 3.8011, 3.9843, 3.8141, 3.6428, 3.7877,
    3.6575, 3.9020, 3.8483, 3.7060, 4.3052, 3.6387, 3.8748, 3.9421, 3.7573, 3.7897,
    3.7350, 3.7149, 3.8035, 3.8795, 3.7144, 3.8617, 3.7312, 3.8512, 3.8293, 3.6350,
    3.6636, 3.5320, 3.5811, 3.6393, 3.4765, 3.6967, 3.4394, 3.5487, 3.4455, 3.4754,
    3.6521, 3.6928, 3.6100, 3.7310, 3.6522, 3.4549, 3.6163, 3.4352, 3.6267, 3.5939,
    3.7090, 3.8681, 3.6003, 3.6494, 3.6420, 3.5397, 3.3947, 3.7621, 3.3912, 3.3235,
    3.7371, 3.6346, 3.5905, 3.7625, 3.7571, 3.5821, 3.4216, 3.5508, 3.4925, 3.2728,
    3.6602, 3.6491, 3.7205, 3.5549, 3.4361, 3.7950, 3.3089, 3.5756, 3.6366, 3.8012,
    3.6014, 3.6547, 3.6116, 3.5697, 3.7922, 3.6226, 3.4925, 3.6548, 3.6499, 3.3994,
    3.3798, 3.4110, 3.3943, 3.3872,
  ]

#### lambda_return_nonzero_frac
  Points: 124
  Min: 0.8346, Max: 1.0000, Mean: 0.9897
  Data: [
    1.0000, 0.9999, 0.9998, 0.9993, 0.9996, 0.9986, 0.9959, 0.9947, 0.9942, 0.9919,
    0.9850, 0.9932, 0.9947, 0.9901, 0.9891, 0.9954, 0.9925, 0.9888, 0.9882, 0.9390,
    0.8934, 0.9268, 0.9281, 0.8371, 0.9517, 0.9313, 0.8346, 0.9027, 0.8907, 0.9011,
    0.9754, 0.9651, 0.9846, 0.9984, 0.9934, 0.9999, 0.9996, 0.9999, 0.9995, 0.9997,
    0.9997, 0.9997, 0.9991, 1.0000, 0.9996, 0.9994, 0.9999, 0.9998, 0.9998, 0.9999,
    0.9994, 0.9999, 1.0000, 0.9998, 1.0000, 0.9996, 1.0000, 1.0000, 0.9995, 1.0000,
    1.0000, 0.9999, 0.9994, 0.9999, 0.9999, 0.9997, 0.9996, 0.9999, 0.9996, 1.0000,
    0.9996, 1.0000, 0.9997, 0.9997, 1.0000, 1.0000, 1.0000, 1.0000, 1.0000, 0.9997,
    0.9999, 1.0000, 0.9994, 1.0000, 0.9987, 1.0000, 1.0000, 1.0000, 0.9997, 0.9999,
    1.0000, 0.9997, 0.9999, 1.0000, 1.0000, 0.9992, 0.9999, 0.9999, 0.9999, 1.0000,
    0.9993, 1.0000, 0.9994, 0.9996, 0.9996, 0.9996, 0.9999, 1.0000, 0.9999, 1.0000,
    0.9998, 0.9999, 1.0000, 1.0000, 0.9997, 1.0000, 1.0000, 0.9999, 0.9995, 0.9995,
    0.9994, 1.0000, 0.9998, 0.9999,
  ]

#### lambda_return_significant_frac
  Points: 124
  Min: 0.2070, Max: 1.0000, Mean: 0.9238
  Data: [
    0.7857, 0.9983, 0.9981, 0.9924, 0.9910, 0.9772, 0.9563, 0.9435, 0.9109, 0.8706,
    0.8131, 0.8821, 0.8383, 0.9244, 0.9250, 0.9351, 0.9377, 0.7972, 0.7808, 0.4808,
    0.3410, 0.3612, 0.2070, 0.2881, 0.3978, 0.4623, 0.4322, 0.5534, 0.5559, 0.5539,
    0.6750, 0.7347, 0.8019, 0.9039, 0.8870, 0.9919, 0.9950, 0.9955, 0.9966, 0.9918,
    0.9951, 0.9947, 0.9918, 0.9991, 0.9983, 0.9956, 0.9981, 0.9960, 0.9945, 0.9980,
    0.9958, 0.9982, 0.9996, 0.9991, 0.9968, 0.9988, 0.9999, 0.9996, 0.9950, 0.9986,
    0.9976, 0.9990, 0.9990, 0.9989, 0.9983, 0.9944, 0.9974, 0.9989, 0.9981, 0.9975,
    0.9938, 0.9970, 0.9981, 0.9989, 0.9970, 0.9994, 0.9968, 0.9983, 0.9983, 0.9973,
    0.9990, 0.9997, 0.9945, 0.9998, 0.9941, 0.9997, 0.9979, 0.9994, 0.9978, 0.9950,
    1.0000, 0.9982, 0.9994, 0.9999, 0.9992, 0.9940, 0.9990, 0.9940, 0.9977, 0.9990,
    0.9963, 0.9996, 0.9983, 0.9982, 0.9945, 0.9983, 0.9049, 0.9983, 0.9982, 0.9996,
    0.9976, 0.9991, 0.9996, 0.9991, 0.9915, 0.9980, 1.0000, 0.9994, 0.9940, 0.9992,
    0.9945, 0.9775, 0.9968, 0.9986,
  ]

#### nonsparse_pred_error
  Points: 124
  Min: 0.0034, Max: 0.1984, Mean: 0.0112
  Data: [
    0.1984, 0.0231, 0.0216, 0.0149, 0.0152, 0.0178, 0.0174, 0.0204, 0.0152, 0.0146,
    0.0193, 0.0141, 0.0120, 0.0174, 0.0229, 0.0215, 0.0140, 0.0124, 0.0151, 0.0138,
    0.0084, 0.0115, 0.0170, 0.0210, 0.0118, 0.0104, 0.0104, 0.0243, 0.0084, 0.0111,
    0.0160, 0.0099, 0.0097, 0.0076, 0.0140, 0.0099, 0.0086, 0.0131, 0.0050, 0.0107,
    0.0124, 0.0121, 0.0085, 0.0110, 0.0081, 0.0048, 0.0118, 0.0067, 0.0152, 0.0107,
    0.0072, 0.0078, 0.0095, 0.0122, 0.0049, 0.0083, 0.0048, 0.0098, 0.0058, 0.0055,
    0.0110, 0.0040, 0.0063, 0.0077, 0.0113, 0.0113, 0.0057, 0.0077, 0.0062, 0.0061,
    0.0119, 0.0058, 0.0050, 0.0046, 0.0042, 0.0061, 0.0075, 0.0046, 0.0133, 0.0067,
    0.0069, 0.0060, 0.0063, 0.0049, 0.0132, 0.0059, 0.0066, 0.0063, 0.0086, 0.0047,
    0.0053, 0.0087, 0.0057, 0.0081, 0.0055, 0.0115, 0.0046, 0.0048, 0.0046, 0.0034,
    0.0062, 0.0063, 0.0082, 0.0049, 0.0053, 0.0044, 0.0130, 0.0059, 0.0058, 0.0095,
    0.0068, 0.0056, 0.0097, 0.0067, 0.0108, 0.0071, 0.0050, 0.0077, 0.0072, 0.0057,
    0.0054, 0.0075, 0.0065, 0.0058,
  ]

#### num_sparse_events
  Points: 124
  Min: 0.0000, Max: 45.0000, Mean: 22.6210
  Data: [
    10.0000, 0.0000, 10.0000, 4.0000, 4.0000, 10.0000, 4.0000, 9.0000, 5.0000, 4.0000,
    12.0000, 12.0000, 10.0000, 10.0000, 17.0000, 18.0000, 16.0000, 10.0000, 18.0000, 8.0000,
    8.0000, 4.0000, 16.0000, 12.0000, 10.0000, 16.0000, 4.0000, 15.0000, 10.0000, 10.0000,
    12.0000, 12.0000, 11.0000, 15.0000, 16.0000, 20.0000, 17.0000, 12.0000, 12.0000, 10.0000,
    20.0000, 27.0000, 18.0000, 17.0000, 20.0000, 18.0000, 22.0000, 20.0000, 24.0000, 22.0000,
    16.0000, 22.0000, 20.0000, 26.0000, 14.0000, 24.0000, 32.0000, 26.0000, 28.0000, 22.0000,
    34.0000, 14.0000, 30.0000, 19.0000, 23.0000, 37.0000, 22.0000, 27.0000, 22.0000, 30.0000,
    25.0000, 26.0000, 26.0000, 24.0000, 24.0000, 35.0000, 34.0000, 24.0000, 39.0000, 33.0000,
    29.0000, 30.0000, 27.0000, 32.0000, 40.0000, 29.0000, 16.0000, 24.0000, 37.0000, 26.0000,
    25.0000, 32.0000, 28.0000, 36.0000, 23.0000, 36.0000, 32.0000, 34.0000, 36.0000, 28.0000,
    33.0000, 35.0000, 32.0000, 22.0000, 34.0000, 45.0000, 28.0000, 26.0000, 38.0000, 34.0000,
    41.0000, 33.0000, 25.0000, 36.0000, 30.0000, 28.0000, 38.0000, 31.0000, 30.0000, 42.0000,
    28.0000, 36.0000, 29.0000, 32.0000,
  ]

#### reward_max
  Points: 124
  Min: 0.0000, Max: 2.5000, Mean: 2.3387
  Data: [
    2.5000, 0.0000, 2.5000, 0.0000, 0.0000, 0.0000, 0.0000, 2.5000, 0.0000, 0.0000,
    2.5000, 2.5000, 2.5000, 2.5000, 2.5000, 2.5000, 2.5000, 0.0000, 2.5000, 2.5000,
    2.5000, 2.5000, 2.5000, 2.5000, 2.5000, 2.5000, 2.5000, 2.5000, 2.5000, 2.5000,
    2.5000, 2.5000, 2.5000, 2.5000, 2.5000, 2.5000, 2.5000, 2.5000, 2.5000, 2.5000,
    2.5000, 2.5000, 2.5000, 2.5000, 2.5000, 2.5000, 2.5000, 2.5000, 2.5000, 2.5000,
    2.5000, 2.5000, 2.5000, 2.5000, 2.5000, 2.5000, 2.5000, 2.5000, 2.5000, 2.5000,
    2.5000, 2.5000, 2.5000, 2.5000, 2.5000, 2.5000, 2.5000, 2.5000, 2.5000, 2.5000,
    2.5000, 2.5000, 2.5000, 2.5000, 2.5000, 2.5000, 2.5000, 2.5000, 2.5000, 2.5000,
    2.5000, 2.5000, 2.5000, 2.5000, 2.5000, 2.5000, 2.5000, 2.5000, 2.5000, 2.5000,
    2.5000, 2.5000, 2.5000, 2.5000, 2.5000, 2.5000, 2.5000, 2.5000, 2.5000, 2.5000,
    2.5000, 2.5000, 2.5000, 2.5000, 2.5000, 2.5000, 2.5000, 2.5000, 2.5000, 2.5000,
    2.5000, 2.5000, 2.5000, 2.5000, 2.5000, 2.5000, 2.5000, 2.5000, 2.5000, 2.5000,
    2.5000, 2.5000, 2.5000, 2.5000,
  ]

#### reward_min
  Points: 124
  Min: -2.6483, Max: -0.0768, Mean: -1.4206
  Data: [
    -2.6176, -0.3198, -2.6176, -2.5678, -2.6109, -2.6276, -2.6014, -2.5938, -2.5880, -2.6129,
    -2.6023, -2.6104, -2.5842, -2.5972, -2.6253, -2.6483, -2.6027, -2.6073, -2.5978, -2.6110,
    -2.5767, -0.2625, -2.5833, -2.5833, -2.6047, -2.5875, -0.1933, -2.6029, -2.6064, -2.6069,
    -2.5835, -2.6029, -2.5975, -2.6064, -2.5546, -2.5983, -0.2930, -2.5742, -2.5510, -2.5662,
    -0.1446, -2.5810, -2.6080, -2.5113, -2.5620, -2.5643, -2.5831, -0.1255, -2.5577, -2.5784,
    -2.5774, -0.1048, -0.1149, -0.1732, -0.1542, -2.6071, -0.1388, -0.1505, -0.1232, -0.1241,
    -2.5804, -0.1353, -2.5661, -0.1470, -2.5288, -0.1093, -0.1087, -2.5857, -0.1043, -0.1043,
    -2.5526, -0.1107, -2.5786, -0.0984, -2.5474, -0.1236, -0.1686, -0.1685, -2.5782, -2.6116,
    -0.0991, -0.1315, -0.2093, -0.0856, -0.1061, -0.1549, -2.5776, -0.0962, -0.1119, -2.6099,
    -0.1445, -2.5709, -0.1190, -0.0994, -0.1583, -0.1345, -2.5982, -0.0980, -2.5776, -0.0914,
    -2.5301, -2.5824, -0.1172, -2.6026, -0.1093, -0.1079, -0.1267, -0.1071, -0.0988, -2.5729,
    -0.1235, -0.0965, -0.0768, -0.1874, -0.1966, -0.1288, -0.1225, -2.6063, -0.1414, -0.0860,
    -0.1345, -0.1223, -0.1223, -0.1070,
  ]

#### reward_range
  Points: 124
  Min: 0.3198, Max: 5.1483, Mean: 3.7593
  Data: [
    5.1176, 0.3198, 5.1176, 2.5678, 2.6109, 2.6276, 2.6014, 5.0938, 2.5880, 2.6129,
    5.1023, 5.1104, 5.0842, 5.0972, 5.1253, 5.1483, 5.1027, 2.6073, 5.0978, 5.1110,
    5.0767, 2.7625, 5.0833, 5.0833, 5.1047, 5.0875, 2.6933, 5.1029, 5.1064, 5.1069,
    5.0835, 5.1029, 5.0975, 5.1064, 5.0546, 5.0983, 2.7930, 5.0742, 5.0510, 5.0662,
    2.6446, 5.0810, 5.1080, 5.0113, 5.0620, 5.0643, 5.0831, 2.6255, 5.0577, 5.0784,
    5.0774, 2.6048, 2.6149, 2.6732, 2.6542, 5.1071, 2.6388, 2.6505, 2.6232, 2.6241,
    5.0804, 2.6353, 5.0661, 2.6470, 5.0288, 2.6093, 2.6087, 5.0857, 2.6043, 2.6043,
    5.0526, 2.6107, 5.0786, 2.5984, 5.0474, 2.6236, 2.6686, 2.6685, 5.0782, 5.1116,
    2.5991, 2.6315, 2.7093, 2.5856, 2.6061, 2.6549, 5.0776, 2.5962, 2.6119, 5.1099,
    2.6445, 5.0709, 2.6190, 2.5994, 2.6583, 2.6345, 5.0982, 2.5980, 5.0776, 2.5914,
    5.0301, 5.0824, 2.6172, 5.1026, 2.6093, 2.6079, 2.6267, 2.6071, 2.5988, 5.0729,
    2.6235, 2.5965, 2.5768, 2.6874, 2.6966, 2.6288, 2.6225, 5.1063, 2.6414, 2.5860,
    2.6345, 2.6223, 2.6223, 2.6070,
  ]

#### reward_variance
  Points: 124
  Min: 0.0058, Max: 0.1815, Mean: 0.0954
  Data: [
    0.0472, 0.0058, 0.0492, 0.0223, 0.0232, 0.0494, 0.0223, 0.0471, 0.0274, 0.0223,
    0.0559, 0.0579, 0.0474, 0.0478, 0.0812, 0.0841, 0.0748, 0.0484, 0.0815, 0.0373,
    0.0372, 0.0193, 0.0715, 0.0533, 0.0456, 0.0715, 0.0192, 0.0701, 0.0451, 0.0461,
    0.0544, 0.0545, 0.0515, 0.0670, 0.0697, 0.0852, 0.0748, 0.0515, 0.0535, 0.0439,
    0.0834, 0.1196, 0.0773, 0.0741, 0.0852, 0.0766, 0.0932, 0.0826, 0.1018, 0.0938,
    0.0680, 0.0911, 0.0825, 0.1074, 0.0587, 0.1016, 0.1294, 0.1067, 0.1143, 0.0908,
    0.1425, 0.0586, 0.1242, 0.0815, 0.0989, 0.1511, 0.0907, 0.1152, 0.0911, 0.1214,
    0.1065, 0.1069, 0.1083, 0.0982, 0.1014, 0.1441, 0.1377, 0.0989, 0.1614, 0.1386,
    0.1206, 0.1218, 0.1131, 0.1294, 0.1598, 0.1201, 0.0681, 0.1026, 0.1563, 0.1100,
    0.1043, 0.1326, 0.1141, 0.1497, 0.0970, 0.1453, 0.1367, 0.1375, 0.1485, 0.1142,
    0.1375, 0.1457, 0.1298, 0.0930, 0.1375, 0.1815, 0.1144, 0.1059, 0.1559, 0.1401,
    0.1654, 0.1355, 0.1037, 0.1490, 0.1225, 0.1150, 0.1523, 0.1305, 0.1224, 0.1669,
    0.1144, 0.1446, 0.1209, 0.1304,
  ]

#### sparse_actual_mean
  Points: 124
  Min: -2.0631, Max: 1.9271, Mean: 1.1602
  Data: [
    -1.2029, 0.0000, -0.4377, -1.9518, -1.9808, -1.9864, -1.9716, -0.3205, -2.0631, -1.9870,
    -0.6879, -0.6966, -0.4296, -0.4274, -0.1974, -0.2726, -0.5298, -1.9856, -0.6781, -0.9956,
    -0.0427, 1.8750, 0.9150, 1.2338, 1.0999, -0.0416, 1.8750, -0.4669, 0.3370, -0.4256,
    0.5925, 0.5859, 1.2283, 1.3999, 0.9231, 1.4884, 1.9118, 1.2355, 1.2399, 0.3437,
    1.8750, 1.0445, 1.4441, 1.4683, 1.4927, 1.4501, 1.5250, 1.8750, 1.5569, 1.1771,
    1.3948, 1.8750, 1.8750, 1.8750, 1.8750, 1.5517, 1.8750, 1.8750, 1.8750, 1.8750,
    1.4238, 1.8750, 1.6200, 1.9079, 1.5733, 1.8919, 1.8750, 1.6130, 1.8750, 1.8750,
    1.5952, 1.8750, 1.5793, 1.8750, 1.2400, 1.8929, 1.8750, 1.8750, 1.6939, 1.6584,
    1.8966, 1.8750, 1.8981, 1.8750, 1.8750, 1.8966, 1.3945, 1.9271, 1.9257, 1.2866,
    1.9000, 1.6351, 1.8750, 1.9097, 1.9022, 1.8750, 1.5146, 1.8750, 1.6614, 1.8750,
    1.6643, 1.6731, 1.8750, 1.5230, 1.8750, 1.8889, 1.8750, 1.8750, 1.9079, 1.6494,
    1.8902, 1.8939, 1.9000, 1.9097, 1.8750, 1.8750, 1.8750, 1.6449, 1.8750, 1.8750,
    1.8750, 1.8750, 1.8966, 1.8750,
  ]

#### sparse_pred_error
  Points: 124
  Min: 0.0000, Max: 1.8002, Mean: 0.0764
  Data: [
    1.8002, 0.0000, 0.3287, 0.2174, 0.0097, 0.1580, 0.1123, 0.3698, 0.0706, 0.0427,
    0.0303, 0.0390, 0.1236, 0.2844, 0.1785, 0.1885, 0.0835, 0.0173, 0.1651, 0.0479,
    0.2847, 0.0638, 0.0863, 0.2905, 0.0395, 0.0862, 0.0269, 0.1805, 0.0787, 0.0433,
    0.1445, 0.1926, 0.1607, 0.0733, 0.1088, 0.1325, 0.0991, 0.0456, 0.0094, 0.0157,
    0.0245, 0.0396, 0.0300, 0.0865, 0.0435, 0.0531, 0.0100, 0.0661, 0.1127, 0.0691,
    0.0312, 0.0892, 0.0172, 0.1174, 0.0063, 0.1897, 0.0361, 0.0681, 0.0239, 0.0208,
    0.0384, 0.0685, 0.0633, 0.0220, 0.0451, 0.0070, 0.0198, 0.0390, 0.0228, 0.0595,
    0.0031, 0.0032, 0.0455, 0.0163, 0.0321, 0.0219, 0.0248, 0.0046, 0.0573, 0.0087,
    0.1315, 0.0194, 0.0318, 0.0047, 0.0921, 0.0706, 0.0518, 0.0554, 0.0482, 0.0073,
    0.0349, 0.0817, 0.0053, 0.0057, 0.0192, 0.0384, 0.0174, 0.0056, 0.0095, 0.0019,
    0.0500, 0.0726, 0.0329, 0.0009, 0.0088, 0.0028, 0.0527, 0.0115, 0.0112, 0.0152,
    0.0145, 0.0535, 0.0156, 0.0055, 0.0021, 0.0027, 0.0299, 0.0537, 0.0049, 0.0267,
    0.0491, 0.0151, 0.0113, 0.0241,
  ]

#### sparse_pred_mean
  Points: 124
  Min: -2.0914, Max: 1.9408, Mean: 1.1585
  Data: [
    -0.2563, 0.0000, -0.4841, -1.7344, -1.9875, -2.0914, -1.9772, -0.1726, -2.0046, -1.9479,
    -0.6873, -0.6996, -0.5482, -0.2458, -0.1871, -0.1983, -0.4512, -1.9828, -0.7424, -0.9649,
    -0.3050, 1.8423, 0.9329, 1.5078, 1.1339, -0.0744, 1.8780, -0.6385, 0.2618, -0.4424,
    0.4491, 0.7452, 1.0717, 1.3646, 0.8173, 1.4146, 1.8136, 1.1968, 1.2337, 0.3312,
    1.8909, 1.0658, 1.4275, 1.5443, 1.5272, 1.4997, 1.5208, 1.8186, 1.6664, 1.1184,
    1.3699, 1.8383, 1.8897, 1.7579, 1.8812, 1.3956, 1.8405, 1.9408, 1.8530, 1.8569,
    1.4602, 1.8219, 1.5816, 1.9115, 1.5343, 1.8884, 1.8557, 1.6069, 1.8525, 1.8156,
    1.5933, 1.8746, 1.5496, 1.8796, 1.2157, 1.8738, 1.8918, 1.8730, 1.6380, 1.6634,
    1.7655, 1.8676, 1.9244, 1.8770, 1.7834, 1.8368, 1.3496, 1.8724, 1.8974, 1.2847,
    1.9313, 1.6998, 1.8711, 1.9125, 1.9118, 1.9100, 1.5141, 1.8751, 1.6633, 1.8743,
    1.7010, 1.6029, 1.8465, 1.5234, 1.8819, 1.8884, 1.8872, 1.8664, 1.8992, 1.6554,
    1.8985, 1.8418, 1.8848, 1.9061, 1.8731, 1.8758, 1.8482, 1.6032, 1.8737, 1.8887,
    1.9206, 1.8671, 1.8870, 1.8513,
  ]

#### sparse_sign_accuracy
  Points: 124
  Min: 0.0000, Max: 1.0000, Mean: 0.9903
  Data: [
    0.8000, 0.0000, 1.0000, 1.0000, 1.0000, 1.0000, 1.0000, 1.0000, 1.0000, 1.0000,
    1.0000, 1.0000, 1.0000, 1.0000, 1.0000, 1.0000, 1.0000, 1.0000, 1.0000, 1.0000,
    1.0000, 1.0000, 1.0000, 1.0000, 1.0000, 1.0000, 1.0000, 1.0000, 1.0000, 1.0000,
    1.0000, 1.0000, 1.0000, 1.0000, 1.0000, 1.0000, 1.0000, 1.0000, 1.0000, 1.0000,
    1.0000, 1.0000, 1.0000, 1.0000, 1.0000, 1.0000, 1.0000, 1.0000, 1.0000, 1.0000,
    1.0000, 1.0000, 1.0000, 1.0000, 1.0000, 1.0000, 1.0000, 1.0000, 1.0000, 1.0000,
    1.0000, 1.0000, 1.0000, 1.0000, 1.0000, 1.0000, 1.0000, 1.0000, 1.0000, 1.0000,
    1.0000, 1.0000, 1.0000, 1.0000, 1.0000, 1.0000, 1.0000, 1.0000, 1.0000, 1.0000,
    1.0000, 1.0000, 1.0000, 1.0000, 1.0000, 1.0000, 1.0000, 1.0000, 1.0000, 1.0000,
    1.0000, 1.0000, 1.0000, 1.0000, 1.0000, 1.0000, 1.0000, 1.0000, 1.0000, 1.0000,
    1.0000, 1.0000, 1.0000, 1.0000, 1.0000, 1.0000, 1.0000, 1.0000, 1.0000, 1.0000,
    1.0000, 1.0000, 1.0000, 1.0000, 1.0000, 1.0000, 1.0000, 1.0000, 1.0000, 1.0000,
    1.0000, 1.0000, 1.0000, 1.0000,
  ]

#### sparse_vs_nonsparse_error_ratio
  Points: 124
  Min: 0.0000, Max: 34.0957, Mean: 6.0623
  Data: [
    9.0738, 0.0000, 15.1888, 14.5802, 0.6370, 8.8516, 6.4544, 18.1303, 4.6507, 2.9326,
    1.5711, 2.7662, 10.3114, 16.3180, 7.7762, 8.7636, 5.9582, 1.3919, 10.9637, 3.4769,
    34.0957, 5.5417, 5.0726, 13.8420, 3.3618, 8.3172, 2.5746, 7.4158, 9.4025, 3.8917,
    9.0274, 19.3809, 16.5553, 9.5972, 7.7514, 13.4458, 11.5384, 3.4759, 1.8704, 1.4672,
    1.9717, 3.2767, 3.5286, 7.8882, 5.3529, 11.0280, 0.8489, 9.8197, 7.4079, 6.4740,
    4.3334, 11.4210, 1.8189, 9.6150, 1.2847, 22.9674, 7.5038, 6.9647, 4.1052, 3.7823,
    3.4916, 16.9682, 10.0032, 2.8658, 3.9829, 0.6196, 3.4468, 5.0384, 3.6580, 9.7610,
    0.2639, 0.5537, 9.0450, 3.5345, 7.6271, 3.6037, 3.3313, 0.9842, 4.3129, 1.2938,
    18.9406, 3.2160, 5.0638, 0.9627, 6.9937, 11.9172, 7.9003, 8.8354, 5.6155, 1.5511,
    6.5717, 9.3618, 0.9362, 0.7035, 3.5164, 3.3426, 3.7597, 1.1730, 2.0774, 0.5539,
    8.0734, 11.5030, 4.0293, 0.1857, 1.6643, 0.6275, 4.0422, 1.9465, 1.9257, 1.5886,
    2.1441, 9.6135, 1.6012, 0.8302, 0.1899, 0.3770, 5.9415, 6.9741, 0.6760, 4.6357,
    9.0195, 2.0068, 1.7494, 4.1834,
  ]

#### sparse_weight_applied
  Points: 124
  Min: 0.0000, Max: 100.0000, Mean: 51.2307
  Data: [
    98.2000, 0.0000, 98.2000, 100.0000, 100.0000, 98.2000, 100.0000, 100.0000, 100.0000, 100.0000,
    81.6667, 81.6667, 98.2000, 98.2000, 57.3529, 54.1111, 61.0000, 98.2000, 54.1111, 100.0000,
    100.0000, 100.0000, 61.0000, 81.6667, 98.2000, 61.0000, 100.0000, 65.1333, 98.2000, 98.2000,
    81.6667, 81.6667, 89.1818, 65.1333, 61.0000, 48.6000, 57.3529, 81.6667, 81.6667, 98.2000,
    48.6000, 35.7407, 54.1111, 57.3529, 48.6000, 54.1111, 44.0909, 48.6000, 40.3333, 44.0909,
    61.0000, 44.0909, 48.6000, 37.1538, 69.8571, 40.3333, 30.0000, 37.1538, 34.4286, 44.0909,
    28.1765, 69.8571, 32.0667, 51.2105, 42.1304, 25.8108, 44.0909, 35.7407, 44.0909, 32.0667,
    38.6800, 37.1538, 37.1538, 40.3333, 40.3333, 27.3429, 28.1765, 40.3333, 24.4359, 29.0606,
    33.2069, 32.0667, 35.7407, 30.0000, 23.8000, 33.2069, 61.0000, 40.3333, 25.8108, 37.1538,
    38.6800, 30.0000, 34.4286, 26.5556, 42.1304, 26.5556, 30.0000, 28.1765, 26.5556, 34.4286,
    29.0606, 27.3429, 30.0000, 44.0909, 28.1765, 21.0444, 34.4286, 37.1538, 25.1053, 28.1765,
    23.1951, 29.0606, 38.6800, 26.5556, 32.0667, 34.4286, 25.1053, 31.0000, 32.0667, 22.6190,
    34.4286, 26.5556, 33.2069, 30.0000,
  ]

#### unweighted_reward_loss
  Points: 124
  Min: 0.1326, Max: 1.8956, Mean: 0.2427
  Data: [
    1.8956, 0.4539, 0.4420, 0.3703, 0.4012, 0.4039, 0.3624, 0.3583, 0.3561, 0.3484,
    0.3326, 0.2951, 0.2974, 0.3705, 0.3720, 0.3090, 0.3250, 0.3080, 0.3143, 0.2622,
    0.1984, 0.2798, 0.2974, 0.3004, 0.2827, 0.2466, 0.2454, 0.3015, 0.2419, 0.2675,
    0.2937, 0.2100, 0.2250, 0.1797, 0.2105, 0.2353, 0.2113, 0.2148, 0.1825, 0.1903,
    0.2028, 0.2918, 0.2405, 0.2013, 0.2251, 0.1785, 0.2347, 0.1802, 0.2973, 0.1755,
    0.1638, 0.2045, 0.1841, 0.2386, 0.1471, 0.2281, 0.1875, 0.1970, 0.2105, 0.1668,
    0.2359, 0.1326, 0.2193, 0.1770, 0.2262, 0.2176, 0.1611, 0.2136, 0.1820, 0.1808,
    0.2230, 0.2019, 0.1852, 0.1669, 0.1687, 0.2217, 0.1974, 0.1687, 0.2401, 0.1907,
    0.2126, 0.1830, 0.1815, 0.1805, 0.2503, 0.1797, 0.1845, 0.1586, 0.2546, 0.1659,
    0.1707, 0.2257, 0.1882, 0.2224, 0.1801, 0.2468, 0.1694, 0.1940, 0.2218, 0.1671,
    0.1742, 0.2172, 0.2018, 0.1616, 0.1903, 0.2286, 0.2098, 0.1649, 0.1731, 0.2395,
    0.2134, 0.1867, 0.1664, 0.1651, 0.2030, 0.2231, 0.1791, 0.2025, 0.1904, 0.1828,
    0.1824, 0.2028, 0.2212, 0.2159,
  ]

#### value_lambda_gap_abs_mean
  Points: 124
  Min: 0.1001, Max: 1.6562, Mean: 0.2446
  Data: [
    1.6562, 0.6467, 0.5336, 0.5826, 0.4695, 0.4665, 0.5522, 0.4646, 0.4107, 0.4592,
    0.4834, 0.3741, 0.4759, 0.5584, 0.4815, 0.4661, 0.3703, 0.4028, 0.4333, 0.3288,
    0.3227, 0.3235, 0.3567, 0.3260, 0.3886, 0.3489, 0.4390, 0.4402, 0.3638, 0.4083,
    0.4267, 0.4437, 0.3342, 0.3236, 0.4193, 0.2889, 0.2668, 0.2829, 0.2396, 0.2878,
    0.2317, 0.2331, 0.2342, 0.1881, 0.2429, 0.1836, 0.1917, 0.2098, 0.1964, 0.2140,
    0.1874, 0.1719, 0.1640, 0.1734, 0.1681, 0.1682, 0.1368, 0.1534, 0.1424, 0.1405,
    0.1456, 0.1568, 0.1575, 0.1569, 0.1622, 0.2100, 0.1579, 0.1553, 0.1390, 0.1592,
    0.1634, 0.1445, 0.1683, 0.1475, 0.1669, 0.1346, 0.1573, 0.1079, 0.1370, 0.1509,
    0.1342, 0.1560, 0.1607, 0.1164, 0.1507, 0.1240, 0.1473, 0.1346, 0.1140, 0.1457,
    0.1141, 0.1275, 0.1198, 0.1266, 0.1355, 0.1776, 0.1330, 0.1210, 0.1228, 0.1001,
    0.1609, 0.1266, 0.1442, 0.1379, 0.1099, 0.1459, 0.1567, 0.1184, 0.1145, 0.1561,
    0.1292, 0.1305, 0.1099, 0.1153, 0.1995, 0.1398, 0.1172, 0.1337, 0.1459, 0.1129,
    0.1275, 0.1191, 0.1339, 0.1295,
  ]

#### value_lambda_gap_mean
  Points: 124
  Min: -1.6562, Max: 0.0754, Mean: -0.0118
  Data: [
    -1.6562, -0.1259, -0.0320, -0.1103, 0.0595, -0.0869, -0.1041, -0.1480, -0.0093, -0.0530,
    -0.0757, -0.1111, -0.1527, -0.0521, -0.0626, 0.0325, -0.0292, -0.0882, 0.0254, -0.0234,
    -0.0394, 0.0034, -0.0364, 0.0202, 0.0744, 0.0574, 0.0525, 0.0754, -0.0204, 0.0175,
    0.0465, 0.0387, 0.0204, 0.0115, 0.0526, 0.0532, 0.0374, -0.0052, 0.0108, -0.0264,
    0.0012, 0.0229, 0.0038, 0.0206, 0.0406, 0.0065, 0.0282, 0.0046, 0.0253, -0.0003,
    0.0497, 0.0469, -0.0157, 0.0121, 0.0268, 0.0137, 0.0251, 0.0305, -0.0068, 0.0196,
    -0.0046, -0.0094, 0.0071, 0.0115, -0.0016, 0.0008, -0.0145, 0.0001, 0.0125, 0.0339,
    0.0059, 0.0011, 0.0201, -0.0001, 0.0168, -0.0026, 0.0106, 0.0115, 0.0375, 0.0172,
    0.0075, 0.0236, 0.0102, 0.0054, 0.0200, -0.0218, 0.0097, 0.0206, -0.0018, 0.0049,
    0.0088, -0.0014, 0.0027, 0.0202, 0.0167, 0.0487, 0.0178, 0.0054, -0.0006, 0.0040,
    -0.0144, -0.0014, 0.0256, 0.0032, 0.0118, -0.0082, 0.0185, 0.0047, 0.0021, 0.0081,
    -0.0011, 0.0039, 0.0293, 0.0038, 0.0070, 0.0256, 0.0071, 0.0122, -0.0021, 0.0249,
    -0.0006, 0.0103, 0.0174, 0.0006,
  ]

#### weighted_reward_loss
  Points: 124
  Min: 0.2271, Max: 2.3229, Mean: 0.3365
  Data: [
    2.3229, 0.4539, 0.6426, 0.4578, 0.4362, 0.5783, 0.4307, 0.6282, 0.3774, 0.4103,
    0.3965, 0.3833, 0.4021, 0.5733, 0.4885, 0.4805, 0.4208, 0.4245, 0.4399, 0.3400,
    0.5527, 0.3009, 0.3602, 0.6497, 0.3371, 0.3654, 0.2685, 0.5228, 0.3428, 0.3467,
    0.4784, 0.4692, 0.3858, 0.2916, 0.3610, 0.3428, 0.2942, 0.2916, 0.2546, 0.2843,
    0.2636, 0.3342, 0.2963, 0.3814, 0.2910, 0.2774, 0.2817, 0.2705, 0.3949, 0.2863,
    0.2554, 0.3060, 0.2514, 0.4237, 0.2271, 0.4782, 0.2628, 0.3190, 0.2655, 0.2443,
    0.2960, 0.2531, 0.2967, 0.2450, 0.2801, 0.2599, 0.2390, 0.2784, 0.2497, 0.2744,
    0.2650, 0.2523, 0.2701, 0.2405, 0.2527, 0.2667, 0.2622, 0.2357, 0.3288, 0.2542,
    0.3682, 0.2488, 0.2596, 0.2417, 0.3270, 0.2856, 0.2788, 0.2832, 0.3125, 0.2462,
    0.2525, 0.3205, 0.2457, 0.2603, 0.2465, 0.3024, 0.2451, 0.2488, 0.2701, 0.2336,
    0.2762, 0.3094, 0.2636, 0.2416, 0.2489, 0.2637, 0.2850, 0.2356, 0.2364, 0.2820,
    0.2625, 0.2699, 0.2361, 0.2301, 0.2519, 0.2629, 0.2564, 0.2823, 0.2466, 0.2568,
    0.2717, 0.2567, 0.2630, 0.2664,
  ]


### AUX
#### goal_accuracy
  Points: 124
  Min: 0.9315, Max: 0.9970, Mean: 0.9708
  Data: [
    0.9395, 0.9970, 0.9516, 0.9657, 0.9879, 0.9688, 0.9899, 0.9768, 0.9859, 0.9940,
    0.9536, 0.9768, 0.9788, 0.9567, 0.9496, 0.9758, 0.9708, 0.9698, 0.9607, 0.9677,
    0.9778, 0.9778, 0.9536, 0.9798, 0.9758, 0.9768, 0.9708, 0.9536, 0.9637, 0.9859,
    0.9647, 0.9607, 0.9768, 0.9688, 0.9677, 0.9768, 0.9667, 0.9556, 0.9859, 0.9819,
    0.9738, 0.9597, 0.9688, 0.9748, 0.9889, 0.9829, 0.9567, 0.9798, 0.9829, 0.9657,
    0.9829, 0.9758, 0.9849, 0.9667, 0.9677, 0.9718, 0.9829, 0.9768, 0.9667, 0.9778,
    0.9808, 0.9677, 0.9829, 0.9657, 0.9718, 0.9607, 0.9808, 0.9698, 0.9869, 0.9435,
    0.9486, 0.9728, 0.9607, 0.9808, 0.9758, 0.9516, 0.9798, 0.9798, 0.9405, 0.9617,
    0.9688, 0.9718, 0.9708, 0.9798, 0.9315, 0.9829, 0.9627, 0.9718, 0.9738, 0.9748,
    0.9698, 0.9698, 0.9798, 0.9728, 0.9728, 0.9587, 0.9657, 0.9516, 0.9627, 0.9859,
    0.9788, 0.9577, 0.9808, 0.9708, 0.9829, 0.9738, 0.9808, 0.9577, 0.9627, 0.9637,
    0.9556, 0.9819, 0.9587, 0.9708, 0.9688, 0.9718, 0.9929, 0.9546, 0.9667, 0.9819,
    0.9788, 0.9778, 0.9758, 0.9688,
  ]

#### goal_loss
  Points: 124
  Min: 0.0155, Max: 0.2487, Mean: 0.0722
  Data: [
    0.2487, 0.0155, 0.1096, 0.0718, 0.0307, 0.0643, 0.0423, 0.0457, 0.0363, 0.0181,
    0.1102, 0.0669, 0.0554, 0.1097, 0.1155, 0.0668, 0.0692, 0.0722, 0.1107, 0.1148,
    0.0828, 0.0607, 0.1303, 0.0571, 0.0767, 0.0691, 0.0609, 0.1329, 0.0918, 0.0437,
    0.0846, 0.0920, 0.0622, 0.0729, 0.0738, 0.0600, 0.0769, 0.1001, 0.0502, 0.0481,
    0.0731, 0.0829, 0.0835, 0.0533, 0.0389, 0.0539, 0.0873, 0.0686, 0.0472, 0.0881,
    0.0455, 0.0444, 0.0490, 0.0827, 0.0849, 0.0750, 0.0416, 0.0600, 0.0830, 0.0632,
    0.0501, 0.0692, 0.0435, 0.0893, 0.0670, 0.0945, 0.0445, 0.0928, 0.0375, 0.1080,
    0.1102, 0.0671, 0.0781, 0.0358, 0.0589, 0.0946, 0.0496, 0.0527, 0.1247, 0.0800,
    0.0798, 0.0705, 0.0514, 0.0559, 0.1641, 0.0402, 0.1074, 0.0651, 0.0573, 0.0627,
    0.0633, 0.0718, 0.0477, 0.0642, 0.0589, 0.1120, 0.0888, 0.0944, 0.0838, 0.0408,
    0.0583, 0.0944, 0.0549, 0.0702, 0.0475, 0.0572, 0.0541, 0.1052, 0.0712, 0.0805,
    0.1035, 0.0480, 0.0867, 0.0707, 0.0749, 0.0659, 0.0233, 0.0890, 0.0787, 0.0530,
    0.0551, 0.0510, 0.0590, 0.0659,
  ]

#### goal_positive_rate
  Points: 124
  Min: 0.0000, Max: 0.2843, Mean: 0.1412
  Data: [
    0.0605, 0.0000, 0.0756, 0.0323, 0.0323, 0.0716, 0.0292, 0.0494, 0.0333, 0.0181,
    0.0817, 0.0706, 0.0454, 0.0494, 0.1069, 0.0988, 0.0958, 0.0746, 0.0978, 0.0413,
    0.0373, 0.0222, 0.0988, 0.0655, 0.0665, 0.0847, 0.0323, 0.1008, 0.0544, 0.0534,
    0.0817, 0.0857, 0.0625, 0.1028, 0.1240, 0.1048, 0.1159, 0.0615, 0.0847, 0.0565,
    0.1139, 0.1784, 0.1179, 0.1008, 0.1230, 0.1200, 0.1240, 0.1442, 0.1653, 0.1321,
    0.0988, 0.1250, 0.1341, 0.1935, 0.0907, 0.1583, 0.1804, 0.1804, 0.1784, 0.1270,
    0.2248, 0.1048, 0.1925, 0.1230, 0.1159, 0.2480, 0.1492, 0.1815, 0.1260, 0.1663,
    0.1512, 0.1825, 0.1532, 0.1401, 0.1633, 0.2389, 0.2137, 0.1714, 0.2843, 0.1724,
    0.1804, 0.2117, 0.1704, 0.1986, 0.2218, 0.1472, 0.0978, 0.1573, 0.2288, 0.1401,
    0.1673, 0.1663, 0.1653, 0.2319, 0.1663, 0.2077, 0.1643, 0.2359, 0.2510, 0.1946,
    0.2137, 0.2248, 0.2188, 0.1462, 0.2298, 0.2520, 0.1966, 0.1472, 0.2137, 0.2440,
    0.2712, 0.1704, 0.1613, 0.1855, 0.1774, 0.1925, 0.2016, 0.1925, 0.1825, 0.2530,
    0.1845, 0.2087, 0.1714, 0.2157,
  ]

#### goal_pred_positive_rate
  Points: 124
  Min: 0.0000, Max: 0.2752, Mean: 0.1364
  Data: [
    0.0000, 0.0030, 0.0292, 0.0262, 0.0262, 0.0565, 0.0312, 0.0262, 0.0272, 0.0161,
    0.0554, 0.0534, 0.0403, 0.0383, 0.0665, 0.1028, 0.0766, 0.0524, 0.0625, 0.0534,
    0.0192, 0.0343, 0.0585, 0.0655, 0.0605, 0.0696, 0.0373, 0.0887, 0.0423, 0.0454,
    0.0625, 0.0665, 0.0534, 0.0796, 0.1058, 0.0998, 0.0968, 0.0675, 0.0827, 0.0524,
    0.0897, 0.1663, 0.0948, 0.0897, 0.1200, 0.1048, 0.1310, 0.1321, 0.1542, 0.1240,
    0.1079, 0.1310, 0.1230, 0.1845, 0.1190, 0.1462, 0.1855, 0.1956, 0.1673, 0.1431,
    0.2077, 0.1149, 0.1875, 0.1331, 0.1260, 0.2752, 0.1603, 0.1774, 0.1149, 0.1603,
    0.1804, 0.1694, 0.1542, 0.1431, 0.1512, 0.1986, 0.2177, 0.1593, 0.2571, 0.1784,
    0.1552, 0.2097, 0.1794, 0.1986, 0.1956, 0.1583, 0.1069, 0.1754, 0.2228, 0.1532,
    0.1552, 0.1845, 0.1694, 0.2429, 0.1714, 0.2087, 0.1663, 0.2419, 0.2379, 0.1865,
    0.2067, 0.2026, 0.2258, 0.1431, 0.2409, 0.2359, 0.2056, 0.1653, 0.2349, 0.2298,
    0.2631, 0.1865, 0.1623, 0.2006, 0.2006, 0.1966, 0.2046, 0.1935, 0.1875, 0.2490,
    0.1774, 0.1986, 0.1633, 0.2147,
  ]

#### puck_goal_dist_actual_mean
  Points: 124
  Min: 2.2230, Max: 3.6497, Mean: 2.7351
  Data: [
    3.4831, 3.4862, 3.6497, 3.4400, 3.6049, 3.5626, 3.4275, 3.3383, 3.5008, 3.4922,
    3.2966, 3.1506, 3.0758, 3.0596, 3.2708, 2.9375, 3.3129, 3.1928, 2.9066, 2.9937,
    2.7735, 3.0390, 2.7690, 2.8476, 3.0966, 2.6472, 3.0638, 3.0658, 3.1274, 3.0902,
    3.1128, 2.8970, 2.9971, 2.4302, 2.7864, 2.6781, 2.6481, 2.5689, 2.9133, 2.5484,
    2.6651, 3.0598, 3.0938, 2.5124, 2.8766, 2.7852, 2.8915, 2.5132, 2.9185, 2.3107,
    2.5228, 2.4998, 2.5504, 2.6284, 2.5878, 2.6485, 2.6594, 2.5735, 2.6053, 2.6122,
    2.6136, 2.6119, 2.8373, 2.4509, 2.7370, 2.5550, 2.5393, 2.6279, 2.4942, 2.4938,
    2.5685, 2.5842, 2.4695, 2.5626, 2.5902, 2.6466, 2.5722, 2.4948, 2.5344, 2.4007,
    2.6591, 2.4797, 2.5054, 2.4956, 2.5121, 2.4504, 2.8038, 2.4069, 2.8265, 2.5121,
    2.5429, 2.6137, 2.5395, 2.5549, 2.3871, 2.6882, 2.4827, 2.6937, 2.5132, 2.4122,
    2.3830, 2.5860, 2.4987, 2.5168, 2.5570, 2.7583, 2.6001, 2.4358, 2.4222, 2.6219,
    2.4662, 2.4523, 2.2230, 2.2659, 2.5083, 2.7210, 2.2975, 2.5121, 2.4996, 2.4830,
    2.4425, 2.4759, 2.6721, 2.4905,
  ]

#### puck_goal_dist_error
  Points: 124
  Min: 0.0684, Max: 1.2223, Mean: 0.1128
  Data: [
    1.2223, 0.1848, 0.1744, 0.1867, 0.1380, 0.1251, 0.1612, 0.1388, 0.1303, 0.1533,
    0.1433, 0.1195, 0.1361, 0.1462, 0.1316, 0.1373, 0.1381, 0.1444, 0.1302, 0.1527,
    0.1431, 0.1315, 0.1234, 0.1323, 0.1305, 0.1395, 0.1426, 0.1074, 0.1274, 0.1147,
    0.1198, 0.1296, 0.1139, 0.1174, 0.1328, 0.1231, 0.1115, 0.1045, 0.1099, 0.1144,
    0.1064, 0.1273, 0.1103, 0.1059, 0.0970, 0.0962, 0.1101, 0.0888, 0.1023, 0.0974,
    0.1061, 0.0986, 0.0930, 0.0877, 0.1040, 0.0905, 0.0932, 0.0907, 0.0922, 0.1037,
    0.0983, 0.0960, 0.1114, 0.1066, 0.0972, 0.0838, 0.0932, 0.0979, 0.0835, 0.1001,
    0.0806, 0.0843, 0.0921, 0.0865, 0.0951, 0.0857, 0.0852, 0.0850, 0.0875, 0.0909,
    0.0827, 0.0801, 0.0904, 0.1002, 0.0906, 0.0825, 0.0948, 0.0850, 0.0904, 0.0883,
    0.0901, 0.0839, 0.0760, 0.0860, 0.0756, 0.0921, 0.0696, 0.0856, 0.0828, 0.0823,
    0.0757, 0.0803, 0.0761, 0.0855, 0.0896, 0.0822, 0.0848, 0.0874, 0.0771, 0.0916,
    0.0724, 0.0751, 0.0780, 0.0781, 0.0914, 0.0824, 0.0684, 0.0829, 0.0895, 0.0853,
    0.0829, 0.0818, 0.0897, 0.0851,
  ]

#### puck_goal_dist_loss
  Points: 124
  Min: 0.0101, Max: 2.6380, Mean: 0.0456
  Data: [
    2.6380, 0.0767, 0.0635, 0.0650, 0.0419, 0.0326, 0.0482, 0.0415, 0.0336, 0.0508,
    0.0419, 0.0309, 0.0367, 0.0416, 0.0383, 0.0447, 0.0405, 0.0466, 0.0381, 0.0428,
    0.0421, 0.0350, 0.0321, 0.0335, 0.0345, 0.0408, 0.0404, 0.0234, 0.0347, 0.0278,
    0.0290, 0.0386, 0.0291, 0.0331, 0.0332, 0.0285, 0.0253, 0.0227, 0.0244, 0.0263,
    0.0221, 0.0331, 0.0266, 0.0284, 0.0174, 0.0188, 0.0292, 0.0176, 0.0267, 0.0195,
    0.0241, 0.0195, 0.0191, 0.0160, 0.0229, 0.0220, 0.0199, 0.0185, 0.0183, 0.0229,
    0.0191, 0.0171, 0.0277, 0.0242, 0.0216, 0.0143, 0.0185, 0.0217, 0.0148, 0.0217,
    0.0125, 0.0164, 0.0178, 0.0159, 0.0202, 0.0145, 0.0157, 0.0145, 0.0169, 0.0205,
    0.0136, 0.0141, 0.0221, 0.0266, 0.0197, 0.0142, 0.0184, 0.0157, 0.0233, 0.0166,
    0.0195, 0.0154, 0.0124, 0.0145, 0.0151, 0.0202, 0.0106, 0.0167, 0.0284, 0.0157,
    0.0138, 0.0160, 0.0130, 0.0165, 0.0161, 0.0157, 0.0162, 0.0168, 0.0112, 0.0181,
    0.0118, 0.0127, 0.0126, 0.0117, 0.0173, 0.0152, 0.0101, 0.0173, 0.0176, 0.0201,
    0.0159, 0.0141, 0.0161, 0.0151,
  ]

#### puck_goal_dist_pred_mean
  Points: 124
  Min: 2.1959, Max: 3.6702, Mean: 2.7379
  Data: [
    3.5221, 3.4958, 3.6702, 3.5504, 3.6100, 3.5501, 3.5135, 3.3708, 3.4498, 3.5073,
    3.2728, 3.1343, 3.0942, 3.1309, 3.3098, 2.9643, 3.3098, 3.2380, 2.9345, 3.0617,
    2.7249, 3.0144, 2.7604, 2.8924, 3.0887, 2.6372, 2.9917, 3.0637, 3.1140, 3.1026,
    3.1465, 2.8591, 2.9840, 2.4667, 2.8508, 2.6144, 2.6560, 2.5832, 2.8786, 2.5660,
    2.6623, 2.9996, 3.0904, 2.5274, 2.8773, 2.7956, 2.8948, 2.5139, 2.8857, 2.3196,
    2.5316, 2.4803, 2.5310, 2.6274, 2.6249, 2.6499, 2.6719, 2.5510, 2.6430, 2.5989,
    2.5923, 2.6307, 2.8820, 2.4973, 2.7375, 2.5525, 2.5412, 2.6045, 2.4856, 2.5239,
    2.5506, 2.5885, 2.4785, 2.5710, 2.6050, 2.6806, 2.5750, 2.4722, 2.5200, 2.3817,
    2.6706, 2.5006, 2.5333, 2.4683, 2.5065, 2.4520, 2.8289, 2.3849, 2.8548, 2.5319,
    2.5752, 2.5864, 2.5294, 2.5318, 2.3691, 2.6681, 2.4732, 2.6561, 2.4910, 2.4204,
    2.3999, 2.5741, 2.4933, 2.5064, 2.5446, 2.7610, 2.5857, 2.4235, 2.4337, 2.6319,
    2.4481, 2.4423, 2.1959, 2.2850, 2.4997, 2.7401, 2.3028, 2.4937, 2.4939, 2.4835,
    2.4412, 2.4824, 2.6922, 2.4832,
  ]

#### shot_quality_actual_mean
  Points: 124
  Min: 0.0400, Max: 0.1790, Mean: 0.1308
  Data: [
    0.0715, 0.0400, 0.0582, 0.0578, 0.0565, 0.0404, 0.0597, 0.0677, 0.0460, 0.0643,
    0.0822, 0.1024, 0.0946, 0.1057, 0.1080, 0.1249, 0.0835, 0.0811, 0.1181, 0.0968,
    0.1335, 0.0903, 0.1438, 0.1365, 0.1100, 0.1443, 0.1103, 0.0894, 0.0973, 0.0870,
    0.1122, 0.1326, 0.1081, 0.1618, 0.1299, 0.1513, 0.1356, 0.1417, 0.1022, 0.1187,
    0.1498, 0.1154, 0.1048, 0.1587, 0.1093, 0.1165, 0.1273, 0.1430, 0.1173, 0.1774,
    0.1299, 0.1242, 0.1296, 0.1456, 0.1583, 0.1319, 0.1478, 0.1588, 0.1401, 0.1475,
    0.1397, 0.1293, 0.1299, 0.1483, 0.1223, 0.1567, 0.1290, 0.1400, 0.1339, 0.1435,
    0.1479, 0.1524, 0.1284, 0.1464, 0.1493, 0.1260, 0.1586, 0.1416, 0.1527, 0.1611,
    0.1417, 0.1503, 0.1552, 0.1530, 0.1549, 0.1629, 0.1165, 0.1560, 0.1246, 0.1568,
    0.1573, 0.1561, 0.1429, 0.1503, 0.1597, 0.1399, 0.1478, 0.1362, 0.1558, 0.1593,
    0.1645, 0.1393, 0.1611, 0.1636, 0.1361, 0.1292, 0.1371, 0.1608, 0.1659, 0.1280,
    0.1725, 0.1578, 0.1646, 0.1790, 0.1437, 0.1328, 0.1684, 0.1425, 0.1537, 0.1648,
    0.1639, 0.1636, 0.1344, 0.1538,
  ]

#### shot_quality_loss
  Points: 124
  Min: 0.0002, Max: 0.0283, Mean: 0.0011
  Data: [
    0.0283, 0.0022, 0.0015, 0.0011, 0.0009, 0.0010, 0.0010, 0.0013, 0.0011, 0.0007,
    0.0010, 0.0012, 0.0010, 0.0013, 0.0015, 0.0014, 0.0012, 0.0016, 0.0012, 0.0014,
    0.0016, 0.0010, 0.0015, 0.0018, 0.0010, 0.0019, 0.0016, 0.0007, 0.0008, 0.0006,
    0.0009, 0.0012, 0.0009, 0.0011, 0.0011, 0.0012, 0.0011, 0.0007, 0.0007, 0.0012,
    0.0013, 0.0010, 0.0008, 0.0010, 0.0010, 0.0009, 0.0008, 0.0005, 0.0007, 0.0010,
    0.0008, 0.0010, 0.0011, 0.0009, 0.0013, 0.0007, 0.0007, 0.0006, 0.0007, 0.0010,
    0.0008, 0.0006, 0.0007, 0.0005, 0.0011, 0.0005, 0.0008, 0.0007, 0.0008, 0.0007,
    0.0007, 0.0010, 0.0005, 0.0009, 0.0010, 0.0007, 0.0006, 0.0006, 0.0005, 0.0009,
    0.0012, 0.0005, 0.0005, 0.0011, 0.0008, 0.0009, 0.0004, 0.0006, 0.0007, 0.0010,
    0.0005, 0.0006, 0.0007, 0.0005, 0.0005, 0.0005, 0.0005, 0.0006, 0.0006, 0.0003,
    0.0006, 0.0005, 0.0006, 0.0006, 0.0005, 0.0006, 0.0006, 0.0009, 0.0005, 0.0006,
    0.0007, 0.0004, 0.0008, 0.0007, 0.0013, 0.0005, 0.0002, 0.0011, 0.0008, 0.0005,
    0.0010, 0.0006, 0.0012, 0.0010,
  ]

#### shot_quality_pred_mean
  Points: 124
  Min: 0.0400, Max: 0.1808, Mean: 0.1305
  Data: [
    0.0585, 0.0400, 0.0575, 0.0521, 0.0538, 0.0411, 0.0537, 0.0644, 0.0508, 0.0637,
    0.0828, 0.0990, 0.0984, 0.1020, 0.1042, 0.1233, 0.0824, 0.0758, 0.1184, 0.0934,
    0.1370, 0.0906, 0.1429, 0.1343, 0.1113, 0.1430, 0.1169, 0.0925, 0.1000, 0.0898,
    0.1116, 0.1336, 0.1119, 0.1597, 0.1282, 0.1482, 0.1406, 0.1410, 0.1036, 0.1155,
    0.1569, 0.1170, 0.1060, 0.1557, 0.1094, 0.1140, 0.1258, 0.1437, 0.1215, 0.1736,
    0.1284, 0.1203, 0.1309, 0.1496, 0.1594, 0.1269, 0.1440, 0.1599, 0.1408, 0.1448,
    0.1417, 0.1262, 0.1262, 0.1482, 0.1210, 0.1581, 0.1295, 0.1385, 0.1325, 0.1453,
    0.1495, 0.1520, 0.1268, 0.1471, 0.1476, 0.1278, 0.1595, 0.1395, 0.1517, 0.1605,
    0.1388, 0.1475, 0.1559, 0.1532, 0.1497, 0.1637, 0.1166, 0.1601, 0.1226, 0.1562,
    0.1557, 0.1564, 0.1449, 0.1502, 0.1598, 0.1389, 0.1479, 0.1364, 0.1618, 0.1598,
    0.1650, 0.1367, 0.1594, 0.1656, 0.1364, 0.1315, 0.1375, 0.1616, 0.1601, 0.1315,
    0.1734, 0.1622, 0.1619, 0.1808, 0.1415, 0.1310, 0.1679, 0.1438, 0.1559, 0.1627,
    0.1586, 0.1638, 0.1358, 0.1554,
  ]

#### total_loss
  Points: 124
  Min: 0.0337, Max: 2.9149, Mean: 0.1189
  Data: [
    2.9149, 0.0944, 0.1746, 0.1380, 0.0735, 0.0978, 0.0916, 0.0885, 0.0711, 0.0695,
    0.1530, 0.0990, 0.0931, 0.1526, 0.1553, 0.1129, 0.1109, 0.1204, 0.1499, 0.1590,
    0.1265, 0.0967, 0.1638, 0.0924, 0.1122, 0.1117, 0.1030, 0.1571, 0.1274, 0.0721,
    0.1144, 0.1318, 0.0921, 0.1072, 0.1082, 0.0897, 0.1033, 0.1235, 0.0753, 0.0756,
    0.0965, 0.1169, 0.1109, 0.0826, 0.0573, 0.0737, 0.1173, 0.0868, 0.0746, 0.1085,
    0.0704, 0.0648, 0.0693, 0.0996, 0.1091, 0.0977, 0.0622, 0.0791, 0.1021, 0.0872,
    0.0699, 0.0869, 0.0719, 0.1140, 0.0897, 0.1093, 0.0637, 0.1152, 0.0531, 0.1304,
    0.1233, 0.0846, 0.0965, 0.0526, 0.0801, 0.1098, 0.0659, 0.0678, 0.1421, 0.1013,
    0.0945, 0.0851, 0.0740, 0.0836, 0.1847, 0.0554, 0.1262, 0.0813, 0.0813, 0.0804,
    0.0834, 0.0878, 0.0608, 0.0793, 0.0745, 0.1327, 0.0999, 0.1116, 0.1128, 0.0569,
    0.0727, 0.1109, 0.0685, 0.0874, 0.0641, 0.0734, 0.0710, 0.1230, 0.0830, 0.0992,
    0.1160, 0.0612, 0.1000, 0.0831, 0.0934, 0.0816, 0.0337, 0.1074, 0.0971, 0.0736,
    0.0720, 0.0657, 0.0762, 0.0820,
  ]

