================================================================================
W&B RUN DATA: ABLATION-twohot-ON_weak_seed42_20260129_234648
================================================================================

## RUN METADATA
Run ID: tw6osfjp
Created: 2026-01-29T22:46:49Z
State: crashed
Duration: 141274.679943491 seconds

## CONFIGURATION
  [Environment]
    opponent: weak
  [Training]
    batch_size: 32
    batch_length: 32
    imagination_horizon: 15
    discount: 0.997
  [Entropy]
    entropy_scale: 0.0003
  [Self-Play]
    self_play_pool_size: 10
    self_play_save_interval: 500
    self_play_weak_ratio: 0.3
    use_pfsp: False
    pfsp_mode: variance
  [Architecture]
    recurrent_size: 256
    latent_length: 16
    latent_classes: 16
  [Meta]
    seed: 42
    algorithm: DreamerV3

## FINAL SUMMARY
  runtime: 39.24 hours (141275 seconds)

## NOTE: Data reduced (fraction=1.0, max_points=1666)

## METRICS DATA

### STATS
#### buffer_size
  Points: 82
  Min: 16761.0000, Max: 250000.0000, Mean: 225399.7561
  Data: [
    16761.0000, 33171.0000, 49950.0000, 64763.0000, 79677.0000, 91544.0000, 103610.0000, 116578.0000, 129604.0000, 142065.0000,
    155989.0000, 171257.0000, 185703.0000, 200498.0000, 215067.0000, 230847.0000, 245696.0000, 250000.0000, 250000.0000, 250000.0000,
    250000.0000, 250000.0000, 250000.0000, 250000.0000, 250000.0000, 250000.0000, 250000.0000, 250000.0000, 250000.0000, 250000.0000,
    250000.0000, 250000.0000, 250000.0000, 250000.0000, 250000.0000, 250000.0000, 250000.0000, 250000.0000, 250000.0000, 250000.0000,
    250000.0000, 250000.0000, 250000.0000, 250000.0000, 250000.0000, 250000.0000, 250000.0000, 250000.0000, 250000.0000, 250000.0000,
    250000.0000, 250000.0000, 250000.0000, 250000.0000, 250000.0000, 250000.0000, 250000.0000, 250000.0000, 250000.0000, 250000.0000,
    250000.0000, 250000.0000, 250000.0000, 250000.0000, 250000.0000, 250000.0000, 250000.0000, 250000.0000, 250000.0000, 250000.0000,
    250000.0000, 250000.0000, 250000.0000, 250000.0000, 250000.0000, 250000.0000, 250000.0000, 250000.0000, 250000.0000, 250000.0000,
    250000.0000, 250000.0000,
  ]

#### draws
  Points: 82
  Min: 0.0000, Max: 855.0000, Mean: 654.9024
  Data: [
    0.0000, 52.0000, 99.0000, 139.0000, 174.0000, 194.0000, 218.0000, 241.0000, 268.0000, 295.0000,
    326.0000, 363.0000, 393.0000, 428.0000, 464.0000, 502.0000, 536.0000, 555.0000, 572.0000, 586.0000,
    600.0000, 616.0000, 629.0000, 641.0000, 651.0000, 662.0000, 673.0000, 688.0000, 698.0000, 701.0000,
    704.0000, 708.0000, 713.0000, 716.0000, 722.0000, 725.0000, 729.0000, 737.0000, 737.0000, 743.0000,
    745.0000, 750.0000, 751.0000, 754.0000, 759.0000, 761.0000, 767.0000, 769.0000, 770.0000, 770.0000,
    775.0000, 776.0000, 778.0000, 780.0000, 780.0000, 782.0000, 784.0000, 786.0000, 786.0000, 788.0000,
    788.0000, 789.0000, 790.0000, 793.0000, 795.0000, 801.0000, 807.0000, 814.0000, 816.0000, 821.0000,
    826.0000, 828.0000, 831.0000, 832.0000, 834.0000, 839.0000, 842.0000, 843.0000, 847.0000, 849.0000,
    853.0000, 855.0000,
  ]

#### env_steps
  Points: 82
  Min: 44.0000, Max: 702276.0000, Mean: 413943.4634
  Data: [
    44.0000, 16454.0000, 33233.0000, 48046.0000, 62960.0000, 74827.0000, 86893.0000, 99861.0000, 112887.0000, 125348.0000,
    139272.0000, 154540.0000, 168986.0000, 183781.0000, 198350.0000, 214130.0000, 228979.0000, 241374.0000, 252876.0000, 263039.0000,
    274282.0000, 285166.0000, 295043.0000, 305767.0000, 315614.0000, 325061.0000, 334282.0000, 343940.0000, 352351.0000, 359659.0000,
    366216.0000, 373761.0000, 380981.0000, 387964.0000, 395500.0000, 402609.0000, 410075.0000, 417883.0000, 424050.0000, 431283.0000,
    437143.0000, 445278.0000, 451593.0000, 458632.0000, 465821.0000, 472800.0000, 480225.0000, 487196.0000, 493103.0000, 499470.0000,
    506743.0000, 513241.0000, 519526.0000, 525684.0000, 531812.0000, 538180.0000, 544258.0000, 551297.0000, 557267.0000, 563656.0000,
    569275.0000, 575533.0000, 581944.0000, 588573.0000, 594655.0000, 601355.0000, 608309.0000, 615704.0000, 621991.0000, 628838.0000,
    635168.0000, 641403.0000, 647661.0000, 653433.0000, 659365.0000, 666084.0000, 672111.0000, 678295.0000, 684314.0000, 689964.0000,
    696821.0000, 702276.0000,
  ]

#### episodes
  Points: 82
  Min: 101.0000, Max: 8201.0000, Mean: 4151.0000
  Data: [
    101.0000, 201.0000, 301.0000, 401.0000, 501.0000, 601.0000, 701.0000, 801.0000, 901.0000, 1001.0000,
    1101.0000, 1201.0000, 1301.0000, 1401.0000, 1501.0000, 1601.0000, 1701.0000, 1801.0000, 1901.0000, 2001.0000,
    2101.0000, 2201.0000, 2301.0000, 2401.0000, 2501.0000, 2601.0000, 2701.0000, 2801.0000, 2901.0000, 3001.0000,
    3101.0000, 3201.0000, 3301.0000, 3401.0000, 3501.0000, 3601.0000, 3701.0000, 3801.0000, 3901.0000, 4001.0000,
    4101.0000, 4201.0000, 4301.0000, 4401.0000, 4501.0000, 4601.0000, 4701.0000, 4801.0000, 4901.0000, 5001.0000,
    5101.0000, 5201.0000, 5301.0000, 5401.0000, 5501.0000, 5601.0000, 5701.0000, 5801.0000, 5901.0000, 6001.0000,
    6101.0000, 6201.0000, 6301.0000, 6401.0000, 6501.0000, 6601.0000, 6701.0000, 6801.0000, 6901.0000, 7001.0000,
    7101.0000, 7201.0000, 7301.0000, 7401.0000, 7501.0000, 7601.0000, 7701.0000, 7801.0000, 7901.0000, 8001.0000,
    8101.0000, 8201.0000,
  ]

#### gradient_steps
  Points: 82
  Min: 32.0000, Max: 259232.0000, Mean: 129632.0000
  Data: [
    32.0000, 3232.0000, 6432.0000, 9632.0000, 12832.0000, 16032.0000, 19232.0000, 22432.0000, 25632.0000, 28832.0000,
    32032.0000, 35232.0000, 38432.0000, 41632.0000, 44832.0000, 48032.0000, 51232.0000, 54432.0000, 57632.0000, 60832.0000,
    64032.0000, 67232.0000, 70432.0000, 73632.0000, 76832.0000, 80032.0000, 83232.0000, 86432.0000, 89632.0000, 92832.0000,
    96032.0000, 99232.0000, 102432.0000, 105632.0000, 108832.0000, 112032.0000, 115232.0000, 118432.0000, 121632.0000, 124832.0000,
    128032.0000, 131232.0000, 134432.0000, 137632.0000, 140832.0000, 144032.0000, 147232.0000, 150432.0000, 153632.0000, 156832.0000,
    160032.0000, 163232.0000, 166432.0000, 169632.0000, 172832.0000, 176032.0000, 179232.0000, 182432.0000, 185632.0000, 188832.0000,
    192032.0000, 195232.0000, 198432.0000, 201632.0000, 204832.0000, 208032.0000, 211232.0000, 214432.0000, 217632.0000, 220832.0000,
    224032.0000, 227232.0000, 230432.0000, 233632.0000, 236832.0000, 240032.0000, 243232.0000, 246432.0000, 249632.0000, 252832.0000,
    256032.0000, 259232.0000,
  ]

#### losses
  Points: 82
  Min: 1.0000, Max: 957.0000, Mean: 773.9634
  Data: [
    1.0000, 38.0000, 76.0000, 130.0000, 181.0000, 238.0000, 297.0000, 348.0000, 393.0000, 435.0000,
    475.0000, 507.0000, 550.0000, 584.0000, 613.0000, 631.0000, 660.0000, 683.0000, 710.0000, 733.0000,
    754.0000, 762.0000, 775.0000, 787.0000, 803.0000, 818.0000, 831.0000, 838.0000, 847.0000, 854.0000,
    856.0000, 860.0000, 864.0000, 866.0000, 868.0000, 871.0000, 873.0000, 875.0000, 875.0000, 876.0000,
    877.0000, 878.0000, 879.0000, 879.0000, 880.0000, 888.0000, 888.0000, 892.0000, 896.0000, 899.0000,
    901.0000, 902.0000, 903.0000, 904.0000, 904.0000, 905.0000, 905.0000, 908.0000, 911.0000, 912.0000,
    912.0000, 914.0000, 915.0000, 916.0000, 918.0000, 920.0000, 921.0000, 922.0000, 927.0000, 928.0000,
    931.0000, 934.0000, 934.0000, 937.0000, 938.0000, 941.0000, 945.0000, 948.0000, 950.0000, 953.0000,
    957.0000, 957.0000,
  ]

#### mean_reward
  Points: 82
  Min: -19.3259, Max: 9.4538, Mean: 4.5972
  Data: [
    -11.3090, -19.3259, -17.5260, -15.3012, -10.5724, -7.5762, -8.5725, -6.5374, -6.0662, -4.2793,
    -4.4235, -2.8828, -5.2246, -2.9624, -1.9742, -0.4807, -1.5822, 1.5554, 1.0896, 2.4693,
    2.7590, 5.3405, 4.7077, 5.0551, 4.4022, 4.3261, 5.0506, 5.8349, 6.1145, 7.2993,
    8.4893, 7.8318, 7.6967, 8.4988, 7.9607, 8.2620, 8.3761, 8.0026, 9.3383, 8.4393,
    8.9167, 8.3722, 8.9921, 8.9761, 8.6107, 7.3080, 8.7194, 8.2438, 8.4290, 8.5897,
    8.3795, 9.0817, 8.8725, 8.9770, 9.4223, 8.9639, 9.2080, 8.3665, 8.7942, 8.9120,
    9.4538, 8.9249, 9.1002, 8.8645, 8.8173, 8.3433, 8.5298, 8.3271, 8.0696, 8.6081,
    8.2918, 8.5443, 9.0566, 8.7037, 9.0787, 8.1290, 8.2073, 8.7094, 8.6727, 8.6497,
    8.1162, 9.3322,
  ]

#### opponent_selfplay_count
  Points: 82
  Min: 0.0000, Max: 0.0000, Mean: 0.0000
  Data: [
    0.0000, 0.0000, 0.0000, 0.0000, 0.0000, 0.0000, 0.0000, 0.0000, 0.0000, 0.0000,
    0.0000, 0.0000, 0.0000, 0.0000, 0.0000, 0.0000, 0.0000, 0.0000, 0.0000, 0.0000,
    0.0000, 0.0000, 0.0000, 0.0000, 0.0000, 0.0000, 0.0000, 0.0000, 0.0000, 0.0000,
    0.0000, 0.0000, 0.0000, 0.0000, 0.0000, 0.0000, 0.0000, 0.0000, 0.0000, 0.0000,
    0.0000, 0.0000, 0.0000, 0.0000, 0.0000, 0.0000, 0.0000, 0.0000, 0.0000, 0.0000,
    0.0000, 0.0000, 0.0000, 0.0000, 0.0000, 0.0000, 0.0000, 0.0000, 0.0000, 0.0000,
    0.0000, 0.0000, 0.0000, 0.0000, 0.0000, 0.0000, 0.0000, 0.0000, 0.0000, 0.0000,
    0.0000, 0.0000, 0.0000, 0.0000, 0.0000, 0.0000, 0.0000, 0.0000, 0.0000, 0.0000,
    0.0000, 0.0000,
  ]

#### opponent_strong_count
  Points: 82
  Min: 0.0000, Max: 4045.0000, Mean: 2036.3537
  Data: [
    0.0000, 44.0000, 99.0000, 145.0000, 194.0000, 250.0000, 302.0000, 360.0000, 411.0000, 452.0000,
    503.0000, 548.0000, 598.0000, 654.0000, 709.0000, 758.0000, 812.0000, 844.0000, 897.0000, 946.0000,
    1002.0000, 1050.0000, 1098.0000, 1148.0000, 1201.0000, 1262.0000, 1312.0000, 1368.0000, 1421.0000, 1475.0000,
    1517.0000, 1573.0000, 1623.0000, 1667.0000, 1721.0000, 1774.0000, 1819.0000, 1879.0000, 1929.0000, 1977.0000,
    2024.0000, 2068.0000, 2106.0000, 2164.0000, 2217.0000, 2271.0000, 2311.0000, 2362.0000, 2423.0000, 2482.0000,
    2534.0000, 2577.0000, 2634.0000, 2684.0000, 2736.0000, 2774.0000, 2824.0000, 2868.0000, 2919.0000, 2971.0000,
    3031.0000, 3080.0000, 3118.0000, 3163.0000, 3211.0000, 3248.0000, 3299.0000, 3349.0000, 3406.0000, 3448.0000,
    3501.0000, 3545.0000, 3601.0000, 3648.0000, 3706.0000, 3759.0000, 3812.0000, 3861.0000, 3907.0000, 3950.0000,
    4002.0000, 4045.0000,
  ]

#### opponent_weak_count
  Points: 82
  Min: 1.0000, Max: 4056.0000, Mean: 2014.6463
  Data: [
    1.0000, 57.0000, 102.0000, 156.0000, 207.0000, 251.0000, 299.0000, 341.0000, 390.0000, 449.0000,
    498.0000, 553.0000, 603.0000, 647.0000, 692.0000, 743.0000, 789.0000, 857.0000, 904.0000, 955.0000,
    999.0000, 1051.0000, 1103.0000, 1153.0000, 1200.0000, 1239.0000, 1289.0000, 1333.0000, 1380.0000, 1426.0000,
    1484.0000, 1528.0000, 1578.0000, 1634.0000, 1680.0000, 1727.0000, 1782.0000, 1822.0000, 1872.0000, 1924.0000,
    1977.0000, 2033.0000, 2095.0000, 2137.0000, 2184.0000, 2230.0000, 2290.0000, 2339.0000, 2378.0000, 2419.0000,
    2467.0000, 2524.0000, 2567.0000, 2617.0000, 2665.0000, 2727.0000, 2777.0000, 2833.0000, 2882.0000, 2930.0000,
    2970.0000, 3021.0000, 3083.0000, 3138.0000, 3190.0000, 3253.0000, 3302.0000, 3352.0000, 3395.0000, 3453.0000,
    3500.0000, 3556.0000, 3600.0000, 3653.0000, 3695.0000, 3742.0000, 3789.0000, 3840.0000, 3894.0000, 3951.0000,
    3999.0000, 4056.0000,
  ]

#### win_rate
  Points: 82
  Min: 0.0000, Max: 1.0000, Mean: 0.7670
  Data: [
    0.0000, 0.1100, 0.1500, 0.0600, 0.1400, 0.2300, 0.1700, 0.2600, 0.2800, 0.3100,
    0.2900, 0.3100, 0.2700, 0.3100, 0.3500, 0.4400, 0.3700, 0.5800, 0.5600, 0.6300,
    0.6500, 0.7600, 0.7400, 0.7600, 0.7400, 0.7400, 0.7600, 0.7800, 0.8100, 0.9000,
    0.9500, 0.9200, 0.9100, 0.9500, 0.9200, 0.9400, 0.9400, 0.9000, 1.0000, 0.9300,
    0.9700, 0.9400, 0.9800, 0.9700, 0.9400, 0.9000, 0.9400, 0.9400, 0.9500, 0.9700,
    0.9300, 0.9800, 0.9700, 0.9700, 1.0000, 0.9700, 0.9800, 0.9500, 0.9700, 0.9700,
    1.0000, 0.9700, 0.9800, 0.9600, 0.9600, 0.9200, 0.9300, 0.9200, 0.9300, 0.9400,
    0.9200, 0.9500, 0.9700, 0.9600, 0.9700, 0.9200, 0.9300, 0.9600, 0.9400, 0.9500,
    0.9200, 0.9800,
  ]

#### wins
  Points: 82
  Min: 0.0000, Max: 6289.0000, Mean: 2622.1341
  Data: [
    0.0000, 11.0000, 26.0000, 32.0000, 46.0000, 69.0000, 86.0000, 112.0000, 140.0000, 171.0000,
    200.0000, 231.0000, 258.0000, 289.0000, 324.0000, 368.0000, 405.0000, 463.0000, 519.0000, 582.0000,
    647.0000, 723.0000, 797.0000, 873.0000, 947.0000, 1021.0000, 1097.0000, 1175.0000, 1256.0000, 1346.0000,
    1441.0000, 1533.0000, 1624.0000, 1719.0000, 1811.0000, 1905.0000, 1999.0000, 2089.0000, 2189.0000, 2282.0000,
    2379.0000, 2473.0000, 2571.0000, 2668.0000, 2762.0000, 2852.0000, 2946.0000, 3040.0000, 3135.0000, 3232.0000,
    3325.0000, 3423.0000, 3520.0000, 3617.0000, 3717.0000, 3814.0000, 3912.0000, 4007.0000, 4104.0000, 4201.0000,
    4301.0000, 4398.0000, 4496.0000, 4592.0000, 4688.0000, 4780.0000, 4873.0000, 4965.0000, 5058.0000, 5152.0000,
    5244.0000, 5339.0000, 5436.0000, 5532.0000, 5629.0000, 5721.0000, 5814.0000, 5910.0000, 6004.0000, 6099.0000,
    6191.0000, 6289.0000,
  ]


### EPISODE
#### draw_rate_100
  Points: 82
  Min: 0.0000, Max: 0.0100, Mean: 0.0009
  Data: [
    0.0000, 0.0000, 0.0000, 0.0000, 0.0000, 0.0000, 0.0000, 0.0000, 0.0000, 0.0000,
    0.0100, 0.0100, 0.0000, 0.0000, 0.0000, 0.0000, 0.0000, 0.0000, 0.0000, 0.0000,
    0.0000, 0.0000, 0.0000, 0.0100, 0.0000, 0.0100, 0.0000, 0.0000, 0.0000, 0.0000,
    0.0000, 0.0000, 0.0000, 0.0100, 0.0000, 0.0000, 0.0000, 0.0000, 0.0000, 0.0000,
    0.0000, 0.0000, 0.0100, 0.0000, 0.0000, 0.0000, 0.0000, 0.0000, 0.0000, 0.0000,
    0.0000, 0.0000, 0.0000, 0.0000, 0.0000, 0.0000, 0.0000, 0.0000, 0.0000, 0.0000,
    0.0000, 0.0000, 0.0000, 0.0100, 0.0000, 0.0000, 0.0000, 0.0000, 0.0000, 0.0000,
    0.0000, 0.0000, 0.0000, 0.0000, 0.0000, 0.0000, 0.0000, 0.0000, 0.0000, 0.0000,
    0.0000, 0.0000,
  ]

#### length_max
  Points: 82
  Min: 44.0000, Max: 251.0000, Mean: 246.9390
  Data: [
    44.0000, 251.0000, 251.0000, 251.0000, 251.0000, 251.0000, 251.0000, 251.0000, 251.0000, 251.0000,
    251.0000, 251.0000, 251.0000, 251.0000, 251.0000, 251.0000, 251.0000, 251.0000, 251.0000, 251.0000,
    251.0000, 251.0000, 251.0000, 251.0000, 251.0000, 251.0000, 251.0000, 251.0000, 251.0000, 251.0000,
    251.0000, 251.0000, 251.0000, 251.0000, 251.0000, 251.0000, 251.0000, 251.0000, 213.0000, 251.0000,
    251.0000, 251.0000, 251.0000, 251.0000, 251.0000, 251.0000, 251.0000, 251.0000, 251.0000, 233.0000,
    251.0000, 251.0000, 251.0000, 251.0000, 221.0000, 251.0000, 251.0000, 251.0000, 227.0000, 251.0000,
    235.0000, 251.0000, 251.0000, 251.0000, 251.0000, 251.0000, 251.0000, 251.0000, 251.0000, 251.0000,
    251.0000, 251.0000, 251.0000, 251.0000, 251.0000, 251.0000, 251.0000, 251.0000, 251.0000, 251.0000,
    251.0000, 251.0000,
  ]

#### length_mean
  Points: 82
  Min: 44.0000, Max: 167.7900, Mean: 86.1746
  Data: [
    44.0000, 164.1000, 167.7900, 148.1300, 149.1400, 118.6700, 120.6600, 129.6800, 130.2600, 124.6100,
    139.2400, 152.6800, 144.4600, 147.9500, 145.6900, 157.8000, 148.4900, 123.9500, 115.0200, 101.6300,
    112.4300, 108.8400, 98.7700, 107.2400, 98.4700, 94.4700, 92.2100, 96.5800, 84.1100, 73.0800,
    65.5700, 75.4500, 72.2000, 69.8300, 75.3600, 71.0900, 74.6600, 78.0800, 61.6700, 72.3300,
    58.6000, 81.3500, 63.1500, 70.3900, 71.8900, 69.7900, 74.2500, 69.7100, 59.0700, 63.6700,
    72.7300, 64.9800, 62.8500, 61.5800, 61.2800, 63.6800, 60.7800, 70.3900, 59.7000, 63.8900,
    56.1900, 62.5800, 64.1100, 66.2900, 60.8200, 67.0000, 69.5400, 73.9500, 62.8700, 68.4700,
    63.3000, 62.3500, 62.5800, 57.7200, 59.3200, 67.1900, 60.2700, 61.8400, 60.1900, 56.5000,
    68.5700, 54.5500,
  ]

#### length_min
  Points: 82
  Min: 15.0000, Max: 44.0000, Mean: 24.9390
  Data: [
    44.0000, 29.0000, 22.0000, 28.0000, 24.0000, 22.0000, 21.0000, 25.0000, 25.0000, 22.0000,
    23.0000, 24.0000, 25.0000, 26.0000, 23.0000, 26.0000, 27.0000, 26.0000, 25.0000, 24.0000,
    25.0000, 25.0000, 15.0000, 25.0000, 15.0000, 26.0000, 26.0000, 25.0000, 27.0000, 27.0000,
    27.0000, 26.0000, 26.0000, 26.0000, 27.0000, 25.0000, 26.0000, 26.0000, 26.0000, 25.0000,
    25.0000, 26.0000, 25.0000, 25.0000, 25.0000, 25.0000, 25.0000, 25.0000, 25.0000, 26.0000,
    24.0000, 24.0000, 25.0000, 24.0000, 25.0000, 25.0000, 25.0000, 24.0000, 24.0000, 24.0000,
    25.0000, 26.0000, 25.0000, 25.0000, 24.0000, 25.0000, 24.0000, 24.0000, 24.0000, 25.0000,
    24.0000, 24.0000, 25.0000, 24.0000, 25.0000, 24.0000, 25.0000, 25.0000, 25.0000, 25.0000,
    24.0000, 25.0000,
  ]

#### length_std
  Points: 82
  Min: 0.0000, Max: 95.8315, Mean: 63.0960
  Data: [
    0.0000, 95.8315, 91.5966, 92.2628, 88.8585, 85.5441, 88.2892, 81.9392, 87.1499, 89.4321,
    90.3039, 89.0632, 85.5992, 89.1161, 92.9988, 87.8494, 88.3213, 86.7967, 84.0798, 82.4128,
    83.2994, 84.4081, 82.1855, 81.3999, 78.5532, 79.5485, 77.2331, 80.8593, 67.5482, 60.0950,
    51.2561, 61.3872, 59.2221, 56.6622, 64.5245, 56.1215, 59.1373, 64.4285, 39.1219, 59.2820,
    42.0928, 63.8551, 48.9568, 56.0633, 62.2503, 48.9892, 61.4292, 55.9845, 44.5213, 50.4977,
    63.1550, 46.1805, 49.4480, 50.1628, 45.9689, 47.8226, 46.1791, 55.2335, 45.8355, 49.7321,
    37.1574, 45.0005, 44.7086, 56.1262, 49.8121, 57.4601, 62.3820, 64.3449, 48.2120, 56.8703,
    55.6271, 50.6982, 52.4735, 44.2678, 45.1333, 56.7792, 50.8971, 50.2475, 51.5202, 40.1449,
    53.5138, 42.4175,
  ]

#### reward_mean
  Points: 82
  Min: -19.3259, Max: 9.4538, Mean: 4.5972
  Data: [
    -11.3090, -19.3259, -17.5260, -15.3012, -10.5724, -7.5762, -8.5725, -6.5374, -6.0662, -4.2793,
    -4.4235, -2.8828, -5.2246, -2.9624, -1.9742, -0.4807, -1.5822, 1.5554, 1.0896, 2.4693,
    2.7590, 5.3405, 4.7077, 5.0551, 4.4022, 4.3261, 5.0506, 5.8349, 6.1145, 7.2993,
    8.4893, 7.8318, 7.6967, 8.4988, 7.9607, 8.2620, 8.3761, 8.0026, 9.3383, 8.4393,
    8.9167, 8.3722, 8.9921, 8.9761, 8.6107, 7.3080, 8.7194, 8.2438, 8.4290, 8.5897,
    8.3795, 9.0817, 8.8725, 8.9770, 9.4223, 8.9639, 9.2080, 8.3665, 8.7942, 8.9120,
    9.4538, 8.9249, 9.1002, 8.8645, 8.8173, 8.3433, 8.5298, 8.3271, 8.0696, 8.6081,
    8.2918, 8.5443, 9.0566, 8.7037, 9.0787, 8.1290, 8.2073, 8.7094, 8.6727, 8.6497,
    8.1162, 9.3322,
  ]

#### reward_std
  Points: 82
  Min: 0.0000, Max: 16.1885, Mean: 5.3941
  Data: [
    0.0000, 16.1885, 15.9806, 9.9245, 8.9306, 9.4745, 8.5143, 8.9693, 9.9338, 9.6319,
    9.4958, 8.8835, 9.7371, 8.7203, 8.8949, 9.0901, 8.8765, 9.2002, 9.4816, 9.2406,
    9.0539, 7.0833, 7.8024, 7.6514, 8.3596, 8.3806, 7.7940, 6.6732, 6.8879, 6.0208,
    3.5333, 4.6801, 5.1881, 3.9182, 4.5007, 4.0919, 3.6692, 4.3626, 0.5096, 3.5650,
    3.0298, 3.5443, 2.5238, 2.0598, 3.1009, 6.1649, 2.6248, 4.5461, 4.1832, 3.7661,
    3.7392, 2.3784, 2.9802, 2.6796, 0.5108, 2.7747, 1.6708, 4.2126, 3.7611, 2.9134,
    0.4221, 3.1443, 2.5233, 2.8467, 3.2767, 3.8863, 3.3050, 3.8797, 5.2538, 3.2495,
    4.2771, 4.1203, 2.2132, 3.8379, 2.5321, 4.9051, 4.6943, 3.8307, 3.6287, 4.0325,
    4.7717, 1.6253,
  ]

#### win_rate_100
  Points: 82
  Min: 0.0000, Max: 1.0000, Mean: 0.7670
  Data: [
    0.0000, 0.1100, 0.1500, 0.0600, 0.1400, 0.2300, 0.1700, 0.2600, 0.2800, 0.3100,
    0.2900, 0.3100, 0.2700, 0.3100, 0.3500, 0.4400, 0.3700, 0.5800, 0.5600, 0.6300,
    0.6500, 0.7600, 0.7400, 0.7600, 0.7400, 0.7400, 0.7600, 0.7800, 0.8100, 0.9000,
    0.9500, 0.9200, 0.9100, 0.9500, 0.9200, 0.9400, 0.9400, 0.9000, 1.0000, 0.9300,
    0.9700, 0.9400, 0.9800, 0.9700, 0.9400, 0.9000, 0.9400, 0.9400, 0.9500, 0.9700,
    0.9300, 0.9800, 0.9700, 0.9700, 1.0000, 0.9700, 0.9800, 0.9500, 0.9700, 0.9700,
    1.0000, 0.9700, 0.9800, 0.9600, 0.9600, 0.9200, 0.9300, 0.9200, 0.9300, 0.9400,
    0.9200, 0.9500, 0.9700, 0.9600, 0.9700, 0.9200, 0.9300, 0.9600, 0.9400, 0.9500,
    0.9200, 0.9800,
  ]


### TIME
#### elapsed_hours
  Points: 82
  Min: 0.0055, Max: 38.7103, Mean: 19.3287
  Data: [
    0.0055, 0.4825, 0.9651, 1.4379, 1.9121, 2.3871, 2.8665, 3.3624, 3.8385, 4.3097,
    4.7873, 5.2667, 5.7432, 6.2369, 6.7157, 7.1996, 7.6767, 8.1565, 8.6301, 9.1167,
    9.5888, 10.0607, 10.5518, 11.0309, 11.5075, 11.9865, 12.4641, 12.9438, 13.4157, 13.8891,
    14.3615, 14.8340, 15.3247, 15.8018, 16.2801, 16.7541, 17.2324, 17.7110, 18.1933, 18.6662,
    19.1375, 19.6096, 20.0845, 20.5583, 21.0422, 21.5137, 21.9914, 22.4660, 22.9348, 23.4077,
    23.8963, 24.3683, 24.8408, 25.3154, 25.7862, 26.2458, 26.7208, 27.1985, 27.6660, 28.1290,
    28.5929, 29.0587, 29.5257, 29.9980, 30.4619, 30.9229, 31.3851, 31.8463, 32.3103, 32.7806,
    33.2353, 33.6924, 34.1862, 34.6880, 35.1945, 35.7038, 36.2084, 36.7092, 37.2147, 37.7116,
    38.2104, 38.7103,
  ]

#### episodes_per_hour
  Points: 82
  Min: 211.8558, Max: 18285.8587, Mean: 442.4308
  Data: [
    18285.8587, 416.6214, 311.8904, 278.8860, 262.0185, 251.7674, 244.5500, 238.2261, 234.7248, 232.2656,
    229.9845, 228.0382, 226.5283, 224.6306, 223.5045, 222.3720, 221.5808, 220.8046, 220.2754, 219.4878,
    219.1104, 218.7723, 218.0666, 217.6609, 217.3359, 216.9933, 216.7023, 216.3969, 216.2396, 216.0695,
    215.9242, 215.7883, 215.4034, 215.2283, 215.0481, 214.9324, 214.7699, 214.6123, 214.4198, 214.3445,
    214.2908, 214.2317, 214.1455, 214.0742, 213.9040, 213.8635, 213.7657, 213.7008, 213.6931, 213.6478,
    213.4638, 213.4328, 213.3987, 213.3483, 213.3312, 213.4057, 213.3547, 213.2835, 213.2946, 213.3388,
    213.3744, 213.3958, 213.4076, 213.3809, 213.4139, 213.4666, 213.5090, 213.5572, 213.5852, 213.5715,
    213.6586, 213.7274, 213.5656, 213.3591, 213.1297, 212.8907, 212.6857, 212.5081, 212.3083, 212.1627,
    212.0104, 211.8558,
  ]

#### gradient_steps_per_second
  Points: 82
  Min: 1.6093, Max: 1.8734, Mean: 1.8577
  Data: [
    1.6093, 1.8609, 1.8513, 1.8608, 1.8642, 1.8656, 1.8637, 1.8532, 1.8549, 1.8583,
    1.8586, 1.8582, 1.8588, 1.8542, 1.8543, 1.8532, 1.8538, 1.8537, 1.8550, 1.8535,
    1.8549, 1.8563, 1.8541, 1.8542, 1.8546, 1.8547, 1.8549, 1.8549, 1.8559, 1.8566,
    1.8574, 1.8582, 1.8567, 1.8569, 1.8569, 1.8575, 1.8575, 1.8575, 1.8571, 1.8577,
    1.8584, 1.8590, 1.8593, 1.8596, 1.8591, 1.8597, 1.8597, 1.8600, 1.8607, 1.8611,
    1.8603, 1.8607, 1.8611, 1.8613, 1.8618, 1.8631, 1.8632, 1.8632, 1.8638, 1.8647,
    1.8656, 1.8663, 1.8669, 1.8671, 1.8678, 1.8687, 1.8695, 1.8704, 1.8710, 1.8713,
    1.8724, 1.8734, 1.8724, 1.8709, 1.8692, 1.8675, 1.8660, 1.8647, 1.8633, 1.8623,
    1.8613, 1.8602,
  ]

#### steps_per_second
  Points: 82
  Min: 2.2128, Max: 9.5654, Mean: 6.5960
  Data: [
    2.2128, 9.4736, 9.5654, 9.2819, 9.1465, 8.7072, 8.4204, 8.2499, 8.1691, 8.0791,
    8.0811, 8.1509, 8.1732, 8.1852, 8.2042, 8.2616, 8.2855, 8.2202, 8.1393, 8.0146,
    7.9457, 7.8735, 7.7670, 7.6997, 7.6185, 7.5330, 7.4499, 7.3810, 7.2956, 7.1931,
    7.0833, 6.9990, 6.9057, 6.8200, 6.7482, 6.6751, 6.6102, 6.5540, 6.4745, 6.4181,
    6.3450, 6.3075, 6.2457, 6.1969, 6.1493, 6.1046, 6.0658, 6.0239, 5.9723, 5.9272,
    5.8905, 5.8505, 5.8095, 5.7682, 5.7289, 5.6959, 5.6579, 5.6304, 5.5952, 5.5662,
    5.5305, 5.5016, 5.4749, 5.4501, 5.4226, 5.4019, 5.3839, 5.3705, 5.3474, 5.3287,
    5.3087, 5.2881, 5.2625, 5.2326, 5.2041, 5.1822, 5.1562, 5.1326, 5.1078, 5.0822,
    5.0657, 5.0394,
  ]


### EVAL
#### combined_win_rate
  Points: 13
  Min: 0.2000, Max: 1.0000, Mean: 0.8077
  Data: [
    0.2000, 0.3500, 0.6500, 0.8500, 0.9000, 0.9000, 0.9500, 0.9000, 0.9500, 0.9500,
    0.9500, 0.9500, 1.0000,
  ]

#### gif_strong
  Points: 13
  Error: float() argument must be a string or a real number, not 'dict'

#### gif_weak
  Points: 13
  Error: float() argument must be a string or a real number, not 'dict'

#### strong_draws
  Points: 13
  Min: 0.0000, Max: 3.0000, Mean: 0.9231
  Data: [
    2.0000, 1.0000, 3.0000, 2.0000, 2.0000, 1.0000, 0.0000, 0.0000, 0.0000, 0.0000,
    1.0000, 0.0000, 0.0000,
  ]

#### strong_losses
  Points: 13
  Min: 0.0000, Max: 6.0000, Mean: 1.0000
  Data: [
    6.0000, 4.0000, 1.0000, 0.0000, 0.0000, 0.0000, 0.0000, 0.0000, 0.0000, 1.0000,
    0.0000, 1.0000, 0.0000,
  ]

#### strong_mean_reward
  Points: 13
  Min: -10.4154, Max: 9.6137, Mean: 5.2641
  Data: [
    -10.4154, -1.3705, 3.0780, 6.0862, 4.3068, 7.5034, 9.1672, 8.9523, 9.5541, 6.9406,
    8.0497, 6.9672, 9.6137,
  ]

#### strong_win_rate
  Points: 13
  Min: 0.2000, Max: 1.0000, Mean: 0.8077
  Data: [
    0.2000, 0.5000, 0.6000, 0.8000, 0.8000, 0.9000, 1.0000, 1.0000, 1.0000, 0.9000,
    0.9000, 0.9000, 1.0000,
  ]

#### strong_wins
  Points: 13
  Min: 2.0000, Max: 10.0000, Mean: 8.0769
  Data: [
    2.0000, 5.0000, 6.0000, 8.0000, 8.0000, 9.0000, 10.0000, 10.0000, 10.0000, 9.0000,
    9.0000, 9.0000, 10.0000,
  ]

#### weak_draws
  Points: 13
  Min: 0.0000, Max: 2.0000, Mean: 0.6923
  Data: [
    1.0000, 2.0000, 0.0000, 1.0000, 0.0000, 1.0000, 1.0000, 2.0000, 1.0000, 0.0000,
    0.0000, 0.0000, 0.0000,
  ]

#### weak_losses
  Points: 13
  Min: 0.0000, Max: 7.0000, Mean: 1.2308
  Data: [
    7.0000, 6.0000, 3.0000, 0.0000, 0.0000, 0.0000, 0.0000, 0.0000, 0.0000, 0.0000,
    0.0000, 0.0000, 0.0000,
  ]

#### weak_mean_reward
  Points: 13
  Min: -7.7769, Max: 9.6561, Mean: 5.9028
  Data: [
    -7.7769, -7.2451, 3.0099, 8.4025, 9.6561, 8.3704, 8.4757, 7.4960, 8.5121, 9.4803,
    9.6048, 9.1317, 9.6194,
  ]

#### weak_win_rate
  Points: 13
  Min: 0.2000, Max: 1.0000, Mean: 0.8077
  Data: [
    0.2000, 0.2000, 0.7000, 0.9000, 1.0000, 0.9000, 0.9000, 0.8000, 0.9000, 1.0000,
    1.0000, 1.0000, 1.0000,
  ]

#### weak_wins
  Points: 13
  Min: 2.0000, Max: 10.0000, Mean: 8.0769
  Data: [
    2.0000, 2.0000, 7.0000, 9.0000, 10.0000, 9.0000, 9.0000, 8.0000, 9.0000, 10.0000,
    10.0000, 10.0000, 10.0000,
  ]


### WORLD
#### continue_actual_mean
  Points: 82
  Min: 0.9808, Max: 0.9980, Mean: 0.9886
  Data: [
    0.9879, 0.9909, 0.9929, 0.9950, 0.9899, 0.9919, 0.9929, 0.9980, 0.9940, 0.9919,
    0.9899, 0.9940, 0.9919, 0.9909, 0.9940, 0.9929, 0.9960, 0.9909, 0.9929, 0.9950,
    0.9899, 0.9940, 0.9940, 0.9940, 0.9879, 0.9909, 0.9929, 0.9909, 0.9940, 0.9879,
    0.9909, 0.9909, 0.9859, 0.9919, 0.9899, 0.9919, 0.9879, 0.9879, 0.9909, 0.9899,
    0.9879, 0.9919, 0.9839, 0.9869, 0.9869, 0.9889, 0.9879, 0.9879, 0.9849, 0.9919,
    0.9879, 0.9819, 0.9839, 0.9879, 0.9869, 0.9849, 0.9859, 0.9849, 0.9849, 0.9839,
    0.9869, 0.9839, 0.9808, 0.9819, 0.9859, 0.9879, 0.9839, 0.9849, 0.9829, 0.9839,
    0.9859, 0.9869, 0.9909, 0.9808, 0.9889, 0.9819, 0.9859, 0.9839, 0.9808, 0.9859,
    0.9859, 0.9819,
  ]

#### continue_loss
  Points: 82
  Min: 0.0001, Max: 0.0878, Mean: 0.0063
  Data: [
    0.0878, 0.0285, 0.0233, 0.0116, 0.0265, 0.0142, 0.0073, 0.0008, 0.0049, 0.0155,
    0.0111, 0.0138, 0.0127, 0.0057, 0.0068, 0.0055, 0.0048, 0.0022, 0.0052, 0.0194,
    0.0042, 0.0038, 0.0026, 0.0011, 0.0109, 0.0021, 0.0077, 0.0012, 0.0010, 0.0120,
    0.0029, 0.0023, 0.0027, 0.0026, 0.0015, 0.0015, 0.0008, 0.0007, 0.0033, 0.0050,
    0.0010, 0.0006, 0.0084, 0.0050, 0.0033, 0.0050, 0.0019, 0.0007, 0.0063, 0.0002,
    0.0026, 0.0013, 0.0016, 0.0107, 0.0005, 0.0167, 0.0030, 0.0025, 0.0015, 0.0013,
    0.0009, 0.0077, 0.0054, 0.0029, 0.0009, 0.0006, 0.0111, 0.0015, 0.0011, 0.0003,
    0.0004, 0.0048, 0.0002, 0.0019, 0.0019, 0.0029, 0.0074, 0.0028, 0.0001, 0.0008,
    0.0007, 0.0102,
  ]

#### continue_pred_mean
  Points: 82
  Min: 0.9794, Max: 0.9976, Mean: 0.9889
  Data: [
    0.9976, 0.9922, 0.9939, 0.9959, 0.9945, 0.9939, 0.9931, 0.9972, 0.9931, 0.9900,
    0.9924, 0.9946, 0.9910, 0.9904, 0.9937, 0.9932, 0.9967, 0.9904, 0.9926, 0.9961,
    0.9898, 0.9914, 0.9940, 0.9938, 0.9900, 0.9903, 0.9954, 0.9908, 0.9936, 0.9889,
    0.9921, 0.9911, 0.9845, 0.9927, 0.9894, 0.9908, 0.9881, 0.9882, 0.9922, 0.9899,
    0.9881, 0.9919, 0.9869, 0.9875, 0.9859, 0.9900, 0.9888, 0.9874, 0.9823, 0.9919,
    0.9885, 0.9810, 0.9843, 0.9908, 0.9866, 0.9855, 0.9870, 0.9833, 0.9856, 0.9831,
    0.9871, 0.9816, 0.9836, 0.9808, 0.9866, 0.9875, 0.9863, 0.9841, 0.9825, 0.9838,
    0.9858, 0.9874, 0.9909, 0.9794, 0.9876, 0.9801, 0.9843, 0.9857, 0.9809, 0.9866,
    0.9855, 0.9855,
  ]

#### kl_loss
  Points: 82
  Min: 0.3918, Max: 3.5038, Mean: 2.7724
  Data: [
    0.3918, 3.5038, 2.7369, 2.6098, 2.9232, 2.9510, 2.9586, 2.7313, 2.9795, 3.0054,
    2.6611, 3.1193, 2.7786, 2.9911, 3.0199, 2.6979, 2.8919, 3.0940, 2.9051, 2.6339,
    2.9880, 3.2181, 2.7723, 3.2500, 3.1464, 2.7882, 2.9473, 2.8446, 2.7199, 3.0270,
    2.9369, 2.7514, 2.8144, 2.7058, 2.8845, 2.8828, 2.8838, 2.7509, 2.6729, 2.9267,
    2.8325, 2.8908, 2.6696, 2.7511, 2.8354, 2.8500, 2.6820, 3.0079, 2.8538, 2.6433,
    2.6794, 2.6452, 2.6371, 2.7051, 2.7233, 2.6894, 2.6922, 2.8280, 2.7800, 2.4600,
    2.6880, 2.7929, 2.4761, 2.4831, 2.6634, 3.0353, 2.7860, 2.7775, 2.5042, 2.8167,
    2.6429, 2.5374, 2.5697, 2.7977, 3.0485, 2.7374, 2.6209, 2.6377, 2.6984, 2.4693,
    2.5273, 2.6705,
  ]

#### latent_entropy
  Points: 82
  Min: 1.0290, Max: 2.6887, Mean: 1.3561
  Data: [
    2.6887, 1.0290, 1.0915, 1.1007, 1.0989, 1.0909, 1.1299, 1.1602, 1.1568, 1.1542,
    1.2021, 1.2178, 1.2352, 1.2440, 1.2453, 1.2816, 1.2840, 1.2795, 1.2927, 1.3274,
    1.2991, 1.3197, 1.3490, 1.3291, 1.3385, 1.3684, 1.3836, 1.3484, 1.3944, 1.3733,
    1.3733, 1.3879, 1.3687, 1.3932, 1.3793, 1.3815, 1.3637, 1.3841, 1.4261, 1.4056,
    1.4127, 1.4009, 1.3951, 1.4093, 1.3970, 1.3853, 1.3919, 1.3937, 1.3539, 1.4186,
    1.3641, 1.3888, 1.3715, 1.3963, 1.3961, 1.3933, 1.3860, 1.3652, 1.3949, 1.4088,
    1.3925, 1.3830, 1.3889, 1.3792, 1.3907, 1.4027, 1.3882, 1.4083, 1.3894, 1.3708,
    1.4090, 1.3930, 1.4211, 1.3784, 1.4006, 1.4016, 1.4090, 1.4007, 1.3900, 1.4076,
    1.4137, 1.3844,
  ]

#### loss
  Points: 82
  Min: 19.5126, Max: 29.8158, Mean: 20.1896
  Data: [
    29.8158, 21.6309, 20.4329, 20.2949, 20.5176, 20.4949, 20.5154, 20.1094, 20.4136, 20.6132,
    20.1356, 20.5592, 20.1426, 20.4266, 20.4358, 20.1378, 20.1389, 20.4979, 20.3245, 19.9533,
    20.5110, 20.6391, 20.1525, 20.5236, 20.7740, 20.0193, 20.4373, 20.1403, 19.9787, 20.3371,
    20.1943, 19.9020, 20.1334, 20.0080, 20.0796, 20.0915, 20.0508, 19.8763, 19.9241, 20.2234,
    19.9560, 20.0629, 20.0426, 19.9378, 20.0254, 20.0192, 19.9599, 20.1449, 20.1095, 19.7555,
    19.8086, 19.7454, 19.7992, 19.9133, 19.8190, 19.8155, 19.9364, 20.0122, 19.9023, 19.5260,
    19.7481, 20.1006, 19.6388, 19.5943, 19.7656, 20.1885, 20.1312, 19.8794, 19.6123, 19.9136,
    19.7087, 19.6398, 19.6159, 19.9151, 20.1789, 19.7918, 19.7873, 19.7426, 19.7624, 19.5126,
    19.5788, 19.8654,
  ]

#### prior_posterior_kl
  Points: 82
  Min: 0.0818, Max: 0.2606, Mean: 0.2181
  Data: [
    0.0818, 0.2606, 0.2152, 0.2075, 0.2255, 0.2273, 0.2287, 0.2153, 0.2290, 0.2318,
    0.2117, 0.2385, 0.2187, 0.2306, 0.2327, 0.2131, 0.2248, 0.2367, 0.2260, 0.2100,
    0.2310, 0.2444, 0.2186, 0.2462, 0.2399, 0.2198, 0.2289, 0.2228, 0.2159, 0.2331,
    0.2275, 0.2170, 0.2209, 0.2146, 0.2247, 0.2248, 0.2249, 0.2166, 0.2123, 0.2278,
    0.2212, 0.2255, 0.2120, 0.2166, 0.2219, 0.2230, 0.2125, 0.2324, 0.2230, 0.2109,
    0.2132, 0.2101, 0.2103, 0.2144, 0.2152, 0.2132, 0.2132, 0.2214, 0.2185, 0.1989,
    0.2136, 0.2191, 0.2003, 0.2018, 0.2114, 0.2331, 0.2187, 0.2186, 0.2023, 0.2203,
    0.2097, 0.2046, 0.2065, 0.2194, 0.2350, 0.2156, 0.2092, 0.2097, 0.2135, 0.2002,
    0.2032, 0.2120,
  ]

#### recon_error_max
  Points: 82
  Min: 0.2847, Max: 2.2742, Mean: 0.7439
  Data: [
    2.2742, 0.9682, 0.8816, 0.7277, 1.1327, 0.8956, 0.9495, 0.7117, 0.6525, 0.8727,
    1.0593, 1.1756, 0.7879, 0.5800, 0.6010, 0.5719, 1.7345, 1.1319, 0.6888, 0.7486,
    0.5490, 0.4820, 1.0486, 0.8402, 0.9040, 0.4490, 0.9622, 0.8116, 1.7701, 0.8806,
    0.6302, 0.4618, 0.4534, 0.6424, 0.5462, 1.0674, 0.6422, 0.4856, 0.5256, 1.8255,
    0.3933, 0.5368, 0.5138, 0.6314, 0.3577, 0.5831, 1.6333, 0.3661, 0.8980, 0.3691,
    0.7766, 0.3273, 0.6921, 0.4302, 0.6110, 0.8048, 0.5557, 1.9261, 0.4348, 0.2966,
    0.5377, 0.4074, 0.3331, 0.5672, 0.6551, 0.7519, 0.6926, 0.5282, 0.7164, 0.5010,
    0.6309, 1.3378, 0.5129, 0.8207, 0.4431, 0.4651, 0.4361, 0.4488, 0.4888, 0.6568,
    0.5221, 0.2847,
  ]

#### recon_error_mean
  Points: 82
  Min: 0.0207, Max: 0.8375, Mean: 0.0401
  Data: [
    0.8375, 0.0796, 0.0536, 0.0504, 0.0484, 0.0428, 0.0455, 0.0413, 0.0369, 0.0406,
    0.0348, 0.0403, 0.0378, 0.0375, 0.0355, 0.0323, 0.0379, 0.0414, 0.0370, 0.0344,
    0.0344, 0.0360, 0.0330, 0.0384, 0.0374, 0.0306, 0.0314, 0.0298, 0.0354, 0.0305,
    0.0301, 0.0274, 0.0278, 0.0297, 0.0280, 0.0307, 0.0272, 0.0250, 0.0265, 0.0291,
    0.0255, 0.0273, 0.0233, 0.0267, 0.0254, 0.0287, 0.0302, 0.0251, 0.0239, 0.0250,
    0.0246, 0.0219, 0.0248, 0.0251, 0.0245, 0.0258, 0.0238, 0.0276, 0.0265, 0.0224,
    0.0249, 0.0239, 0.0213, 0.0229, 0.0219, 0.0282, 0.0242, 0.0239, 0.0238, 0.0228,
    0.0231, 0.0222, 0.0251, 0.0242, 0.0275, 0.0219, 0.0224, 0.0211, 0.0227, 0.0207,
    0.0228, 0.0210,
  ]

#### recon_error_std
  Points: 82
  Min: 0.0300, Max: 0.4990, Mean: 0.0551
  Data: [
    0.4990, 0.0948, 0.0731, 0.0723, 0.0684, 0.0693, 0.0686, 0.0601, 0.0557, 0.0602,
    0.0572, 0.0645, 0.0665, 0.0590, 0.0528, 0.0486, 0.0826, 0.0781, 0.0494, 0.0558,
    0.0479, 0.0465, 0.0620, 0.0666, 0.0678, 0.0430, 0.0517, 0.0522, 0.0811, 0.0495,
    0.0485, 0.0424, 0.0424, 0.0481, 0.0414, 0.0595, 0.0444, 0.0398, 0.0421, 0.0686,
    0.0367, 0.0427, 0.0390, 0.0454, 0.0359, 0.0457, 0.0754, 0.0339, 0.0478, 0.0373,
    0.0457, 0.0344, 0.0433, 0.0349, 0.0390, 0.0444, 0.0447, 0.0717, 0.0391, 0.0314,
    0.0386, 0.0421, 0.0301, 0.0427, 0.0366, 0.0485, 0.0429, 0.0344, 0.0446, 0.0379,
    0.0402, 0.0519, 0.0411, 0.0489, 0.0377, 0.0310, 0.0359, 0.0392, 0.0358, 0.0388,
    0.0390, 0.0300,
  ]

#### recon_loss
  Points: 82
  Min: 16.7271, Max: 24.0786, Mean: 16.9014
  Data: [
    24.0786, 17.2571, 17.0233, 16.9945, 16.9765, 16.9258, 16.9502, 16.9123, 16.8726, 16.9060,
    16.8540, 16.9038, 16.8810, 16.8781, 16.8600, 16.8317, 16.8820, 16.9133, 16.8740, 16.8504,
    16.8508, 16.8651, 16.8378, 16.8864, 16.8778, 16.8165, 16.8234, 16.8091, 16.8597, 16.8150,
    16.8115, 16.7873, 16.7907, 16.8083, 16.7928, 16.8172, 16.7856, 16.7655, 16.7798, 16.8028,
    16.7705, 16.7864, 16.7509, 16.7814, 16.7695, 16.7989, 16.8123, 16.7669, 16.7557, 16.7657,
    16.7626, 16.7384, 16.7639, 16.7665, 16.7611, 16.7733, 16.7548, 16.7897, 16.7798, 16.7420,
    16.7653, 16.7564, 16.7325, 16.7471, 16.7378, 16.7948, 16.7585, 16.7558, 16.7550, 16.7457,
    16.7489, 16.7405, 16.7669, 16.7590, 16.7884, 16.7380, 16.7422, 16.7306, 16.7453, 16.7271,
    16.7460, 16.7303,
  ]

#### reward_actual_mean
  Points: 82
  Min: -0.1129, Max: 0.0858, Mean: 0.0100
  Data: [
    -0.0703, -0.0691, -0.1129, -0.0823, -0.0730, -0.0605, -0.0806, -0.0642, -0.0826, -0.0637,
    -0.0440, -0.0535, -0.0600, -0.0628, -0.0790, -0.0411, -0.0513, -0.0692, -0.0333, -0.0567,
    -0.0264, -0.0043, -0.0366, -0.0009, 0.0024, 0.0044, -0.0472, 0.0067, 0.0027, 0.0167,
    -0.0087, 0.0047, 0.0187, -0.0023, 0.0178, 0.0218, 0.0056, 0.0159, -0.0028, 0.0341,
    -0.0114, 0.0059, 0.0487, 0.0404, 0.0383, 0.0140, 0.0212, 0.0377, 0.0519, 0.0161,
    0.0493, 0.0690, 0.0568, 0.0453, 0.0520, 0.0569, 0.0336, 0.0650, 0.0463, 0.0565,
    0.0499, 0.0439, 0.0858, 0.0769, 0.0432, 0.0464, 0.0604, 0.0512, 0.0717, 0.0669,
    0.0410, 0.0482, 0.0358, 0.0839, 0.0451, 0.0622, 0.0554, 0.0677, 0.0782, 0.0615,
    0.0593, 0.0807,
  ]

#### reward_loss
  Points: 82
  Min: 0.2262, Max: 2.3210, Mean: 0.3775
  Data: [
    2.3210, 0.6799, 0.5576, 0.6030, 0.4952, 0.5213, 0.4919, 0.3866, 0.4722, 0.5681,
    0.4591, 0.4134, 0.3836, 0.4545, 0.4552, 0.4126, 0.3099, 0.3764, 0.4308, 0.3599,
    0.5003, 0.4366, 0.4505, 0.2911, 0.5798, 0.2987, 0.5248, 0.3255, 0.2702, 0.3634,
    0.3230, 0.3123, 0.3540, 0.3527, 0.2741, 0.2816, 0.3056, 0.2535, 0.3855, 0.3302,
    0.2797, 0.2749, 0.4909, 0.2971, 0.3328, 0.2776, 0.3608, 0.2850, 0.4082, 0.2497,
    0.2953, 0.2746, 0.2857, 0.3403, 0.2470, 0.2713, 0.3521, 0.2950, 0.3046, 0.2674,
    0.2300, 0.4864, 0.3402, 0.2765, 0.2794, 0.2511, 0.4341, 0.2674, 0.2723, 0.2716,
    0.2681, 0.2452, 0.2262, 0.2745, 0.2823, 0.2449, 0.3329, 0.2955, 0.2493, 0.2537,
    0.2373, 0.3800,
  ]

#### reward_pred_error_mean
  Points: 82
  Min: 0.0045, Max: 0.2151, Mean: 0.0158
  Data: [
    0.2151, 0.0379, 0.0230, 0.0154, 0.0312, 0.0274, 0.0237, 0.0144, 0.0180, 0.0317,
    0.0163, 0.0211, 0.0204, 0.0201, 0.0161, 0.0187, 0.0120, 0.0171, 0.0138, 0.0098,
    0.0137, 0.0242, 0.0121, 0.0079, 0.0188, 0.0134, 0.0169, 0.0167, 0.0076, 0.0118,
    0.0123, 0.0071, 0.0248, 0.0098, 0.0119, 0.0221, 0.0105, 0.0066, 0.0140, 0.0226,
    0.0098, 0.0095, 0.0126, 0.0074, 0.0120, 0.0055, 0.0102, 0.0093, 0.0204, 0.0083,
    0.0076, 0.0088, 0.0094, 0.0103, 0.0115, 0.0075, 0.0144, 0.0142, 0.0068, 0.0087,
    0.0055, 0.0180, 0.0142, 0.0104, 0.0080, 0.0069, 0.0215, 0.0092, 0.0072, 0.0072,
    0.0061, 0.0065, 0.0045, 0.0133, 0.0088, 0.0085, 0.0096, 0.0089, 0.0049, 0.0067,
    0.0065, 0.0147,
  ]

#### reward_pred_error_std
  Points: 82
  Min: 0.0174, Max: 0.1864, Mean: 0.0700
  Data: [
    0.1864, 0.1256, 0.0790, 0.0450, 0.1498, 0.1271, 0.0849, 0.0394, 0.0662, 0.1691,
    0.0683, 0.1091, 0.0950, 0.0924, 0.0554, 0.0879, 0.0602, 0.0668, 0.0594, 0.0316,
    0.0631, 0.1403, 0.0704, 0.0269, 0.0873, 0.0410, 0.0814, 0.0771, 0.0323, 0.0602,
    0.0724, 0.0379, 0.1485, 0.0454, 0.0578, 0.1427, 0.0753, 0.0283, 0.0830, 0.1257,
    0.0670, 0.0517, 0.0728, 0.0450, 0.0583, 0.0183, 0.0529, 0.0478, 0.1248, 0.0599,
    0.0462, 0.0442, 0.0486, 0.0687, 0.0812, 0.0321, 0.0924, 0.1011, 0.0487, 0.0454,
    0.0209, 0.1229, 0.0825, 0.0682, 0.0389, 0.0354, 0.1158, 0.0636, 0.0427, 0.0449,
    0.0276, 0.0349, 0.0174, 0.0995, 0.0572, 0.0601, 0.0634, 0.0537, 0.0196, 0.0387,
    0.0370, 0.0922,
  ]

#### reward_pred_mean
  Points: 82
  Min: -0.2510, Max: 0.0928, Mean: 0.0103
  Data: [
    -0.2510, -0.0713, -0.1145, -0.0874, -0.0713, -0.0579, -0.0811, -0.0653, -0.0805, -0.0483,
    -0.0487, -0.0417, -0.0605, -0.0521, -0.0805, -0.0383, -0.0475, -0.0628, -0.0358, -0.0564,
    -0.0301, 0.0101, -0.0395, -0.0012, -0.0031, 0.0076, -0.0407, 0.0039, 0.0024, 0.0210,
    -0.0010, 0.0065, 0.0300, -0.0010, 0.0232, 0.0367, 0.0109, 0.0153, -0.0027, 0.0432,
    -0.0095, 0.0107, 0.0408, 0.0353, 0.0413, 0.0152, 0.0232, 0.0413, 0.0681, 0.0187,
    0.0463, 0.0738, 0.0575, 0.0446, 0.0597, 0.0594, 0.0340, 0.0765, 0.0467, 0.0613,
    0.0502, 0.0583, 0.0796, 0.0813, 0.0439, 0.0473, 0.0668, 0.0571, 0.0725, 0.0685,
    0.0398, 0.0477, 0.0366, 0.0928, 0.0513, 0.0673, 0.0624, 0.0634, 0.0777, 0.0604,
    0.0614, 0.0750,
  ]


### BEHAVIOR
#### actor_loss
  Points: 82
  Min: -18.3867, Max: 0.0178, Mean: -0.2235
  Data: [
    -18.3867, -0.0118, -0.0102, -0.0015, -0.0141, -0.0168, -0.0213, -0.0182, 0.0017, -0.0059,
    -0.0089, -0.0131, -0.0090, -0.0019, -0.0025, 0.0056, 0.0033, 0.0062, 0.0018, 0.0082,
    0.0076, 0.0018, 0.0012, -0.0056, 0.0038, -0.0009, 0.0058, 0.0048, 0.0046, 0.0051,
    -0.0090, 0.0129, 0.0057, 0.0098, -0.0080, 0.0126, -0.0068, 0.0088, 0.0062, 0.0014,
    0.0178, 0.0002, 0.0032, 0.0010, 0.0037, -0.0027, 0.0032, 0.0043, 0.0082, 0.0016,
    0.0017, 0.0105, 0.0087, 0.0055, 0.0136, 0.0023, 0.0019, -0.0091, 0.0030, -0.0007,
    -0.0045, 0.0066, -0.0044, -0.0011, 0.0004, -0.0001, 0.0014, 0.0046, 0.0066, 0.0051,
    0.0013, 0.0030, -0.0017, 0.0023, -0.0007, 0.0046, -0.0020, 0.0051, 0.0018, -0.0009,
    -0.0005, 0.0004,
  ]

#### actor_mean_abs
  Points: 82
  Min: 0.1938, Max: 0.4233, Mean: 0.3164
  Data: [
    0.1938, 0.1957, 0.2000, 0.2654, 0.3966, 0.4233, 0.3755, 0.3101, 0.3959, 0.3397,
    0.3304, 0.3652, 0.3704, 0.3460, 0.3900, 0.3577, 0.3674, 0.3632, 0.3687, 0.3490,
    0.3414, 0.2807, 0.3071, 0.2887, 0.3517, 0.3212, 0.3202, 0.3284, 0.3207, 0.3061,
    0.3218, 0.3510, 0.3230, 0.3572, 0.3066, 0.3607, 0.3547, 0.3311, 0.3103, 0.3385,
    0.2952, 0.3205, 0.3170, 0.3069, 0.3290, 0.3312, 0.3580, 0.3054, 0.3134, 0.3189,
    0.2765, 0.3044, 0.3085, 0.2958, 0.2914, 0.3082, 0.3291, 0.2941, 0.3163, 0.3045,
    0.3127, 0.2988, 0.3126, 0.2974, 0.3261, 0.2924, 0.2987, 0.2747, 0.3054, 0.3172,
    0.2914, 0.3037, 0.2840, 0.2976, 0.2814, 0.2505, 0.2918, 0.3234, 0.2863, 0.2850,
    0.2725, 0.2932,
  ]

#### advantages_abs_mean
  Points: 82
  Min: 0.0261, Max: 7.1431, Mean: 0.1508
  Data: [
    7.1431, 0.0558, 0.0416, 0.0583, 0.0820, 0.1062, 0.0897, 0.0772, 0.0896, 0.1022,
    0.0677, 0.0900, 0.0895, 0.0903, 0.1021, 0.0843, 0.0669, 0.0788, 0.0921, 0.0630,
    0.0795, 0.0601, 0.0799, 0.0712, 0.0699, 0.0871, 0.0719, 0.0791, 0.0687, 0.0668,
    0.1631, 0.0821, 0.0850, 0.0914, 0.0865, 0.1176, 0.0926, 0.0753, 0.0724, 0.0919,
    0.0864, 0.0682, 0.0607, 0.0610, 0.0581, 0.0578, 0.0610, 0.0625, 0.0464, 0.0632,
    0.0441, 0.0519, 0.0491, 0.0469, 0.0566, 0.0425, 0.0569, 0.0522, 0.0473, 0.0377,
    0.0495, 0.0405, 0.0587, 0.0368, 0.0448, 0.0461, 0.0498, 0.0454, 0.0436, 0.0442,
    0.0415, 0.0391, 0.0357, 0.0425, 0.0309, 0.0339, 0.0341, 0.0487, 0.0327, 0.0318,
    0.0261, 0.0367,
  ]

#### advantages_max
  Points: 82
  Min: -1.1720, Max: 2.9030, Mean: 1.2993
  Data: [
    -1.1720, 1.2019, 0.8733, 0.6826, 0.9668, 1.8054, 1.0133, 1.5086, 0.9931, 1.5505,
    1.1014, 1.1824, 1.3320, 1.4266, 1.5554, 1.4827, 1.3822, 1.2433, 1.2425, 1.1495,
    1.2552, 1.0870, 1.7424, 1.6260, 1.2170, 1.2843, 1.1224, 0.9099, 1.3617, 1.2386,
    1.9205, 1.8724, 1.6438, 1.8514, 2.5685, 1.9719, 2.9030, 1.9897, 1.8287, 1.9969,
    1.8419, 1.6880, 1.6654, 1.5702, 1.5799, 1.2905, 1.0883, 1.2382, 0.9445, 1.4125,
    1.0819, 1.4263, 1.0038, 1.1021, 2.0281, 0.8942, 1.6873, 1.2256, 1.0422, 0.8884,
    0.6530, 0.8741, 1.3244, 1.4580, 0.8755, 1.0270, 1.0575, 0.9464, 1.5680, 1.0103,
    0.9604, 1.2856, 1.1472, 0.9821, 1.1815, 0.8607, 0.8697, 1.0383, 1.2456, 1.4156,
    1.3008, 0.8527,
  ]

#### advantages_mean
  Points: 82
  Min: -7.1431, Max: 0.0374, Mean: -0.0837
  Data: [
    -7.1431, -0.0038, -0.0042, 0.0042, -0.0176, -0.0026, -0.0254, -0.0103, -0.0092, 0.0128,
    0.0026, 0.0090, 0.0058, -0.0041, 0.0110, -0.0000, -0.0033, 0.0089, 0.0059, 0.0093,
    0.0116, 0.0030, -0.0095, 0.0056, 0.0063, 0.0110, 0.0020, -0.0050, 0.0072, 0.0024,
    0.0374, 0.0050, 0.0106, 0.0137, -0.0012, 0.0128, 0.0009, 0.0072, 0.0027, 0.0053,
    0.0072, 0.0035, 0.0095, 0.0079, 0.0064, 0.0005, -0.0045, 0.0064, 0.0125, 0.0015,
    0.0019, 0.0099, 0.0016, 0.0077, 0.0192, 0.0035, -0.0008, 0.0005, -0.0002, 0.0043,
    -0.0044, 0.0057, 0.0002, 0.0047, 0.0008, 0.0052, 0.0127, 0.0045, 0.0028, -0.0004,
    0.0062, 0.0028, 0.0054, 0.0049, 0.0038, -0.0028, 0.0013, 0.0013, 0.0023, -0.0005,
    0.0032, 0.0026,
  ]

#### advantages_min
  Points: 82
  Min: -12.0156, Max: -0.5630, Mean: -1.6354
  Data: [
    -12.0156, -1.0229, -0.9739, -0.5630, -1.8762, -1.3381, -0.9161, -0.6757, -0.9691, -1.1256,
    -0.8978, -1.0104, -0.9653, -1.1991, -1.1317, -1.1648, -1.1958, -1.4037, -1.4920, -1.2169,
    -1.2537, -0.9510, -1.6797, -1.0480, -1.6190, -1.3036, -1.3001, -1.9094, -1.7561, -2.4859,
    -1.5034, -2.9149, -2.2693, -2.7434, -2.8729, -3.0342, -2.6319, -2.6637, -1.8113, -2.3419,
    -2.4389, -1.9062, -2.7360, -2.3128, -2.8010, -1.4859, -1.9656, -1.6622, -1.1265, -1.8749,
    -0.8528, -1.1927, -1.7879, -1.4823, -0.6479, -1.4938, -1.7231, -0.8555, -2.1660, -0.7332,
    -1.8178, -1.0465, -1.2266, -0.6001, -2.3833, -1.2017, -0.7264, -2.0028, -1.6468, -1.6033,
    -1.3807, -0.8093, -0.6110, -1.4972, -0.8977, -1.9018, -0.7979, -1.4660, -1.1315, -0.5943,
    -1.4270, -0.8381,
  ]

#### advantages_std
  Points: 82
  Min: 0.0639, Max: 3.3494, Mean: 0.1690
  Data: [
    3.3494, 0.1218, 0.0836, 0.0900, 0.1439, 0.1739, 0.1384, 0.1363, 0.1491, 0.1999,
    0.1306, 0.1494, 0.1512, 0.1616, 0.1807, 0.1648, 0.1300, 0.1498, 0.1763, 0.1196,
    0.1416, 0.1097, 0.1740, 0.1274, 0.1266, 0.1478, 0.1415, 0.1480, 0.1292, 0.1349,
    0.2711, 0.2002, 0.1773, 0.1819, 0.1723, 0.2452, 0.2149, 0.1675, 0.1618, 0.1910,
    0.1963, 0.1343, 0.1363, 0.1342, 0.1398, 0.1129, 0.1357, 0.1409, 0.0981, 0.1458,
    0.0928, 0.1027, 0.1124, 0.0928, 0.1321, 0.0928, 0.1371, 0.1015, 0.1021, 0.0819,
    0.0946, 0.0758, 0.1275, 0.0651, 0.0909, 0.0942, 0.1045, 0.0998, 0.1085, 0.1069,
    0.0967, 0.0821, 0.0787, 0.0937, 0.0750, 0.1042, 0.0737, 0.1075, 0.0757, 0.0690,
    0.0639, 0.0824,
  ]

#### critic_loss
  Points: 82
  Min: 0.6169, Max: 5.2910, Mean: 1.0110
  Data: [
    5.2910, 0.7242, 0.9221, 1.2267, 1.1229, 1.2036, 1.2157, 1.2626, 1.3689, 1.3401,
    1.1429, 1.3958, 1.3856, 1.4046, 1.4315, 1.3619, 1.4822, 1.7056, 1.7004, 1.4106,
    1.5477, 1.4043, 1.2886, 1.2985, 1.2690, 1.4736, 1.1556, 1.1158, 1.0082, 0.9043,
    1.3268, 0.7448, 0.8579, 0.8347, 0.8918, 0.8674, 0.8709, 0.7929, 0.7857, 0.8862,
    0.8340, 0.8206, 0.7128, 0.7334, 0.7343, 0.7619, 0.8256, 0.7564, 0.6749, 0.7950,
    0.7334, 0.8491, 0.7097, 0.7461, 0.7740, 0.7112, 0.7700, 0.7915, 0.7531, 0.6219,
    0.7752, 0.7419, 0.8248, 0.7057, 0.7908, 0.7722, 0.8106, 0.7588, 0.7779, 0.7698,
    0.7681, 0.7463, 0.7406, 0.7418, 0.7025, 0.6422, 0.7287, 0.8294, 0.6922, 0.7279,
    0.6169, 0.7074,
  ]

#### entropy_max
  Points: 82
  Min: 5.1705, Max: 7.6746, Mean: 7.5142
  Data: [
    5.1705, 5.4727, 6.8854, 7.5490, 7.6427, 7.6687, 7.6744, 7.6726, 7.1847, 7.4076,
    6.8672, 7.3627, 7.2838, 7.3556, 7.1628, 7.5755, 7.6681, 7.6617, 7.6538, 7.6540,
    7.6673, 7.6649, 7.6652, 7.6500, 7.6547, 7.6688, 7.6417, 7.5934, 7.5502, 7.6606,
    7.3845, 7.4405, 7.5241, 6.7756, 7.5231, 7.2017, 7.3341, 7.4343, 7.4177, 7.4593,
    7.5639, 7.6016, 7.6230, 7.6184, 7.6463, 7.6674, 7.6392, 7.6578, 7.6617, 7.6686,
    7.6624, 7.6599, 7.6622, 7.6292, 7.6653, 7.6702, 7.6538, 7.6704, 7.6726, 7.6646,
    7.6620, 7.6674, 7.6684, 7.6723, 7.6701, 7.6639, 7.6535, 7.6697, 7.6734, 7.6707,
    7.6696, 7.6671, 7.6704, 7.6707, 7.6660, 7.6730, 7.6733, 7.6746, 7.6689, 7.6743,
    7.6733, 7.6720,
  ]

#### entropy_mean
  Points: 82
  Min: 3.1384, Max: 5.0106, Mean: 3.8190
  Data: [
    5.0106, 4.3693, 4.9877, 4.0705, 4.0738, 3.9939, 4.0181, 3.8877, 3.4858, 3.8014,
    3.7132, 3.8861, 3.6700, 3.8419, 3.2801, 4.0109, 3.7773, 3.8046, 4.0046, 3.7731,
    3.7011, 4.1525, 4.0361, 4.3125, 3.4841, 3.7199, 3.6155, 3.3525, 3.6537, 3.9086,
    3.3366, 3.1384, 3.6557, 3.3662, 3.9176, 3.5044, 3.5835, 3.6277, 3.7069, 3.7969,
    3.8880, 3.6977, 3.5461, 3.8678, 3.5453, 3.5157, 3.3338, 3.7415, 3.4697, 3.9898,
    3.9803, 3.6992, 3.9774, 3.4958, 4.0642, 3.6457, 3.5323, 4.0311, 3.9430, 3.8714,
    3.7043, 3.6648, 4.0682, 3.8477, 3.6386, 3.8678, 3.7143, 4.1233, 3.8408, 3.6878,
    4.0543, 3.8124, 3.8061, 3.7275, 3.7567, 4.4556, 3.8248, 3.9230, 3.8604, 4.0633,
    4.1658, 3.6812,
  ]

#### entropy_min
  Points: 82
  Min: 1.6758, Max: 4.7754, Mean: 1.7686
  Data: [
    4.7754, 3.3389, 3.3257, 2.7810, 1.7545, 1.6856, 1.6783, 1.6766, 1.6779, 1.6762,
    1.6766, 1.6763, 1.6759, 1.6760, 1.6760, 1.6758, 1.6758, 1.6758, 1.6758, 1.6758,
    1.6758, 1.6758, 1.6758, 1.6758, 1.6758, 1.6758, 1.6758, 1.6758, 1.6758, 1.6758,
    1.6758, 1.6758, 1.6758, 1.6758, 1.6758, 1.6758, 1.6758, 1.6758, 1.6758, 1.6758,
    1.6758, 1.6758, 1.6758, 1.6758, 1.6758, 1.6758, 1.6758, 1.6758, 1.6758, 1.6758,
    1.6758, 1.6758, 1.6758, 1.6758, 1.6758, 1.6758, 1.6758, 1.6758, 1.6758, 1.6758,
    1.6758, 1.6758, 1.6758, 1.6758, 1.6758, 1.6758, 1.6758, 1.6758, 1.6758, 1.6758,
    1.6758, 1.6758, 1.6758, 1.6758, 1.6758, 1.6758, 1.6758, 1.6758, 1.6758, 1.6758,
    1.6758, 1.6758,
  ]

#### entropy_std
  Points: 82
  Min: 0.0457, Max: 2.1596, Mean: 1.6086
  Data: [
    0.0457, 0.4673, 0.7392, 1.0219, 1.4026, 1.5084, 1.5654, 1.5423, 1.1503, 1.3523,
    0.9363, 1.1319, 1.1443, 1.0826, 0.8138, 1.2269, 1.6206, 1.6048, 1.7888, 1.5580,
    1.7672, 1.8718, 2.0003, 1.8091, 1.7383, 1.7796, 1.5794, 1.5356, 1.4501, 1.8141,
    1.2339, 1.3042, 1.5417, 1.4591, 1.5080, 1.4862, 1.6410, 1.6262, 1.6550, 1.6728,
    1.5789, 1.6169, 1.6090, 1.7782, 1.6555, 1.7165, 1.6567, 1.6757, 1.6741, 1.8919,
    1.8139, 1.8052, 1.7220, 1.6017, 1.8232, 1.8179, 1.6837, 1.8370, 1.8644, 1.9228,
    1.6969, 1.7237, 1.8403, 1.8528, 1.8402, 1.6464, 1.7325, 1.9101, 1.8486, 1.8159,
    1.8839, 1.8426, 1.8147, 1.7448, 1.9342, 2.0804, 1.9435, 1.9184, 1.9593, 2.0065,
    2.1596, 1.7882,
  ]

#### logprobs_mean
  Points: 82
  Min: -2.5703, Max: -0.5387, Mean: -0.9348
  Data: [
    -2.5703, -1.9361, -1.8661, -1.3001, -0.7073, -0.5387, -0.7622, -0.9258, -0.6024, -0.9110,
    -0.8792, -0.7728, -0.7149, -0.7785, -0.5755, -0.8192, -0.7679, -0.7787, -0.7968, -0.8324,
    -0.8471, -1.0872, -0.9998, -1.1192, -0.8110, -0.9324, -0.9004, -0.8603, -0.8628, -0.9796,
    -0.8546, -0.7107, -0.9061, -0.7665, -1.0226, -0.7253, -0.8036, -0.8946, -0.9629, -0.8716,
    -1.0450, -0.9189, -0.9156, -1.0231, -0.8545, -0.8770, -0.7049, -0.9701, -0.9098, -0.8926,
    -1.0347, -0.9138, -0.9346, -0.9081, -0.9884, -0.8936, -0.8128, -0.9644, -0.8968, -0.9635,
    -0.9150, -0.9395, -0.8794, -0.8922, -0.7961, -0.9570, -0.9065, -1.0322, -0.8912, -0.8747,
    -0.9707, -0.8798, -1.0158, -0.8968, -0.9726, -1.1086, -0.9085, -0.8153, -0.9237, -1.0120,
    -0.9817, -0.9069,
  ]

#### logprobs_std
  Points: 82
  Min: 0.5924, Max: 1.8353, Mean: 1.5791
  Data: [
    0.5924, 1.1567, 1.3057, 1.4268, 1.7068, 1.8353, 1.6854, 1.5854, 1.6471, 1.6318,
    1.5986, 1.6938, 1.6616, 1.6608, 1.6347, 1.6789, 1.6266, 1.6093, 1.6740, 1.6281,
    1.6193, 1.5844, 1.6039, 1.5768, 1.5753, 1.5635, 1.5971, 1.5540, 1.6003, 1.5792,
    1.5754, 1.5763, 1.6393, 1.6075, 1.5830, 1.6438, 1.6178, 1.6083, 1.6144, 1.6350,
    1.5885, 1.5860, 1.5644, 1.5902, 1.5669, 1.5289, 1.6069, 1.5463, 1.5468, 1.6587,
    1.5303, 1.5385, 1.5889, 1.5076, 1.6060, 1.5448, 1.5779, 1.6103, 1.6573, 1.5759,
    1.5491, 1.5322, 1.6245, 1.5848, 1.6510, 1.5529, 1.5436, 1.5699, 1.6097, 1.6048,
    1.6037, 1.5987, 1.5611, 1.6014, 1.5414, 1.6314, 1.5838, 1.6500, 1.5762, 1.6481,
    1.6032, 1.5507,
  ]

#### mean_reg_loss
  Points: 82
  Min: 0.0005, Max: 0.0031, Mean: 0.0019
  Data: [
    0.0005, 0.0008, 0.0008, 0.0013, 0.0028, 0.0031, 0.0024, 0.0017, 0.0027, 0.0022,
    0.0020, 0.0025, 0.0025, 0.0023, 0.0026, 0.0024, 0.0024, 0.0023, 0.0024, 0.0022,
    0.0022, 0.0016, 0.0019, 0.0016, 0.0022, 0.0019, 0.0020, 0.0020, 0.0020, 0.0017,
    0.0020, 0.0023, 0.0020, 0.0023, 0.0018, 0.0024, 0.0023, 0.0020, 0.0018, 0.0021,
    0.0017, 0.0019, 0.0018, 0.0017, 0.0020, 0.0019, 0.0023, 0.0017, 0.0018, 0.0019,
    0.0014, 0.0017, 0.0018, 0.0016, 0.0017, 0.0017, 0.0020, 0.0017, 0.0019, 0.0017,
    0.0018, 0.0016, 0.0019, 0.0017, 0.0020, 0.0016, 0.0017, 0.0015, 0.0018, 0.0019,
    0.0016, 0.0017, 0.0015, 0.0017, 0.0015, 0.0013, 0.0017, 0.0020, 0.0016, 0.0016,
    0.0015, 0.0016,
  ]


### VALUES
#### critic_slow_diff
  Points: 82
  Min: 0.0074, Max: 1.7050, Mean: 0.1309
  Data: [
    0.0074, 0.2349, 0.7116, 1.7050, 0.5538, 0.2868, 0.2152, 0.1816, 0.2505, 0.2377,
    0.1159, 0.3108, 0.1170, 0.1102, 0.1055, 0.0565, 0.0705, 0.2349, 0.2415, 0.1212,
    0.1601, 0.0630, 0.1478, 0.0890, 0.1191, 0.2784, 0.0962, 0.0878, 0.0819, 0.0750,
    0.4386, 0.0514, 0.1259, 0.0659, 0.1023, 0.1477, 0.0626, 0.1056, 0.0872, 0.1232,
    0.0354, 0.0292, 0.0863, 0.0606, 0.0843, 0.0457, 0.1247, 0.0454, 0.0559, 0.0478,
    0.0892, 0.1068, 0.0581, 0.0252, 0.0367, 0.0611, 0.0487, 0.0558, 0.0410, 0.0510,
    0.1357, 0.0342, 0.0597, 0.0478, 0.0580, 0.0770, 0.0511, 0.0472, 0.0326, 0.0734,
    0.0712, 0.0528, 0.0450, 0.0630, 0.0252, 0.0391, 0.0311, 0.0575, 0.0450, 0.0515,
    0.0272, 0.0437,
  ]

#### lambda_returns_max
  Points: 82
  Min: -0.2798, Max: 13.0513, Mean: 7.7684
  Data: [
    -0.2798, 5.4151, 5.4198, 4.7455, 3.8996, 6.1157, 2.6619, 7.6580, 5.1014, 6.4491,
    6.2986, 5.2803, 5.6133, 5.9271, 5.9352, 5.5631, 5.3835, 5.8588, 7.1745, 6.2355,
    7.2604, 7.7853, 9.3084, 8.4043, 7.8019, 8.2040, 6.7968, 9.1877, 7.9363, 8.3355,
    13.0513, 9.0738, 9.1647, 8.4733, 7.9257, 10.2702, 8.8009, 7.3612, 8.0257, 10.0985,
    8.7798, 8.7982, 10.4978, 8.8225, 11.6976, 9.0717, 8.7630, 8.4621, 8.9968, 7.4537,
    8.1071, 8.8361, 7.5838, 6.9320, 10.7179, 7.1381, 9.0606, 8.4766, 8.3409, 8.0160,
    6.4060, 6.7595, 8.2012, 6.7578, 8.3357, 8.5331, 8.6692, 8.0035, 9.3451, 7.3514,
    9.3523, 10.5923, 9.0556, 8.8139, 9.2405, 8.1876, 7.5938, 9.3407, 7.9579, 7.6882,
    8.1970, 8.3549,
  ]

#### lambda_returns_mean
  Points: 82
  Min: -24.0253, Max: 3.9839, Mean: 1.5413
  Data: [
    -1.6669, -24.0253, -15.0560, -7.3601, -4.4872, -3.8571, -4.0431, -3.3061, -2.9688, -2.7353,
    -1.9449, -2.1423, -1.9370, -1.3626, -1.3165, -0.9064, -0.4300, 0.0258, 0.3836, 0.2604,
    1.0670, 1.3307, 1.8038, 2.0465, 2.2144, 1.9241, 2.2613, 2.9913, 2.7534, 3.3854,
    3.6135, 3.9448, 3.9839, 3.9524, 3.4103, 3.5585, 3.7174, 3.6840, 3.5183, 3.8883,
    3.3315, 3.4792, 3.7719, 3.7270, 3.7045, 3.6342, 3.9797, 3.4945, 3.7684, 3.3008,
    3.4906, 3.4854, 3.6179, 3.5403, 3.5403, 3.6077, 3.5738, 3.4718, 3.4492, 3.6195,
    3.3324, 3.5043, 3.5412, 3.4936, 3.6617, 3.3444, 3.4181, 3.2522, 3.5710, 3.5237,
    3.2067, 3.4389, 3.3761, 3.5585, 3.0915, 3.0498, 3.3718, 3.4035, 3.2652, 3.4744,
    3.2010, 3.5440,
  ]

#### lambda_returns_min
  Points: 82
  Min: -32.9474, Max: 0.5103, Mean: -5.6602
  Data: [
    -2.7988, -32.9474, -24.1159, -12.7167, -13.4927, -8.4819, -8.4113, -9.7103, -7.5985, -9.2262,
    -7.7207, -7.8894, -6.2941, -6.5391, -7.5116, -6.8873, -6.6804, -6.6332, -6.5830, -6.4721,
    -5.8169, -5.5694, -6.9517, -5.8455, -5.2132, -5.6574, -6.4031, -5.7246, -5.7348, -5.9688,
    -5.6450, -6.3698, -6.3578, -5.5016, -5.7228, -5.4807, -5.8242, -5.1547, -6.8871, -6.0862,
    -5.6271, -4.3192, -5.2515, -3.7497, -5.5486, -5.3585, -5.3766, -6.0240, -2.2306, -5.9885,
    -0.1949, -4.9174, -5.2857, -4.8156, 0.0173, -4.2377, -4.9036, 0.2630, -5.9807, 0.0018,
    -5.3900, 0.0149, -3.8115, 0.4061, -5.6148, -2.3387, -1.3592, -6.9673, -4.8658, -5.0356,
    -6.1266, -1.3257, 0.1323, -3.9647, -1.9084, -5.0139, -0.7526, -5.3567, -3.4341, 0.0869,
    -5.8706, 0.5103,
  ]

#### lambda_returns_std
  Points: 82
  Min: 0.7594, Max: 7.5535, Mean: 1.3854
  Data: [
    0.7780, 7.5535, 6.6287, 2.5894, 1.4093, 1.4050, 1.5581, 1.7329, 1.6764, 1.9373,
    1.5285, 1.4774, 1.3123, 1.3584, 1.5823, 1.1148, 0.9519, 1.0863, 1.5953, 1.4711,
    1.6802, 1.3780, 1.6901, 1.5532, 1.7158, 1.8640, 1.7821, 1.7306, 1.4576, 1.4031,
    1.8165, 1.3736, 1.2637, 1.1771, 1.1210, 1.2245, 1.2265, 0.8853, 1.3969, 1.0699,
    1.2711, 1.0203, 0.7941, 0.8478, 0.9345, 1.0226, 1.1141, 1.1445, 0.9511, 1.3389,
    0.8850, 0.9764, 1.0152, 1.0679, 1.0719, 0.9961, 1.0539, 0.9552, 0.9690, 1.0866,
    0.8473, 0.7594, 1.2784, 0.8396, 0.9403, 1.0031, 1.0527, 1.5041, 1.0602, 1.2401,
    1.1988, 1.2047, 0.9298, 1.1027, 1.2333, 1.3035, 1.0901, 0.9777, 1.1307, 0.9467,
    1.0484, 0.8420,
  ]

#### max
  Points: 82
  Min: -0.2851, Max: 7.3771, Mean: 5.3976
  Data: [
    -0.0034, -0.2851, 0.0980, 0.1016, 1.4331, 2.6678, 2.2959, 3.8799, 3.3061, 4.3766,
    4.5426, 4.4514, 4.3844, 4.8895, 4.8485, 4.9045, 4.7582, 4.2289, 5.2034, 4.9281,
    5.1066, 5.6131, 5.4519, 5.7168, 5.5180, 5.6251, 5.8556, 6.0735, 5.7343, 5.9702,
    6.9770, 6.3660, 6.2698, 6.0453, 5.8547, 6.6038, 6.1333, 6.3020, 5.9971, 6.5616,
    6.5960, 5.8232, 6.5074, 6.3259, 7.3771, 6.7237, 6.2871, 6.4388, 6.8429, 5.6379,
    6.7399, 5.4126, 5.9345, 6.2940, 7.0826, 5.5386, 6.3396, 5.4794, 5.6907, 6.3259,
    5.6897, 5.4295, 6.0663, 5.5306, 6.3538, 6.1494, 5.5359, 5.6012, 6.8681, 5.5375,
    5.7955, 6.2536, 6.8463, 6.0851, 5.6677, 5.7633, 6.3912, 6.1535, 6.1359, 5.9806,
    5.3866, 7.1997,
  ]

#### mean
  Points: 82
  Min: -24.0033, Max: 3.9932, Mean: 1.5533
  Data: [
    -0.0076, -24.0033, -14.9927, -7.3940, -4.3879, -3.8310, -3.9001, -3.2364, -2.9044, -2.7938,
    -1.9485, -2.1651, -1.9434, -1.3335, -1.3465, -0.8994, -0.4055, 0.0046, 0.3715, 0.2430,
    1.0333, 1.3222, 1.8613, 2.0231, 2.1914, 1.8788, 2.2715, 3.0186, 2.7341, 3.3839,
    3.4934, 3.9408, 3.9557, 3.9187, 3.4194, 3.5349, 3.7236, 3.6699, 3.5202, 3.8707,
    3.3200, 3.4711, 3.7424, 3.7027, 3.6878, 3.6333, 3.9932, 3.4710, 3.7225, 3.2979,
    3.4798, 3.4465, 3.6098, 3.5086, 3.4692, 3.5887, 3.5754, 3.4597, 3.4471, 3.6007,
    3.3434, 3.4812, 3.5308, 3.4711, 3.6502, 3.3184, 3.3646, 3.2280, 3.5517, 3.5184,
    3.1823, 3.4212, 3.3536, 3.5275, 3.0743, 3.0530, 3.3602, 3.3953, 3.2505, 3.4679,
    3.1840, 3.5232,
  ]

#### min
  Points: 82
  Min: -30.6266, Max: 0.5103, Mean: -4.6687
  Data: [
    -0.0079, -30.6266, -22.9005, -13.9350, -8.3286, -7.1302, -8.5305, -9.0763, -7.5377, -6.2694,
    -5.6947, -5.4605, -5.4657, -5.4102, -6.0326, -5.4347, -5.7180, -5.1533, -5.5094, -5.4864,
    -5.1482, -4.2523, -5.2379, -4.2941, -4.5402, -4.8773, -5.1524, -4.8565, -3.7979, -4.8610,
    -4.3041, -4.5753, -5.2203, -4.2743, -4.8683, -4.8193, -4.9279, -3.5516, -4.9160, -3.8957,
    -4.4274, -3.2124, -4.2590, -3.5430, -4.8117, -4.2507, -3.6705, -3.9579, -3.3954, -4.4974,
    -1.2123, -3.7126, -4.1724, -4.1380, -1.6250, -3.4515, -4.0062, -0.0341, -4.0819, 0.4996,
    -3.4982, -0.6886, -3.2553, -1.2017, -3.1084, -1.6001, -0.9876, -4.8575, -3.8136, -3.5458,
    -4.7858, -0.3993, 0.1534, -3.2102, -2.9242, -4.1152, -0.7555, -3.7462, -3.3123, -0.5086,
    -5.1413, 0.5103,
  ]

#### norm_high
  Points: 82
  Min: -14.3409, Max: 5.6786, Mean: 3.6713
  Data: [
    -0.0260, -14.3409, -4.7720, -3.7956, -2.9724, -1.3904, -1.1413, -0.2566, -0.4240, -0.2139,
    0.0296, 0.4760, 0.3617, 0.4453, 0.6997, 0.6499, 1.6392, 2.0585, 2.8936, 3.2294,
    3.8830, 4.3960, 4.6810, 4.6942, 4.7674, 4.7249, 5.0605, 5.0498, 4.9871, 5.1271,
    5.6786, 5.3275, 5.3975, 5.1455, 4.9263, 4.8809, 5.1006, 5.1130, 5.0824, 5.0579,
    5.0199, 5.1409, 5.1651, 5.1769, 5.2303, 5.2201, 5.3976, 5.1780, 5.2030, 5.1728,
    5.2190, 5.1715, 5.2501, 5.2192, 5.2485, 5.2686, 5.2394, 5.1182, 5.3659, 5.2854,
    5.2630, 5.2256, 5.2625, 5.1339, 5.1846, 5.2009, 5.1426, 5.2065, 5.2118, 5.1917,
    5.2683, 5.2635, 5.2305, 5.1713, 5.2288, 5.1555, 5.2129, 5.1658, 5.1612, 5.2971,
    5.1724, 5.1706,
  ]

#### norm_low
  Points: 82
  Min: -29.7140, Max: 2.5841, Mean: -0.3911
  Data: [
    -0.2583, -29.7140, -20.7137, -14.0730, -7.9580, -5.5588, -6.1969, -6.0250, -6.0212, -5.1930,
    -4.4497, -4.0108, -3.9430, -3.4129, -3.2123, -2.8301, -2.1370, -1.9822, -1.6975, -1.2246,
    -0.7633, -0.5283, 0.2638, 0.0599, 0.1930, -0.1380, 0.4485, 0.7559, 0.9889, 1.2496,
    2.1359, 2.4303, 2.1875, 2.2254, 2.0646, 2.4604, 2.5841, 2.4494, 2.2925, 2.3401,
    2.0888, 2.1414, 2.3360, 2.3858, 2.2397, 1.9559, 1.8062, 1.9489, 1.7673, 1.7338,
    1.6332, 1.7042, 1.7143, 1.7498, 1.7090, 1.7076, 1.9301, 1.8237, 1.9289, 2.0845,
    2.0451, 2.0142, 1.9365, 1.9371, 1.7403, 1.8101, 1.5650, 1.5990, 1.5092, 1.4920,
    1.4523, 1.3964, 1.6143, 1.3382, 1.4204, 1.5375, 1.3965, 1.3355, 1.3173, 1.3389,
    1.2682, 1.3846,
  ]

#### norm_scale
  Points: 82
  Min: 0.2323, Max: 15.9416, Mean: 4.0624
  Data: [
    0.2323, 15.3732, 15.9416, 10.2774, 4.9856, 4.1684, 5.0556, 5.7684, 5.5973, 4.9791,
    4.4792, 4.4869, 4.3047, 3.8582, 3.9120, 3.4801, 3.7762, 4.0408, 4.5911, 4.4540,
    4.6463, 4.9242, 4.4172, 4.6343, 4.5744, 4.8629, 4.6120, 4.2939, 3.9983, 3.8775,
    3.5427, 2.8972, 3.2101, 2.9201, 2.8616, 2.4205, 2.5164, 2.6637, 2.7899, 2.7178,
    2.9311, 2.9994, 2.8290, 2.7911, 2.9906, 3.2642, 3.5914, 3.2292, 3.4357, 3.4390,
    3.5858, 3.4674, 3.5357, 3.4694, 3.5395, 3.5610, 3.3093, 3.2946, 3.4370, 3.2009,
    3.2179, 3.2114, 3.3261, 3.1968, 3.4443, 3.3908, 3.5775, 3.6075, 3.7026, 3.6997,
    3.8160, 3.8671, 3.6162, 3.8331, 3.8084, 3.6181, 3.8164, 3.8302, 3.8439, 3.9583,
    3.9042, 3.7861,
  ]

#### std
  Points: 82
  Min: 0.0003, Max: 7.3075, Mean: 1.2441
  Data: [
    0.0003, 7.3075, 6.4950, 2.5101, 1.2424, 1.1900, 1.4668, 1.4993, 1.3836, 1.4820,
    1.2939, 1.2886, 1.0995, 1.1479, 1.3210, 0.8908, 0.8536, 0.9067, 1.3088, 1.2986,
    1.4616, 1.2481, 1.4421, 1.4413, 1.5841, 1.6810, 1.5722, 1.5928, 1.3676, 1.2812,
    1.6346, 1.1722, 1.0563, 1.0151, 0.9722, 1.0208, 1.0969, 0.7488, 1.2394, 0.9289,
    1.0381, 0.9326, 0.6689, 0.7526, 0.7865, 0.9679, 0.9569, 1.0399, 0.8436, 1.1948,
    0.8075, 0.8992, 0.8831, 0.9640, 0.9608, 0.9394, 0.8896, 0.9138, 0.8921, 1.0338,
    0.7816, 0.7176, 1.1764, 0.8194, 0.8675, 0.9317, 0.9827, 1.4230, 0.9851, 1.1282,
    1.0962, 1.1595, 0.8820, 1.0152, 1.2205, 1.2296, 1.0519, 0.8705, 1.0776, 0.9149,
    1.0167, 0.7587,
  ]


### IMAGINATION
#### continue_mean
  Points: 82
  Min: 0.9819, Max: 0.9995, Mean: 0.9903
  Data: [
    0.9995, 0.9934, 0.9945, 0.9908, 0.9944, 0.9919, 0.9926, 0.9961, 0.9931, 0.9907,
    0.9945, 0.9931, 0.9902, 0.9946, 0.9934, 0.9937, 0.9966, 0.9952, 0.9939, 0.9961,
    0.9944, 0.9951, 0.9956, 0.9950, 0.9910, 0.9924, 0.9952, 0.9933, 0.9946, 0.9941,
    0.9968, 0.9964, 0.9910, 0.9920, 0.9920, 0.9918, 0.9906, 0.9943, 0.9917, 0.9889,
    0.9920, 0.9904, 0.9877, 0.9899, 0.9924, 0.9904, 0.9872, 0.9903, 0.9872, 0.9921,
    0.9907, 0.9864, 0.9879, 0.9866, 0.9870, 0.9851, 0.9861, 0.9853, 0.9888, 0.9900,
    0.9868, 0.9859, 0.9831, 0.9841, 0.9856, 0.9867, 0.9882, 0.9844, 0.9836, 0.9819,
    0.9864, 0.9874, 0.9897, 0.9826, 0.9913, 0.9861, 0.9874, 0.9865, 0.9859, 0.9855,
    0.9863, 0.9836,
  ]

#### continue_min
  Points: 82
  Min: 0.0000, Max: 0.9947, Mean: 0.0143
  Data: [
    0.9947, 0.1408, 0.0116, 0.0068, 0.0018, 0.0042, 0.0017, 0.0014, 0.0002, 0.0008,
    0.0008, 0.0005, 0.0003, 0.0002, 0.0001, 0.0003, 0.0003, 0.0001, 0.0001, 0.0001,
    0.0000, 0.0003, 0.0002, 0.0038, 0.0002, 0.0002, 0.0002, 0.0008, 0.0000, 0.0000,
    0.0002, 0.0005, 0.0000, 0.0000, 0.0001, 0.0000, 0.0000, 0.0000, 0.0000, 0.0000,
    0.0000, 0.0000, 0.0000, 0.0000, 0.0000, 0.0000, 0.0000, 0.0000, 0.0000, 0.0000,
    0.0000, 0.0000, 0.0000, 0.0000, 0.0000, 0.0000, 0.0000, 0.0000, 0.0000, 0.0000,
    0.0000, 0.0000, 0.0000, 0.0000, 0.0000, 0.0000, 0.0000, 0.0000, 0.0000, 0.0000,
    0.0000, 0.0000, 0.0000, 0.0000, 0.0000, 0.0000, 0.0000, 0.0000, 0.0000, 0.0000,
    0.0000, 0.0000,
  ]

#### reward_abs_mean
  Points: 82
  Min: 0.0340, Max: 0.2726, Mean: 0.0700
  Data: [
    0.2726, 0.1054, 0.1089, 0.0822, 0.0811, 0.0876, 0.0861, 0.0716, 0.0824, 0.1026,
    0.0617, 0.0604, 0.0579, 0.0610, 0.0760, 0.0591, 0.0422, 0.0414, 0.0607, 0.0537,
    0.0537, 0.0396, 0.0453, 0.0434, 0.0558, 0.0593, 0.0499, 0.0586, 0.0357, 0.0459,
    0.0430, 0.0340, 0.0722, 0.0600, 0.0482, 0.0566, 0.0596, 0.0412, 0.0602, 0.0752,
    0.0517, 0.0554, 0.0763, 0.0601, 0.0529, 0.0574, 0.0839, 0.0616, 0.0834, 0.0548,
    0.0536, 0.0805, 0.0721, 0.0793, 0.0800, 0.0835, 0.0775, 0.0801, 0.0591, 0.0588,
    0.0666, 0.0719, 0.0929, 0.0799, 0.0798, 0.0685, 0.0757, 0.0852, 0.0863, 0.1001,
    0.0757, 0.0660, 0.0563, 0.0941, 0.0487, 0.0722, 0.0674, 0.0781, 0.0792, 0.0797,
    0.0676, 0.0952,
  ]

#### reward_max
  Points: 82
  Min: -0.2116, Max: 2.5004, Mean: 2.4485
  Data: [
    -0.2116, 1.8662, 2.2586, 2.2167, 2.4479, 2.4331, 2.4742, 2.4569, 2.4455, 2.4929,
    2.4939, 2.4937, 2.4674, 2.4958, 2.4951, 2.4869, 2.4989, 2.4918, 2.4930, 2.4966,
    2.4987, 2.4946, 2.4908, 2.4988, 2.4995, 2.4995, 2.4989, 2.4979, 2.4995, 2.5002,
    2.4994, 2.4973, 2.4996, 2.4995, 2.5003, 2.5004, 2.4998, 2.5002, 2.5001, 2.5001,
    2.5001, 2.5004, 2.5002, 2.5002, 2.4999, 2.5002, 2.4998, 2.5002, 2.5001, 2.5000,
    2.5001, 2.5000, 2.5001, 2.5000, 2.5002, 2.5003, 2.5000, 2.5002, 2.5001, 2.5001,
    2.5001, 2.5003, 2.5001, 2.5004, 2.5004, 2.5003, 2.5001, 2.5002, 2.5001, 2.5003,
    2.5002, 2.5001, 2.5003, 2.5002, 2.5001, 2.5003, 2.5001, 2.5001, 2.5000, 2.5001,
    2.5001, 2.5001,
  ]

#### reward_mean
  Points: 82
  Min: -0.2726, Max: 0.0800, Mean: 0.0139
  Data: [
    -0.2726, -0.0747, -0.0938, -0.0781, -0.0695, -0.0608, -0.0757, -0.0433, -0.0560, -0.0158,
    -0.0246, -0.0387, -0.0536, -0.0403, -0.0382, -0.0201, -0.0294, -0.0290, -0.0201, -0.0425,
    -0.0233, -0.0024, -0.0245, 0.0113, 0.0145, 0.0094, -0.0281, 0.0080, 0.0040, 0.0082,
    0.0076, -0.0037, 0.0285, 0.0204, 0.0150, 0.0190, 0.0161, 0.0136, 0.0087, 0.0476,
    0.0061, 0.0282, 0.0516, 0.0431, 0.0236, 0.0304, 0.0489, 0.0411, 0.0587, 0.0186,
    0.0400, 0.0597, 0.0461, 0.0563, 0.0636, 0.0645, 0.0462, 0.0666, 0.0427, 0.0441,
    0.0494, 0.0539, 0.0739, 0.0662, 0.0578, 0.0525, 0.0603, 0.0623, 0.0698, 0.0692,
    0.0471, 0.0507, 0.0408, 0.0800, 0.0349, 0.0547, 0.0530, 0.0546, 0.0595, 0.0658,
    0.0520, 0.0770,
  ]

#### reward_min
  Points: 82
  Min: -2.6283, Max: -0.1004, Mean: -2.1487
  Data: [
    -0.2735, -2.4875, -2.5719, -2.5787, -2.6003, -2.6170, -2.5920, -2.5738, -2.5635, -2.6113,
    -2.5842, -2.5982, -2.5912, -2.5940, -2.6076, -2.5569, -2.5753, -2.6124, -2.5832, -2.5599,
    -2.6103, -2.6019, -2.6214, -2.5729, -2.5623, -2.5753, -2.5901, -2.5893, -2.5609, -2.5990,
    -2.5826, -2.6093, -2.6009, -2.5769, -2.5749, -2.5988, -2.5884, -2.5474, -2.5856, -2.5433,
    -2.5880, -2.5814, -2.5754, -2.5174, -2.5834, -2.5903, -2.5669, -2.5978, -2.4500, -2.5493,
    -0.1562, -2.4962, -2.5825, -2.5858, -0.1456, -2.5747, -2.5754, -0.6004, -2.5608, -0.1837,
    -2.5785, -0.2500, -2.5485, -0.1350, -2.5742, -2.5555, -0.1547, -2.5986, -2.5821, -2.5603,
    -2.6283, -0.2478, -0.1662, -2.3599, -0.2642, -2.6136, -0.9488, -2.4127, -0.1216, -0.1309,
    -2.5747, -0.1004,
  ]

#### reward_nonzero_frac
  Points: 82
  Min: 0.0351, Max: 1.0000, Mean: 0.1068
  Data: [
    1.0000, 0.4617, 0.4742, 0.3218, 0.1700, 0.2370, 0.2358, 0.1838, 0.2169, 0.2053,
    0.0914, 0.1380, 0.1485, 0.1344, 0.2105, 0.0945, 0.1004, 0.0741, 0.0965, 0.1439,
    0.0793, 0.0880, 0.0758, 0.0529, 0.0721, 0.0716, 0.0649, 0.0706, 0.0351, 0.0517,
    0.0452, 0.0358, 0.0694, 0.0560, 0.0552, 0.0569, 0.0502, 0.0477, 0.0649, 0.0870,
    0.0547, 0.0551, 0.0703, 0.0558, 0.0542, 0.0511, 0.0896, 0.0561, 0.0755, 0.0665,
    0.0466, 0.0801, 0.0650, 0.0711, 0.0690, 0.0777, 0.0714, 0.0732, 0.0498, 0.0564,
    0.0547, 0.0585, 0.0843, 0.0673, 0.0750, 0.0585, 0.0706, 0.0757, 0.0761, 0.0941,
    0.0673, 0.0586, 0.0541, 0.0855, 0.0444, 0.0706, 0.0640, 0.0692, 0.0655, 0.0675,
    0.0568, 0.0801,
  ]

#### reward_significant_frac
  Points: 82
  Min: 0.0000, Max: 0.0379, Mean: 0.0217
  Data: [
    0.0000, 0.0165, 0.0117, 0.0062, 0.0136, 0.0150, 0.0156, 0.0111, 0.0162, 0.0319,
    0.0167, 0.0105, 0.0095, 0.0127, 0.0144, 0.0146, 0.0060, 0.0089, 0.0194, 0.0086,
    0.0148, 0.0117, 0.0124, 0.0138, 0.0202, 0.0207, 0.0155, 0.0206, 0.0122, 0.0147,
    0.0159, 0.0103, 0.0292, 0.0223, 0.0170, 0.0204, 0.0226, 0.0131, 0.0225, 0.0285,
    0.0176, 0.0204, 0.0298, 0.0248, 0.0189, 0.0217, 0.0333, 0.0238, 0.0331, 0.0188,
    0.0203, 0.0305, 0.0276, 0.0327, 0.0328, 0.0322, 0.0312, 0.0315, 0.0232, 0.0230,
    0.0245, 0.0284, 0.0379, 0.0307, 0.0287, 0.0252, 0.0312, 0.0329, 0.0324, 0.0372,
    0.0297, 0.0242, 0.0198, 0.0360, 0.0176, 0.0271, 0.0256, 0.0289, 0.0285, 0.0309,
    0.0245, 0.0364,
  ]

#### reward_std
  Points: 82
  Min: 0.0029, Max: 0.3830, Mean: 0.2765
  Data: [
    0.0029, 0.2194, 0.2064, 0.1519, 0.2269, 0.2356, 0.2358, 0.1907, 0.2323, 0.3253,
    0.2402, 0.1961, 0.1864, 0.2160, 0.2250, 0.2287, 0.1517, 0.1813, 0.2488, 0.1777,
    0.2385, 0.1846, 0.2044, 0.2279, 0.2663, 0.2663, 0.2309, 0.2648, 0.2060, 0.2324,
    0.2232, 0.1939, 0.3137, 0.2844, 0.2520, 0.2718, 0.2890, 0.2216, 0.2863, 0.3174,
    0.2653, 0.2716, 0.3309, 0.2922, 0.2645, 0.2869, 0.3393, 0.2912, 0.3414, 0.2641,
    0.2767, 0.3369, 0.3231, 0.3409, 0.3408, 0.3510, 0.3424, 0.3446, 0.2956, 0.2893,
    0.3190, 0.3293, 0.3754, 0.3529, 0.3394, 0.3174, 0.3268, 0.3574, 0.3605, 0.3830,
    0.3388, 0.3130, 0.2878, 0.3757, 0.2690, 0.3327, 0.3169, 0.3431, 0.3434, 0.3507,
    0.3238, 0.3773,
  ]


### ACTIONS
#### abs_mean
  Points: 82
  Min: 0.4587, Max: 0.5553, Mean: 0.5021
  Data: [
    0.5218, 0.4857, 0.5355, 0.5044, 0.5361, 0.5247, 0.5429, 0.4844, 0.5110, 0.5151,
    0.4869, 0.5140, 0.4919, 0.4991, 0.5004, 0.5176, 0.5153, 0.5078, 0.5244, 0.4966,
    0.5167, 0.5144, 0.4835, 0.5279, 0.5183, 0.5145, 0.5049, 0.4587, 0.5003, 0.4890,
    0.4676, 0.4674, 0.4929, 0.5009, 0.4972, 0.5128, 0.5003, 0.4934, 0.4852, 0.4817,
    0.4874, 0.4784, 0.4930, 0.5200, 0.4918, 0.5060, 0.5047, 0.4910, 0.4810, 0.5213,
    0.4955, 0.4831, 0.5117, 0.4672, 0.4982, 0.4953, 0.4912, 0.4955, 0.5063, 0.4834,
    0.5022, 0.4594, 0.5110, 0.4932, 0.5142, 0.5027, 0.4912, 0.5361, 0.5031, 0.5116,
    0.5491, 0.4938, 0.4810, 0.5079, 0.4919, 0.5337, 0.4802, 0.5137, 0.5553, 0.5003,
    0.5134, 0.4841,
  ]

#### dim0_mean
  Points: 82
  Min: -0.0997, Max: 0.2559, Mean: 0.1036
  Data: [
    -0.0545, -0.0997, 0.0909, 0.1829, 0.2559, 0.0692, -0.0717, -0.0085, 0.0593, 0.1326,
    0.0062, 0.0268, 0.1103, 0.0788, 0.1306, 0.0806, 0.1407, 0.0965, 0.1372, 0.1803,
    0.0918, 0.1206, 0.1898, 0.0466, 0.0715, 0.0467, 0.1161, 0.1009, 0.1145, 0.1261,
    0.0388, 0.1011, 0.0994, 0.0942, 0.1450, 0.1187, 0.1624, 0.1845, 0.1696, 0.1396,
    0.1289, 0.1206, 0.1067, 0.0562, 0.0507, 0.0678, 0.0866, 0.0876, 0.1429, 0.0874,
    0.1107, 0.2175, 0.0247, 0.1693, 0.1865, 0.0581, 0.1413, 0.0911, 0.1398, 0.1136,
    0.2066, 0.1211, 0.1334, 0.1592, 0.0299, 0.0931, 0.1197, 0.0980, 0.1195, 0.1220,
    0.1376, 0.1107, 0.1254, 0.1019, 0.1178, 0.0553, 0.0413, 0.1266, 0.0983, 0.1178,
    0.1049, 0.1462,
  ]

#### dim1_mean
  Points: 82
  Min: -0.2400, Max: 0.1304, Mean: -0.0229
  Data: [
    -0.2400, 0.1304, 0.0722, -0.0501, -0.0115, 0.1001, 0.0001, 0.0718, -0.0318, -0.0706,
    -0.0037, -0.0094, -0.0798, 0.0047, 0.0834, 0.0747, -0.1452, 0.0242, 0.0085, -0.0890,
    0.0743, -0.0658, 0.0135, 0.0406, 0.0739, -0.0184, -0.0261, -0.0425, -0.0487, 0.0234,
    -0.0315, 0.0383, 0.0070, -0.0120, -0.0094, -0.0406, -0.0254, 0.0129, 0.0409, 0.0128,
    0.0489, 0.0053, -0.0266, 0.0185, 0.0312, -0.0206, -0.0571, 0.0024, -0.0426, -0.0241,
    0.0252, -0.0635, -0.0596, -0.0371, -0.0559, -0.0351, -0.0729, -0.0730, 0.0100, 0.0320,
    0.0485, -0.1154, -0.0911, -0.0985, 0.0073, -0.0566, -0.0111, -0.0650, -0.1095, -0.1195,
    -0.0484, -0.0336, -0.0987, -0.0378, -0.0325, -0.0519, -0.0985, -0.0095, -0.0985, -0.1129,
    -0.0270, -0.0767,
  ]

#### dim2_mean
  Points: 82
  Min: -0.3506, Max: 0.1006, Mean: -0.0873
  Data: [
    -0.0965, -0.1110, -0.1042, -0.0722, -0.3438, -0.3506, -0.1298, -0.0675, -0.2134, -0.1008,
    0.1006, -0.1301, -0.2068, -0.1233, -0.1343, -0.1550, -0.0294, -0.2349, -0.2032, -0.1610,
    -0.1776, -0.1496, -0.2368, -0.0670, -0.1884, -0.1836, -0.1616, -0.1810, -0.1335, -0.1162,
    -0.0393, -0.0775, -0.0065, -0.0385, -0.0825, -0.0512, 0.0115, -0.0358, -0.0526, -0.0778,
    -0.1175, -0.1078, -0.0838, -0.1028, -0.0340, -0.0487, -0.0224, -0.0242, -0.0933, -0.0970,
    -0.0464, -0.0907, -0.0489, -0.0339, -0.0219, -0.0086, -0.0188, -0.0436, -0.0550, -0.1117,
    -0.0512, -0.0483, -0.0810, -0.1379, -0.0203, -0.0513, -0.0389, -0.0545, -0.0468, -0.0694,
    -0.0393, -0.0531, -0.0635, 0.0509, -0.0320, -0.0128, -0.0517, -0.0353, -0.0106, -0.1316,
    -0.0364, -0.0184,
  ]

#### dim3_mean
  Points: 82
  Min: -0.1704, Max: 0.1494, Mean: -0.0560
  Data: [
    0.1494, -0.0026, 0.0039, 0.0395, -0.0545, -0.0124, 0.0332, -0.0115, -0.1589, -0.0422,
    0.0051, 0.0875, 0.0712, 0.0467, -0.0541, 0.0017, -0.0592, -0.0536, -0.0638, -0.1032,
    -0.0512, -0.0721, -0.0560, -0.0203, -0.0100, -0.0993, -0.0533, -0.0899, -0.0831, -0.1084,
    -0.0389, -0.1704, -0.0709, -0.1212, -0.0662, -0.1198, -0.0631, -0.0721, -0.0864, -0.1322,
    -0.0488, -0.0289, -0.0027, 0.0156, -0.0898, -0.1411, -0.0871, -0.1137, -0.0846, -0.1536,
    -0.0463, -0.0612, -0.0580, -0.0802, -0.0665, -0.0738, -0.0750, -0.0638, -0.1192, -0.0170,
    -0.0543, -0.0651, -0.0433, -0.0627, -0.0190, -0.0819, -0.0819, -0.0211, -0.0670, -0.0680,
    -0.0358, -0.1531, -0.0787, -0.0888, -0.0957, -0.0764, -0.0580, -0.0844, -0.0413, -0.0428,
    -0.0258, -0.0872,
  ]

#### max
  Points: 82
  Min: 0.9981, Max: 1.0000, Mean: 0.9999
  Data: [
    0.9981, 0.9998, 1.0000, 0.9999, 1.0000, 0.9999, 0.9999, 0.9999, 1.0000, 0.9999,
    0.9996, 0.9998, 0.9999, 1.0000, 1.0000, 0.9999, 1.0000, 0.9999, 0.9999, 0.9998,
    0.9999, 0.9999, 0.9998, 1.0000, 0.9999, 0.9999, 0.9999, 1.0000, 1.0000, 0.9999,
    0.9998, 0.9996, 1.0000, 1.0000, 1.0000, 1.0000, 0.9999, 1.0000, 1.0000, 0.9999,
    0.9999, 0.9999, 1.0000, 0.9999, 1.0000, 0.9999, 0.9999, 0.9999, 0.9999, 0.9999,
    0.9999, 1.0000, 0.9999, 0.9999, 1.0000, 1.0000, 0.9998, 1.0000, 1.0000, 1.0000,
    0.9999, 0.9999, 1.0000, 1.0000, 1.0000, 1.0000, 0.9997, 1.0000, 1.0000, 1.0000,
    1.0000, 1.0000, 0.9998, 0.9999, 1.0000, 1.0000, 1.0000, 1.0000, 1.0000, 0.9999,
    1.0000, 0.9999,
  ]

#### mean
  Points: 82
  Min: -0.0862, Max: 0.0374, Mean: -0.0156
  Data: [
    -0.0604, -0.0207, 0.0157, 0.0250, -0.0385, -0.0484, -0.0421, -0.0039, -0.0862, -0.0202,
    0.0271, -0.0063, -0.0263, 0.0017, 0.0064, 0.0005, -0.0233, -0.0419, -0.0303, -0.0432,
    -0.0157, -0.0417, -0.0224, -0.0000, -0.0132, -0.0637, -0.0312, -0.0531, -0.0377, -0.0188,
    -0.0177, -0.0271, 0.0072, -0.0194, -0.0033, -0.0232, 0.0214, 0.0224, 0.0179, -0.0144,
    0.0029, -0.0027, -0.0016, -0.0031, -0.0105, -0.0357, -0.0200, -0.0120, -0.0194, -0.0468,
    0.0108, 0.0005, -0.0355, 0.0045, 0.0105, -0.0149, -0.0064, -0.0223, -0.0061, 0.0042,
    0.0374, -0.0269, -0.0205, -0.0350, -0.0005, -0.0242, -0.0031, -0.0107, -0.0259, -0.0337,
    0.0035, -0.0323, -0.0289, 0.0066, -0.0106, -0.0215, -0.0417, -0.0006, -0.0130, -0.0424,
    0.0039, -0.0090,
  ]

#### min
  Points: 82
  Min: -1.0000, Max: -0.9955, Mean: -0.9999
  Data: [
    -0.9955, -1.0000, -0.9999, -0.9999, -0.9999, -1.0000, -0.9999, -1.0000, -1.0000, -1.0000,
    -0.9999, -0.9999, -0.9999, -0.9997, -1.0000, -1.0000, -0.9999, -0.9999, -1.0000, -0.9999,
    -0.9999, -1.0000, -0.9999, -1.0000, -1.0000, -1.0000, -1.0000, -0.9999, -0.9999, -0.9999,
    -1.0000, -0.9999, -1.0000, -1.0000, -0.9999, -1.0000, -0.9999, -0.9999, -0.9999, -1.0000,
    -1.0000, -0.9999, -0.9998, -1.0000, -0.9999, -1.0000, -1.0000, -0.9999, -0.9999, -1.0000,
    -1.0000, -1.0000, -1.0000, -1.0000, -0.9999, -1.0000, -0.9996, -1.0000, -0.9999, -1.0000,
    -0.9998, -1.0000, -1.0000, -0.9999, -0.9999, -1.0000, -1.0000, -1.0000, -1.0000, -0.9999,
    -1.0000, -1.0000, -0.9998, -1.0000, -0.9999, -1.0000, -1.0000, -0.9999, -1.0000, -1.0000,
    -1.0000, -0.9999,
  ]

#### std
  Points: 82
  Min: 0.5355, Max: 0.6352, Mean: 0.5828
  Data: [
    0.5902, 0.5665, 0.6165, 0.5889, 0.6121, 0.6004, 0.6208, 0.5721, 0.5844, 0.5961,
    0.5691, 0.5961, 0.5729, 0.5844, 0.5799, 0.5988, 0.5961, 0.5829, 0.6002, 0.5770,
    0.5944, 0.5948, 0.5602, 0.6078, 0.5978, 0.5897, 0.5836, 0.5355, 0.5802, 0.5705,
    0.5490, 0.5445, 0.5746, 0.5823, 0.5790, 0.5915, 0.5826, 0.5750, 0.5687, 0.5622,
    0.5697, 0.5643, 0.5760, 0.6015, 0.5738, 0.5835, 0.5849, 0.5733, 0.5615, 0.5984,
    0.5787, 0.5667, 0.5933, 0.5477, 0.5800, 0.5785, 0.5720, 0.5782, 0.5874, 0.5666,
    0.5819, 0.5422, 0.5912, 0.5731, 0.5975, 0.5859, 0.5729, 0.6158, 0.5865, 0.5927,
    0.6302, 0.5771, 0.5622, 0.5885, 0.5739, 0.6156, 0.5616, 0.5955, 0.6352, 0.5801,
    0.5955, 0.5676,
  ]


### GRADIENTS
#### actor_norm
  Points: 82
  Min: 0.0185, Max: 0.8413, Mean: 0.0834
  Data: [
    0.8413, 0.0201, 0.0239, 0.0185, 0.0592, 0.0641, 0.0526, 0.0498, 0.0646, 0.0779,
    0.0953, 0.0558, 0.0803, 0.0678, 0.0742, 0.0999, 0.0599, 0.0586, 0.1058, 0.0636,
    0.0745, 0.0563, 0.0994, 0.0917, 0.0688, 0.0738, 0.0691, 0.1138, 0.0712, 0.0996,
    0.1367, 0.1488, 0.0815, 0.1001, 0.0877, 0.1705, 0.1399, 0.1054, 0.1012, 0.1260,
    0.1183, 0.0806, 0.0997, 0.0871, 0.0971, 0.0594, 0.0705, 0.0776, 0.0705, 0.0786,
    0.0590, 0.0675, 0.0610, 0.0816, 0.0953, 0.0568, 0.0920, 0.0668, 0.0721, 0.0589,
    0.0478, 0.0513, 0.0798, 0.0449, 0.0544, 0.0679, 0.0524, 0.0680, 0.0603, 0.0663,
    0.0646, 0.0423, 0.0647, 0.0537, 0.0379, 0.0646, 0.0584, 0.0652, 0.0437, 0.0481,
    0.0489, 0.0503,
  ]

#### critic_norm
  Points: 82
  Min: 0.1769, Max: 3.4601, Mean: 0.4081
  Data: [
    3.4601, 0.4592, 0.3765, 0.8047, 0.5542, 0.5787, 0.4031, 0.4191, 0.4389, 0.7378,
    0.3548, 0.5640, 0.6976, 0.4305, 0.6430, 0.4366, 0.6291, 0.7879, 0.7484, 0.5273,
    0.6320, 0.5126, 0.6071, 0.6160, 0.4364, 0.7004, 0.4011, 0.4212, 0.4416, 0.3712,
    0.7380, 0.2424, 0.4042, 0.2311, 0.4163, 0.3642, 0.3186, 0.3275, 0.2538, 0.2737,
    0.2635, 0.2564, 0.2572, 0.1882, 0.1842, 0.3022, 0.3376, 0.2514, 0.4626, 0.2321,
    0.3996, 0.5481, 0.1769, 0.2173, 0.2473, 0.1886, 0.2677, 0.2617, 0.2073, 0.1833,
    0.3041, 0.2737, 0.1978, 0.3295, 0.2157, 0.2567, 0.2887, 0.1922, 0.2142, 0.1822,
    0.3465, 0.2121, 0.1794, 0.1908, 0.2782, 0.1809, 0.2263, 0.2735, 0.2317, 0.2828,
    0.1971, 0.2186,
  ]

#### world_model_norm
  Points: 82
  Min: 3.8586, Max: 96.4321, Mean: 18.0827
  Data: [
    7.9017, 4.8904, 3.8586, 5.6719, 4.9806, 5.8070, 11.2528, 4.8043, 13.5345, 12.3641,
    8.5790, 8.9219, 5.1601, 6.7973, 9.0887, 6.4839, 6.3637, 7.7273, 13.4723, 6.4414,
    18.3005, 20.9267, 18.2990, 9.3716, 40.5436, 9.6203, 25.3985, 8.5694, 9.7235, 21.7090,
    18.5727, 15.5556, 14.1415, 26.2163, 8.1347, 10.3816, 7.4548, 7.0835, 28.2806, 15.9322,
    5.7588, 14.8532, 50.8400, 28.0718, 20.4360, 7.4767, 24.8762, 17.2906, 34.9450, 11.8711,
    21.0350, 26.6645, 8.0882, 43.1578, 8.9217, 10.0528, 28.4213, 30.9782, 20.0928, 19.0206,
    6.4288, 40.6221, 44.6723, 20.0015, 12.4678, 11.8567, 35.9086, 12.6938, 17.0463, 16.2844,
    8.7551, 9.1270, 7.4855, 14.2462, 48.8018, 16.0063, 50.7674, 58.0139, 8.3100, 20.2242,
    5.4633, 96.4321,
  ]


### DIAGNOSTICS
#### advantage_contribution
  Points: 82
  Min: 0.0361, Max: 18.3857, Mean: 0.3157
  Data: [
    18.3857, 0.1021, 0.0750, 0.0917, 0.1239, 0.1732, 0.1296, 0.1101, 0.1257, 0.1479,
    0.0949, 0.1360, 0.1266, 0.1297, 0.1378, 0.1209, 0.0903, 0.1008, 0.1232, 0.0832,
    0.1046, 0.0838, 0.1045, 0.1027, 0.0927, 0.1142, 0.0976, 0.1053, 0.0958, 0.0955,
    0.2255, 0.1150, 0.1288, 0.1333, 0.1308, 0.1789, 0.1405, 0.1106, 0.1073, 0.1417,
    0.1341, 0.0999, 0.0863, 0.0881, 0.0832, 0.0821, 0.0858, 0.0876, 0.0650, 0.0951,
    0.0616, 0.0728, 0.0698, 0.0634, 0.0835, 0.0595, 0.0804, 0.0770, 0.0710, 0.0515,
    0.0688, 0.0571, 0.0808, 0.0511, 0.0635, 0.0674, 0.0696, 0.0658, 0.0658, 0.0614,
    0.0609, 0.0580, 0.0524, 0.0606, 0.0444, 0.0508, 0.0472, 0.0700, 0.0445, 0.0483,
    0.0361, 0.0509,
  ]

#### entropy_advantage_ratio
  Points: 82
  Min: 0.0001, Max: 0.0347, Mean: 0.0140
  Data: [
    0.0001, 0.0128, 0.0200, 0.0133, 0.0099, 0.0069, 0.0093, 0.0106, 0.0083, 0.0077,
    0.0117, 0.0086, 0.0087, 0.0089, 0.0071, 0.0100, 0.0126, 0.0113, 0.0097, 0.0136,
    0.0106, 0.0149, 0.0116, 0.0126, 0.0113, 0.0098, 0.0111, 0.0095, 0.0114, 0.0123,
    0.0044, 0.0082, 0.0085, 0.0076, 0.0090, 0.0059, 0.0077, 0.0098, 0.0104, 0.0080,
    0.0087, 0.0111, 0.0123, 0.0132, 0.0128, 0.0129, 0.0117, 0.0128, 0.0160, 0.0126,
    0.0194, 0.0153, 0.0171, 0.0165, 0.0146, 0.0184, 0.0132, 0.0157, 0.0167, 0.0226,
    0.0162, 0.0193, 0.0151, 0.0226, 0.0172, 0.0172, 0.0160, 0.0188, 0.0175, 0.0180,
    0.0200, 0.0197, 0.0218, 0.0184, 0.0254, 0.0263, 0.0243, 0.0168, 0.0260, 0.0252,
    0.0347, 0.0217,
  ]

#### entropy_contribution
  Points: 82
  Min: 0.0009, Max: 0.0015, Mean: 0.0011
  Data: [
    0.0015, 0.0013, 0.0015, 0.0012, 0.0012, 0.0012, 0.0012, 0.0012, 0.0010, 0.0011,
    0.0011, 0.0012, 0.0011, 0.0012, 0.0010, 0.0012, 0.0011, 0.0011, 0.0012, 0.0011,
    0.0011, 0.0012, 0.0012, 0.0013, 0.0010, 0.0011, 0.0011, 0.0010, 0.0011, 0.0012,
    0.0010, 0.0009, 0.0011, 0.0010, 0.0012, 0.0011, 0.0011, 0.0011, 0.0011, 0.0011,
    0.0012, 0.0011, 0.0011, 0.0012, 0.0011, 0.0011, 0.0010, 0.0011, 0.0010, 0.0012,
    0.0012, 0.0011, 0.0012, 0.0010, 0.0012, 0.0011, 0.0011, 0.0012, 0.0012, 0.0012,
    0.0011, 0.0011, 0.0012, 0.0012, 0.0011, 0.0012, 0.0011, 0.0012, 0.0012, 0.0011,
    0.0012, 0.0011, 0.0011, 0.0011, 0.0011, 0.0013, 0.0011, 0.0012, 0.0012, 0.0012,
    0.0012, 0.0011,
  ]

#### return_range_S
  Points: 82
  Min: 0.2323, Max: 15.9416, Mean: 4.0624
  Data: [
    0.2323, 15.3732, 15.9416, 10.2774, 4.9856, 4.1684, 5.0556, 5.7684, 5.5973, 4.9791,
    4.4792, 4.4869, 4.3047, 3.8582, 3.9120, 3.4801, 3.7762, 4.0408, 4.5911, 4.4540,
    4.6463, 4.9242, 4.4172, 4.6343, 4.5744, 4.8629, 4.6120, 4.2939, 3.9983, 3.8775,
    3.5427, 2.8972, 3.2101, 2.9201, 2.8616, 2.4205, 2.5164, 2.6637, 2.7899, 2.7178,
    2.9311, 2.9994, 2.8290, 2.7911, 2.9906, 3.2642, 3.5914, 3.2292, 3.4357, 3.4390,
    3.5858, 3.4674, 3.5357, 3.4694, 3.5395, 3.5610, 3.3093, 3.2946, 3.4370, 3.2009,
    3.2179, 3.2114, 3.3261, 3.1968, 3.4443, 3.3908, 3.5775, 3.6075, 3.7026, 3.6997,
    3.8160, 3.8671, 3.6162, 3.8331, 3.8084, 3.6181, 3.8164, 3.8302, 3.8439, 3.9583,
    3.9042, 3.7861,
  ]

#### return_range_at_floor
  Points: 82
  Min: 0.0000, Max: 1.0000, Mean: 0.0122
  Data: [
    1.0000, 0.0000, 0.0000, 0.0000, 0.0000, 0.0000, 0.0000, 0.0000, 0.0000, 0.0000,
    0.0000, 0.0000, 0.0000, 0.0000, 0.0000, 0.0000, 0.0000, 0.0000, 0.0000, 0.0000,
    0.0000, 0.0000, 0.0000, 0.0000, 0.0000, 0.0000, 0.0000, 0.0000, 0.0000, 0.0000,
    0.0000, 0.0000, 0.0000, 0.0000, 0.0000, 0.0000, 0.0000, 0.0000, 0.0000, 0.0000,
    0.0000, 0.0000, 0.0000, 0.0000, 0.0000, 0.0000, 0.0000, 0.0000, 0.0000, 0.0000,
    0.0000, 0.0000, 0.0000, 0.0000, 0.0000, 0.0000, 0.0000, 0.0000, 0.0000, 0.0000,
    0.0000, 0.0000, 0.0000, 0.0000, 0.0000, 0.0000, 0.0000, 0.0000, 0.0000, 0.0000,
    0.0000, 0.0000, 0.0000, 0.0000, 0.0000, 0.0000, 0.0000, 0.0000, 0.0000, 0.0000,
    0.0000, 0.0000,
  ]


### SPARSE_SIGNAL
#### advantage_nonzero_frac
  Points: 82
  Min: 0.4532, Max: 1.0000, Mean: 0.7330
  Data: [
    1.0000, 0.7056, 0.7194, 0.8345, 0.8557, 0.8895, 0.8634, 0.8405, 0.8582, 0.8453,
    0.7600, 0.8538, 0.8253, 0.7888, 0.8710, 0.8196, 0.7880, 0.7868, 0.7859, 0.7748,
    0.8265, 0.7531, 0.7956, 0.8145, 0.8018, 0.7931, 0.7878, 0.8157, 0.7899, 0.7849,
    0.8988, 0.7729, 0.8149, 0.8155, 0.8417, 0.8665, 0.8335, 0.7952, 0.7681, 0.8282,
    0.7605, 0.7800, 0.7389, 0.7220, 0.7576, 0.7393, 0.7312, 0.6594, 0.6279, 0.6734,
    0.6488, 0.7195, 0.6306, 0.6931, 0.6449, 0.6526, 0.6951, 0.7213, 0.7031, 0.5734,
    0.7511, 0.6907, 0.6813, 0.7002, 0.6958, 0.6806, 0.6454, 0.6245, 0.6150, 0.6296,
    0.6268, 0.6218, 0.5806, 0.6298, 0.5548, 0.4778, 0.5740, 0.6519, 0.5534, 0.5613,
    0.4532, 0.5680,
  ]

#### advantage_significant_frac
  Points: 82
  Min: 0.0572, Max: 1.0000, Mean: 0.1784
  Data: [
    1.0000, 0.1321, 0.0808, 0.1651, 0.2314, 0.3327, 0.2944, 0.2239, 0.2796, 0.2649,
    0.1830, 0.2738, 0.2779, 0.2684, 0.2884, 0.2177, 0.1837, 0.2235, 0.2588, 0.1664,
    0.2333, 0.1686, 0.1987, 0.1974, 0.1925, 0.2816, 0.1902, 0.2262, 0.1851, 0.1850,
    0.4385, 0.1838, 0.2035, 0.2567, 0.2379, 0.3057, 0.2199, 0.1845, 0.1665, 0.2380,
    0.2133, 0.1857, 0.1478, 0.1587, 0.1350, 0.1568, 0.1475, 0.1579, 0.1151, 0.1517,
    0.0999, 0.1254, 0.1199, 0.1157, 0.1323, 0.0945, 0.1298, 0.1301, 0.1166, 0.0930,
    0.1235, 0.0939, 0.1432, 0.0732, 0.1051, 0.1062, 0.1307, 0.1128, 0.0976, 0.0932,
    0.0917, 0.0930, 0.0804, 0.1025, 0.0623, 0.0724, 0.0767, 0.1208, 0.0743, 0.0706,
    0.0572, 0.0832,
  ]

#### event_rate_in_batch
  Points: 82
  Min: 0.0020, Max: 0.0383, Mean: 0.0193
  Data: [
    0.0101, 0.0101, 0.0071, 0.0040, 0.0091, 0.0060, 0.0101, 0.0020, 0.0081, 0.0121,
    0.0171, 0.0060, 0.0040, 0.0141, 0.0081, 0.0141, 0.0030, 0.0121, 0.0141, 0.0060,
    0.0161, 0.0081, 0.0081, 0.0101, 0.0161, 0.0141, 0.0121, 0.0181, 0.0101, 0.0181,
    0.0101, 0.0121, 0.0262, 0.0151, 0.0161, 0.0141, 0.0202, 0.0161, 0.0171, 0.0192,
    0.0131, 0.0121, 0.0292, 0.0202, 0.0252, 0.0192, 0.0212, 0.0202, 0.0262, 0.0151,
    0.0232, 0.0323, 0.0323, 0.0222, 0.0242, 0.0282, 0.0272, 0.0302, 0.0232, 0.0272,
    0.0232, 0.0222, 0.0383, 0.0353, 0.0262, 0.0222, 0.0282, 0.0282, 0.0333, 0.0323,
    0.0262, 0.0232, 0.0181, 0.0373, 0.0222, 0.0323, 0.0262, 0.0312, 0.0363, 0.0282,
    0.0272, 0.0363,
  ]

#### lambda_return_abs_mean
  Points: 82
  Min: 0.6841, Max: 24.0362, Mean: 3.5822
  Data: [
    1.6669, 24.0362, 15.0902, 7.3631, 4.5086, 3.9190, 4.0584, 3.4302, 3.0973, 3.1077,
    2.2113, 2.3140, 2.0791, 1.6000, 1.7725, 1.1554, 0.6969, 0.6841, 1.0793, 1.0467,
    1.4390, 1.4369, 2.1194, 2.1091, 2.3227, 2.1222, 2.4945, 3.1097, 2.8194, 3.4512,
    3.7116, 4.0849, 4.0580, 4.0367, 3.4887, 3.6751, 3.8309, 3.7223, 3.6778, 3.9303,
    3.4425, 3.5093, 3.7875, 3.7349, 3.7464, 3.6771, 4.0206, 3.5127, 3.7735, 3.4135,
    3.4907, 3.4877, 3.6824, 3.5759, 3.5403, 3.6224, 3.6509, 3.4718, 3.4664, 3.6195,
    3.3511, 3.5043, 3.5845, 3.4936, 3.6719, 3.3491, 3.4238, 3.2920, 3.5833, 3.5820,
    3.2547, 3.4400, 3.3761, 3.5687, 3.0943, 3.0812, 3.3729, 3.4343, 3.2710, 3.4744,
    3.2099, 3.5440,
  ]

#### lambda_return_nonzero_frac
  Points: 82
  Min: 0.8584, Max: 1.0000, Mean: 0.9888
  Data: [
    1.0000, 1.0000, 0.9997, 0.9999, 0.9989, 0.9994, 0.9973, 0.9970, 0.9939, 0.9958,
    0.9943, 0.9902, 0.9914, 0.9850, 0.9903, 0.9833, 0.8614, 0.8942, 0.8584, 0.8918,
    0.9419, 0.9501, 0.9919, 0.9870, 0.9876, 0.9655, 0.9948, 0.9975, 0.9982, 0.9991,
    0.9974, 0.9994, 0.9996, 1.0000, 0.9991, 0.9996, 0.9991, 0.9995, 0.9999, 0.9997,
    0.9986, 0.9999, 1.0000, 0.9997, 1.0000, 0.9999, 0.9999, 0.9991, 0.9999, 0.9987,
    0.9998, 0.9996, 0.9991, 1.0000, 0.9997, 1.0000, 1.0000, 1.0000, 0.9996, 0.9991,
    0.9996, 0.9999, 0.9996, 1.0000, 0.9996, 0.9993, 0.9995, 0.9996, 0.9988, 0.9993,
    0.9536, 0.9457, 1.0000, 0.9999, 1.0000, 0.9993, 0.9999, 0.9990, 0.9997, 0.9860,
    0.9847, 1.0000,
  ]

#### lambda_return_significant_frac
  Points: 82
  Min: 0.2018, Max: 0.9996, Mean: 0.8908
  Data: [
    0.7857, 0.9992, 0.9958, 0.9963, 0.9869, 0.9909, 0.9662, 0.9443, 0.9269, 0.9222,
    0.8448, 0.8437, 0.8257, 0.6155, 0.7566, 0.4646, 0.2018, 0.2087, 0.3464, 0.3880,
    0.4644, 0.4896, 0.8592, 0.6731, 0.6642, 0.5951, 0.8643, 0.9569, 0.9749, 0.9934,
    0.9782, 0.9966, 0.9936, 0.9976, 0.9929, 0.9953, 0.9917, 0.9970, 0.9957, 0.9968,
    0.9861, 0.9951, 0.9984, 0.9981, 0.9996, 0.9980, 0.9970, 0.9937, 0.9770, 0.9607,
    0.9614, 0.9793, 0.9954, 0.9718, 0.9594, 0.9664, 0.9979, 0.9671, 0.9826, 0.9354,
    0.9722, 0.9971, 0.9342, 0.9765, 0.9916, 0.9636, 0.9634, 0.8792, 0.9700, 0.9630,
    0.9435, 0.9333, 0.9626, 0.9673, 0.8808, 0.8903, 0.9381, 0.9844, 0.9361, 0.9666,
    0.9355, 0.9978,
  ]

#### nonsparse_pred_error
  Points: 82
  Min: 0.0044, Max: 0.1990, Mean: 0.0143
  Data: [
    0.1990, 0.0344, 0.0212, 0.0141, 0.0306, 0.0261, 0.0223, 0.0143, 0.0171, 0.0298,
    0.0132, 0.0203, 0.0204, 0.0192, 0.0156, 0.0170, 0.0119, 0.0164, 0.0116, 0.0096,
    0.0110, 0.0230, 0.0104, 0.0073, 0.0144, 0.0131, 0.0143, 0.0159, 0.0074, 0.0106,
    0.0111, 0.0062, 0.0244, 0.0080, 0.0115, 0.0224, 0.0099, 0.0061, 0.0117, 0.0208,
    0.0097, 0.0093, 0.0082, 0.0052, 0.0096, 0.0053, 0.0081, 0.0084, 0.0175, 0.0082,
    0.0053, 0.0083, 0.0081, 0.0076, 0.0116, 0.0068, 0.0113, 0.0134, 0.0055, 0.0073,
    0.0054, 0.0152, 0.0102, 0.0089, 0.0069, 0.0068, 0.0169, 0.0090, 0.0059, 0.0066,
    0.0060, 0.0058, 0.0044, 0.0128, 0.0070, 0.0081, 0.0070, 0.0066, 0.0049, 0.0059,
    0.0060, 0.0096,
  ]

#### num_sparse_events
  Points: 82
  Min: 2.0000, Max: 38.0000, Mean: 19.1220
  Data: [
    10.0000, 10.0000, 7.0000, 4.0000, 9.0000, 6.0000, 10.0000, 2.0000, 8.0000, 12.0000,
    17.0000, 6.0000, 4.0000, 14.0000, 8.0000, 14.0000, 3.0000, 12.0000, 14.0000, 6.0000,
    16.0000, 8.0000, 8.0000, 10.0000, 16.0000, 14.0000, 12.0000, 18.0000, 10.0000, 18.0000,
    10.0000, 12.0000, 26.0000, 15.0000, 16.0000, 14.0000, 20.0000, 16.0000, 17.0000, 19.0000,
    13.0000, 12.0000, 29.0000, 20.0000, 25.0000, 19.0000, 21.0000, 20.0000, 26.0000, 15.0000,
    23.0000, 32.0000, 32.0000, 22.0000, 24.0000, 28.0000, 27.0000, 30.0000, 23.0000, 27.0000,
    23.0000, 22.0000, 38.0000, 35.0000, 26.0000, 22.0000, 28.0000, 28.0000, 33.0000, 32.0000,
    26.0000, 23.0000, 18.0000, 37.0000, 22.0000, 32.0000, 26.0000, 31.0000, 36.0000, 28.0000,
    27.0000, 36.0000,
  ]

#### reward_max
  Points: 82
  Min: 0.0000, Max: 2.5000, Mean: 2.2866
  Data: [
    2.5000, 2.5000, 0.0000, 2.5000, 2.5000, 2.5000, 2.5000, 0.0000, 0.0000, 2.5000,
    2.5000, 2.5000, 0.0000, 2.5000, 0.0000, 2.5000, 0.0000, 0.0000, 2.5000, 2.5000,
    2.5000, 2.5000, 2.5000, 2.5000, 2.5000, 2.5000, 2.5000, 2.5000, 2.5000, 2.5000,
    2.5000, 2.5000, 2.5000, 2.5000, 2.5000, 2.5000, 2.5000, 2.5000, 2.5000, 2.5000,
    2.5000, 2.5000, 2.5000, 2.5000, 2.5000, 2.5000, 2.5000, 2.5000, 2.5000, 2.5000,
    2.5000, 2.5000, 2.5000, 2.5000, 2.5000, 2.5000, 2.5000, 2.5000, 2.5000, 2.5000,
    2.5000, 2.5000, 2.5000, 2.5000, 2.5000, 2.5000, 2.5000, 2.5000, 2.5000, 2.5000,
    2.5000, 2.5000, 2.5000, 2.5000, 2.5000, 2.5000, 2.5000, 2.5000, 2.5000, 2.5000,
    2.5000, 2.5000,
  ]

#### reward_min
  Points: 82
  Min: -2.6245, Max: -0.0924, Mean: -1.6300
  Data: [
    -2.6176, -2.6245, -2.5714, -2.5352, -2.6027, -2.6148, -2.6103, -2.5097, -2.5776, -2.5949,
    -2.6027, -2.6127, -2.5894, -2.5918, -2.6176, -2.5732, -2.5632, -2.6027, -2.6070, -2.5661,
    -2.6014, -0.2929, -2.5933, -2.5635, -2.5681, -2.5634, -2.5861, -2.5744, -2.5578, -2.5864,
    -2.5523, -2.5776, -2.6039, -2.5798, -2.5639, -0.1421, -2.5990, -2.5404, -2.5673, -0.1922,
    -2.6091, -2.5497, -2.5679, -0.1381, -2.5754, -2.5896, -2.5608, -0.1140, -0.1842, -2.5616,
    -0.1055, -0.1731, -2.5665, -0.1544, -0.1107, -0.1168, -2.5522, -0.1514, -0.1099, -0.2083,
    -0.0945, -0.1322, -0.1456, -0.0988, -2.5620, -0.0993, -0.1500, -2.5924, -0.1103, -0.1441,
    -2.5969, -0.2711, -0.1558, -0.0924, -0.1819, -2.6052, -0.1140, -0.1071, -0.1024, -0.1481,
    -0.1481, -0.1138,
  ]

#### reward_range
  Points: 82
  Min: 2.5097, Max: 5.1245, Mean: 3.9165
  Data: [
    5.1176, 5.1245, 2.5714, 5.0352, 5.1027, 5.1148, 5.1103, 2.5097, 2.5776, 5.0949,
    5.1027, 5.1127, 2.5894, 5.0918, 2.6176, 5.0732, 2.5632, 2.6027, 5.1070, 5.0661,
    5.1014, 2.7929, 5.0933, 5.0635, 5.0681, 5.0634, 5.0861, 5.0744, 5.0578, 5.0864,
    5.0523, 5.0776, 5.1039, 5.0798, 5.0639, 2.6421, 5.0990, 5.0404, 5.0673, 2.6922,
    5.1091, 5.0497, 5.0679, 2.6381, 5.0754, 5.0896, 5.0608, 2.6140, 2.6842, 5.0616,
    2.6055, 2.6731, 5.0665, 2.6544, 2.6107, 2.6168, 5.0522, 2.6514, 2.6099, 2.7083,
    2.5945, 2.6322, 2.6456, 2.5988, 5.0620, 2.5993, 2.6500, 5.0924, 2.6103, 2.6441,
    5.0969, 2.7711, 2.6558, 2.5924, 2.6819, 5.1052, 2.6140, 2.6071, 2.6024, 2.6481,
    2.6481, 2.6138,
  ]

#### reward_variance
  Points: 82
  Min: 0.0120, Max: 0.1528, Mean: 0.0821
  Data: [
    0.0472, 0.0489, 0.0356, 0.0222, 0.0454, 0.0313, 0.0489, 0.0120, 0.0382, 0.0564,
    0.0795, 0.0301, 0.0212, 0.0650, 0.0399, 0.0630, 0.0193, 0.0550, 0.0653, 0.0310,
    0.0730, 0.0372, 0.0381, 0.0440, 0.0707, 0.0618, 0.0550, 0.0790, 0.0435, 0.0782,
    0.0434, 0.0526, 0.1134, 0.0686, 0.0687, 0.0592, 0.0877, 0.0718, 0.0769, 0.0819,
    0.0604, 0.0520, 0.1234, 0.0829, 0.1076, 0.0842, 0.0923, 0.0835, 0.1073, 0.0666,
    0.0956, 0.1306, 0.1316, 0.0911, 0.0987, 0.1147, 0.1165, 0.1226, 0.0970, 0.1127,
    0.0968, 0.0911, 0.1528, 0.1432, 0.1130, 0.0902, 0.1183, 0.1167, 0.1354, 0.1306,
    0.1098, 0.0972, 0.0750, 0.1510, 0.0899, 0.1367, 0.1066, 0.1284, 0.1500, 0.1146,
    0.1124, 0.1453,
  ]

#### sparse_actual_mean
  Points: 82
  Min: -2.1554, Max: 1.9196, Mean: 0.8359
  Data: [
    -1.2029, -0.4446, -2.0315, -0.0217, -1.1797, 0.5784, -1.1983, -1.8919, -1.9468, -1.3216,
    -0.3434, -0.6848, -1.9453, -0.8683, -1.9753, -0.2944, -2.1554, -1.9425, -0.3238, -0.6744,
    -0.0397, 1.8750, -1.0075, 1.1090, 0.9192, 1.3279, -1.3154, 1.0227, 1.1115, 1.4469,
    0.3531, 1.2346, 0.9848, 0.8948, 1.3968, 1.8750, 0.7223, 1.4787, 0.5653, 1.9079,
    0.1505, 1.2404, 1.6323, 1.8750, 1.5928, 1.0968, 1.3003, 1.8750, 1.8750, 1.4069,
    1.9022, 1.8750, 1.6357, 1.8750, 1.8750, 1.8750, 1.3338, 1.8750, 1.9022, 1.8981,
    1.9022, 1.8750, 1.8750, 1.8929, 1.6290, 1.8750, 1.9196, 1.5994, 1.8939, 1.8750,
    1.5776, 1.9022, 1.8750, 1.8919, 1.8750, 1.6719, 1.8750, 1.8952, 1.9097, 1.8750,
    1.8981, 1.8750,
  ]

#### sparse_pred_error
  Points: 82
  Min: 0.0024, Max: 1.7998, Mean: 0.1141
  Data: [
    1.7998, 0.3802, 0.2768, 0.3525, 0.0966, 0.2387, 0.1592, 0.0714, 0.1309, 0.1882,
    0.1991, 0.1541, 0.0146, 0.0862, 0.0769, 0.1365, 0.0291, 0.0693, 0.1632, 0.0435,
    0.1783, 0.1652, 0.2195, 0.0595, 0.2852, 0.0284, 0.2308, 0.0584, 0.0293, 0.0770,
    0.1320, 0.0764, 0.0404, 0.1297, 0.0381, 0.0037, 0.0367, 0.0375, 0.1468, 0.1122,
    0.0211, 0.0280, 0.1603, 0.1141, 0.1043, 0.0173, 0.1058, 0.0508, 0.1295, 0.0156,
    0.1025, 0.0244, 0.0474, 0.1289, 0.0075, 0.0304, 0.1269, 0.0398, 0.0629, 0.0583,
    0.0066, 0.1401, 0.1129, 0.0500, 0.0459, 0.0125, 0.1811, 0.0182, 0.0456, 0.0256,
    0.0080, 0.0366, 0.0119, 0.0275, 0.0893, 0.0198, 0.1052, 0.0832, 0.0024, 0.0368,
    0.0214, 0.1504,
  ]

#### sparse_pred_mean
  Points: 82
  Min: -2.1543, Max: 2.0322, Mean: 0.8373
  Data: [
    -0.2571, -0.4706, -1.8804, -0.3143, -1.1247, 0.6083, -1.2678, -1.9050, -2.0456, -1.3592,
    -0.4482, -0.5357, -1.9307, -0.8159, -2.0421, -0.2622, -2.1543, -1.8867, -0.4697, -0.6823,
    -0.0239, 2.0322, -1.1977, 1.1505, 0.6724, 1.3295, -1.0916, 0.9867, 1.0949, 1.5076,
    0.3817, 1.2934, 1.0215, 0.7698, 1.3770, 1.8732, 0.7304, 1.4478, 0.5989, 1.9188,
    0.1399, 1.2670, 1.4730, 1.7610, 1.6154, 1.0936, 1.2326, 1.9129, 1.9926, 1.3979,
    1.8623, 1.8941, 1.6253, 1.7463, 1.8782, 1.8728, 1.2096, 1.9135, 1.8511, 1.9209,
    1.9029, 1.9947, 1.7644, 1.8995, 1.6531, 1.8848, 1.8195, 1.6161, 1.9116, 1.8500,
    1.5729, 1.9031, 1.8643, 1.9021, 1.9607, 1.6901, 1.9797, 1.8127, 1.9076, 1.8387,
    1.9133, 1.7299,
  ]

#### sparse_sign_accuracy
  Points: 82
  Min: 0.8000, Max: 1.0000, Mean: 0.9976
  Data: [
    0.8000, 1.0000, 1.0000, 1.0000, 1.0000, 1.0000, 1.0000, 1.0000, 1.0000, 1.0000,
    1.0000, 1.0000, 1.0000, 1.0000, 1.0000, 1.0000, 1.0000, 1.0000, 1.0000, 1.0000,
    1.0000, 1.0000, 1.0000, 1.0000, 1.0000, 1.0000, 1.0000, 1.0000, 1.0000, 1.0000,
    1.0000, 1.0000, 1.0000, 1.0000, 1.0000, 1.0000, 1.0000, 1.0000, 1.0000, 1.0000,
    1.0000, 1.0000, 1.0000, 1.0000, 1.0000, 1.0000, 1.0000, 1.0000, 1.0000, 1.0000,
    1.0000, 1.0000, 1.0000, 1.0000, 1.0000, 1.0000, 1.0000, 1.0000, 1.0000, 1.0000,
    1.0000, 1.0000, 1.0000, 1.0000, 1.0000, 1.0000, 1.0000, 1.0000, 1.0000, 1.0000,
    1.0000, 1.0000, 1.0000, 1.0000, 1.0000, 1.0000, 1.0000, 1.0000, 1.0000, 1.0000,
    1.0000, 1.0000,
  ]

#### sparse_vs_nonsparse_error_ratio
  Points: 82
  Min: 0.1637, Max: 25.0451, Mean: 8.0000
  Data: [
    9.0439, 11.0379, 13.0677, 25.0451, 3.1518, 9.1358, 7.1251, 5.0102, 7.6613, 6.3162,
    15.1377, 7.5815, 0.7151, 4.4964, 4.9277, 8.0321, 2.4371, 4.2188, 14.0229, 4.5458,
    16.1471, 7.1775, 21.1080, 8.1096, 19.7628, 2.1632, 16.1314, 3.6711, 3.9682, 7.2916,
    11.8987, 12.2935, 1.6581, 16.2498, 3.3058, 0.1637, 3.6898, 6.1119, 12.5773, 5.3848,
    2.1850, 3.0118, 19.6593, 21.8636, 10.8900, 3.2759, 13.0450, 6.0442, 7.4133, 1.9007,
    19.1721, 2.9483, 5.8425, 17.0036, 0.6437, 4.4597, 11.2702, 2.9623, 11.4331, 8.0249,
    1.2197, 9.2262, 11.0125, 5.5990, 6.6032, 1.8513, 10.7419, 2.0357, 7.7592, 3.8789,
    1.3347, 6.3230, 2.7009, 2.1484, 12.8330, 2.4437, 15.0471, 12.6946, 0.4878, 6.2590,
    3.5415, 15.6319,
  ]

#### sparse_weight_applied
  Points: 82
  Min: 25.1053, Max: 100.0000, Mean: 59.7463
  Data: [
    98.2000, 98.2000, 100.0000, 100.0000, 100.0000, 100.0000, 98.2000, 100.0000, 100.0000, 81.6667,
    57.3529, 100.0000, 100.0000, 69.8571, 100.0000, 69.8571, 100.0000, 81.6667, 69.8571, 100.0000,
    61.0000, 100.0000, 100.0000, 98.2000, 61.0000, 69.8571, 81.6667, 54.1111, 98.2000, 54.1111,
    98.2000, 81.6667, 37.1538, 65.1333, 61.0000, 69.8571, 48.6000, 61.0000, 57.3529, 51.2105,
    75.3077, 81.6667, 33.2069, 48.6000, 38.6800, 51.2105, 46.2381, 48.6000, 37.1538, 65.1333,
    42.1304, 30.0000, 30.0000, 44.0909, 40.3333, 34.4286, 35.7407, 32.0667, 42.1304, 35.7407,
    42.1304, 44.0909, 25.1053, 27.3429, 37.1538, 44.0909, 34.4286, 34.4286, 29.0606, 30.0000,
    37.1538, 42.1304, 54.1111, 25.8108, 44.0909, 30.0000, 37.1538, 31.0000, 26.5556, 34.4286,
    35.7407, 26.5556,
  ]

#### unweighted_reward_loss
  Points: 82
  Min: 0.1392, Max: 1.8925, Mean: 0.2684
  Data: [
    1.8925, 0.4946, 0.4515, 0.4322, 0.4845, 0.4218, 0.3997, 0.3855, 0.3760, 0.3350,
    0.3347, 0.3323, 0.3635, 0.3475, 0.3484, 0.3454, 0.2815, 0.2938, 0.2577, 0.3050,
    0.2802, 0.2479, 0.2321, 0.1868, 0.2416, 0.2462, 0.2817, 0.2638, 0.1896, 0.2428,
    0.1838, 0.1942, 0.3132, 0.2208, 0.1958, 0.2582, 0.2254, 0.1845, 0.2178, 0.2486,
    0.1726, 0.2024, 0.2579, 0.1749, 0.2313, 0.2015, 0.2299, 0.2148, 0.2616, 0.1754,
    0.1392, 0.2246, 0.2102, 0.1916, 0.1869, 0.2158, 0.2440, 0.2381, 0.1839, 0.1817,
    0.1601, 0.2532, 0.2254, 0.2015, 0.2056, 0.1827, 0.2444, 0.1979, 0.1931, 0.2236,
    0.2124, 0.1628, 0.1438, 0.2209, 0.1525, 0.1633, 0.2030, 0.2056, 0.2044, 0.1794,
    0.1570, 0.2430,
  ]

#### value_lambda_gap_abs_mean
  Points: 82
  Min: 0.1020, Max: 1.6593, Mean: 0.2790
  Data: [
    1.6593, 0.8580, 0.6637, 0.5991, 0.4086, 0.4427, 0.4534, 0.4452, 0.5013, 0.5088,
    0.3030, 0.4037, 0.3854, 0.3483, 0.3994, 0.2934, 0.2526, 0.3183, 0.4230, 0.2805,
    0.3693, 0.2961, 0.3529, 0.3297, 0.3197, 0.4234, 0.3315, 0.3397, 0.2747, 0.2589,
    0.5779, 0.2378, 0.2729, 0.2668, 0.2476, 0.2846, 0.2331, 0.2004, 0.2021, 0.2497,
    0.2531, 0.2047, 0.1718, 0.1703, 0.1738, 0.1887, 0.2190, 0.2019, 0.1594, 0.2172,
    0.1581, 0.1799, 0.1737, 0.1629, 0.2003, 0.1515, 0.1884, 0.1720, 0.1625, 0.1207,
    0.1592, 0.1302, 0.1953, 0.1176, 0.1542, 0.1563, 0.1781, 0.1638, 0.1616, 0.1634,
    0.1585, 0.1511, 0.1291, 0.1630, 0.1176, 0.1226, 0.1301, 0.1865, 0.1257, 0.1259,
    0.1020, 0.1391,
  ]

#### value_lambda_gap_mean
  Points: 82
  Min: -1.6593, Max: 0.1325, Mean: -0.0100
  Data: [
    -1.6593, -0.0577, -0.0676, 0.0437, -0.0877, -0.0109, -0.1284, -0.0592, -0.0513, 0.0639,
    0.0115, 0.0406, 0.0250, -0.0160, 0.0429, -0.0001, -0.0126, 0.0360, 0.0270, 0.0413,
    0.0541, 0.0148, -0.0421, 0.0259, 0.0288, 0.0536, 0.0091, -0.0215, 0.0289, 0.0093,
    0.1325, 0.0146, 0.0340, 0.0401, -0.0034, 0.0311, 0.0023, 0.0190, 0.0077, 0.0145,
    0.0210, 0.0106, 0.0268, 0.0221, 0.0191, 0.0016, -0.0162, 0.0207, 0.0428, 0.0053,
    0.0069, 0.0342, 0.0057, 0.0266, 0.0678, 0.0123, -0.0026, 0.0018, -0.0008, 0.0139,
    -0.0142, 0.0184, 0.0006, 0.0151, 0.0028, 0.0178, 0.0453, 0.0162, 0.0103, -0.0014,
    0.0235, 0.0107, 0.0194, 0.0190, 0.0145, -0.0100, 0.0050, 0.0049, 0.0087, -0.0021,
    0.0125, 0.0097,
  ]

#### weighted_reward_loss
  Points: 82
  Min: 0.2262, Max: 2.3210, Mean: 0.3775
  Data: [
    2.3210, 0.6799, 0.5576, 0.6030, 0.4952, 0.5213, 0.4919, 0.3866, 0.4722, 0.5681,
    0.4591, 0.4134, 0.3836, 0.4545, 0.4552, 0.4126, 0.3099, 0.3764, 0.4308, 0.3599,
    0.5003, 0.4366, 0.4505, 0.2911, 0.5798, 0.2987, 0.5248, 0.3255, 0.2702, 0.3634,
    0.3230, 0.3123, 0.3540, 0.3527, 0.2741, 0.2816, 0.3056, 0.2535, 0.3855, 0.3302,
    0.2797, 0.2749, 0.4909, 0.2971, 0.3328, 0.2776, 0.3608, 0.2850, 0.4082, 0.2497,
    0.2953, 0.2746, 0.2857, 0.3403, 0.2470, 0.2713, 0.3521, 0.2950, 0.3046, 0.2674,
    0.2300, 0.4864, 0.3402, 0.2765, 0.2794, 0.2511, 0.4341, 0.2674, 0.2723, 0.2716,
    0.2681, 0.2452, 0.2262, 0.2745, 0.2823, 0.2449, 0.3329, 0.2955, 0.2493, 0.2537,
    0.2373, 0.3800,
  ]


### AUX
#### goal_accuracy
  Points: 82
  Min: 0.9294, Max: 0.9980, Mean: 0.9718
  Data: [
    0.9395, 0.9627, 0.9819, 0.9919, 0.9778, 0.9778, 0.9728, 0.9909, 0.9929, 0.9738,
    0.9657, 0.9768, 0.9839, 0.9798, 0.9798, 0.9405, 0.9980, 0.9798, 0.9748, 0.9849,
    0.9536, 0.9748, 0.9788, 0.9748, 0.9415, 0.9657, 0.9597, 0.9496, 0.9708, 0.9617,
    0.9698, 0.9960, 0.9395, 0.9577, 0.9577, 0.9637, 0.9758, 0.9667, 0.9748, 0.9405,
    0.9829, 0.9637, 0.9506, 0.9698, 0.9718, 0.9708, 0.9738, 0.9728, 0.9688, 0.9577,
    0.9768, 0.9718, 0.9526, 0.9778, 0.9738, 0.9849, 0.9607, 0.9708, 0.9960, 0.9869,
    0.9829, 0.9879, 0.9748, 0.9627, 0.9718, 0.9758, 0.9294, 0.9768, 0.9698, 0.9708,
    0.9950, 0.9637, 0.9889, 0.9788, 0.9869, 0.9819, 0.9758, 0.9758, 0.9768, 0.9748,
    0.9808, 0.9748,
  ]

#### goal_loss
  Points: 82
  Min: 0.0111, Max: 0.2482, Mean: 0.0708
  Data: [
    0.2482, 0.0814, 0.0417, 0.0245, 0.0482, 0.0431, 0.0670, 0.0339, 0.0409, 0.0658,
    0.0905, 0.0583, 0.0456, 0.0513, 0.0604, 0.1490, 0.0111, 0.0635, 0.0701, 0.0566,
    0.1280, 0.0738, 0.0619, 0.0582, 0.1205, 0.0766, 0.0938, 0.1293, 0.0954, 0.0879,
    0.0883, 0.0218, 0.1409, 0.1044, 0.0967, 0.0830, 0.0533, 0.0789, 0.0504, 0.1309,
    0.0459, 0.0824, 0.1020, 0.0762, 0.0625, 0.0657, 0.0813, 0.0623, 0.0715, 0.0752,
    0.0492, 0.0646, 0.0947, 0.0732, 0.0618, 0.0462, 0.1174, 0.0804, 0.0169, 0.0381,
    0.0427, 0.0351, 0.0676, 0.0709, 0.0682, 0.0845, 0.1217, 0.0609, 0.0592, 0.0641,
    0.0262, 0.0967, 0.0322, 0.0669, 0.0328, 0.0473, 0.0651, 0.0576, 0.0518, 0.0491,
    0.0508, 0.0586,
  ]

#### goal_positive_rate
  Points: 82
  Min: 0.0121, Max: 0.2480, Mean: 0.1172
  Data: [
    0.0605, 0.0625, 0.0353, 0.0222, 0.0454, 0.0242, 0.0776, 0.0161, 0.0504, 0.0766,
    0.0958, 0.0353, 0.0323, 0.0806, 0.0363, 0.0917, 0.0121, 0.0635, 0.0806, 0.0484,
    0.1028, 0.0605, 0.0292, 0.0675, 0.1079, 0.0827, 0.0817, 0.0968, 0.0635, 0.1270,
    0.0373, 0.0665, 0.1734, 0.1058, 0.0968, 0.0958, 0.1280, 0.0776, 0.1129, 0.1240,
    0.0726, 0.0857, 0.1935, 0.1341, 0.1512, 0.1321, 0.1573, 0.1371, 0.1472, 0.1129,
    0.1159, 0.2026, 0.1794, 0.1502, 0.1663, 0.1794, 0.1583, 0.2188, 0.1159, 0.1532,
    0.1361, 0.1331, 0.2056, 0.1744, 0.1633, 0.1452, 0.1744, 0.1925, 0.1996, 0.2127,
    0.1512, 0.1371, 0.1028, 0.2480, 0.1048, 0.1885, 0.1623, 0.1714, 0.2046, 0.1915,
    0.1220, 0.2409,
  ]

#### goal_pred_positive_rate
  Points: 82
  Min: 0.0000, Max: 0.2409, Mean: 0.1101
  Data: [
    0.0000, 0.0494, 0.0353, 0.0242, 0.0353, 0.0262, 0.0665, 0.0151, 0.0454, 0.0746,
    0.0675, 0.0363, 0.0282, 0.0605, 0.0423, 0.0444, 0.0121, 0.0514, 0.0635, 0.0373,
    0.0706, 0.0494, 0.0202, 0.0746, 0.0756, 0.0706, 0.0494, 0.0625, 0.0423, 0.0988,
    0.0534, 0.0645, 0.1331, 0.0756, 0.1149, 0.1179, 0.1341, 0.0665, 0.1220, 0.1371,
    0.0716, 0.0796, 0.1462, 0.1200, 0.1351, 0.1310, 0.1492, 0.1341, 0.1643, 0.1069,
    0.1089, 0.2107, 0.1764, 0.1603, 0.1603, 0.1865, 0.1573, 0.2016, 0.1139, 0.1462,
    0.1371, 0.1351, 0.1986, 0.1915, 0.1452, 0.1270, 0.1845, 0.1875, 0.1956, 0.2137,
    0.1462, 0.1190, 0.1099, 0.2409, 0.1038, 0.1885, 0.1744, 0.1653, 0.1996, 0.1804,
    0.1391, 0.2339,
  ]

#### puck_goal_dist_actual_mean
  Points: 82
  Min: 2.2017, Max: 3.6491, Mean: 2.8137
  Data: [
    3.4831, 3.2447, 3.6491, 3.6343, 3.4563, 3.2767, 3.3187, 3.4877, 3.3990, 2.9978,
    2.9388, 3.1952, 3.3240, 3.4051, 3.3230, 3.0816, 3.1572, 3.1554, 2.8982, 3.2561,
    2.7727, 3.2152, 2.6737, 3.2538, 2.8116, 2.6073, 3.2124, 2.8468, 2.6212, 2.7715,
    2.5889, 2.4729, 2.9199, 2.8554, 2.6120, 2.8378, 2.8208, 2.5227, 2.7509, 2.9118,
    2.6353, 2.7791, 2.8900, 2.6598, 2.7201, 2.8098, 2.8755, 2.6905, 2.4896, 2.6800,
    2.2017, 2.6345, 2.7080, 2.6751, 2.4380, 2.8332, 2.5625, 2.7316, 2.6793, 2.3136,
    2.4914, 2.5752, 2.3946, 2.5561, 2.7224, 2.6479, 2.3730, 2.7881, 2.7089, 2.8024,
    2.7684, 2.5568, 2.4554, 2.6851, 2.3509, 2.3781, 2.5440, 2.4722, 2.4996, 2.3289,
    2.3448, 2.5113,
  ]

#### puck_goal_dist_error
  Points: 82
  Min: 0.0726, Max: 1.2252, Mean: 0.1246
  Data: [
    1.2252, 0.2070, 0.1572, 0.1479, 0.1495, 0.1349, 0.1385, 0.1531, 0.1432, 0.1621,
    0.1443, 0.1471, 0.1346, 0.1318, 0.1256, 0.1273, 0.1289, 0.1510, 0.1377, 0.1296,
    0.1274, 0.1409, 0.1118, 0.1263, 0.1303, 0.1335, 0.1309, 0.1113, 0.1219, 0.1219,
    0.1165, 0.1110, 0.1170, 0.1197, 0.1251, 0.1059, 0.1032, 0.1102, 0.1127, 0.1136,
    0.1061, 0.1029, 0.0947, 0.1051, 0.0997, 0.0995, 0.1005, 0.1014, 0.0805, 0.1001,
    0.0914, 0.0868, 0.0897, 0.0906, 0.0944, 0.0937, 0.0849, 0.0851, 0.0971, 0.0898,
    0.1014, 0.0939, 0.0845, 0.0810, 0.0807, 0.1008, 0.0965, 0.0844, 0.0867, 0.0823,
    0.0961, 0.0829, 0.1001, 0.0825, 0.0984, 0.0923, 0.0949, 0.0822, 0.0867, 0.0726,
    0.0828, 0.0897,
  ]

#### puck_goal_dist_loss
  Points: 82
  Min: 0.0122, Max: 2.6601, Mean: 0.0600
  Data: [
    2.6601, 0.0781, 0.0493, 0.0506, 0.0465, 0.0384, 0.0393, 0.0432, 0.0419, 0.0506,
    0.0585, 0.0489, 0.0403, 0.0444, 0.0327, 0.0396, 0.0371, 0.0471, 0.0380, 0.0323,
    0.0376, 0.0410, 0.0261, 0.0360, 0.0377, 0.0360, 0.0389, 0.0288, 0.0307, 0.0309,
    0.0303, 0.0254, 0.0294, 0.0329, 0.0287, 0.0243, 0.0210, 0.0261, 0.0311, 0.0270,
    0.0257, 0.0267, 0.0201, 0.0264, 0.0213, 0.0213, 0.0207, 0.0215, 0.0132, 0.0209,
    0.0189, 0.0204, 0.0157, 0.0168, 0.0244, 0.0179, 0.0162, 0.0159, 0.0183, 0.0164,
    0.0208, 0.0210, 0.0163, 0.0127, 0.0152, 0.0213, 0.0188, 0.0154, 0.0187, 0.0142,
    0.0213, 0.0146, 0.0197, 0.0145, 0.0237, 0.0206, 0.0183, 0.0180, 0.0169, 0.0122,
    0.0159, 0.0152,
  ]

#### puck_goal_dist_pred_mean
  Points: 82
  Min: 2.2321, Max: 3.7207, Mean: 2.8156
  Data: [
    3.5299, 3.1204, 3.7207, 3.5885, 3.4566, 3.3106, 3.3533, 3.3898, 3.4176, 3.0508,
    2.9897, 3.1772, 3.3684, 3.4223, 3.2800, 3.0710, 3.1155, 3.0856, 2.8694, 3.2832,
    2.8009, 3.1702, 2.6796, 3.2428, 2.8444, 2.6772, 3.2160, 2.8551, 2.5815, 2.7648,
    2.6076, 2.5230, 2.9243, 2.8357, 2.6792, 2.8312, 2.8379, 2.5187, 2.7455, 2.9130,
    2.6196, 2.7599, 2.8721, 2.6624, 2.7252, 2.8020, 2.8625, 2.6955, 2.5015, 2.6837,
    2.2321, 2.6354, 2.6954, 2.6785, 2.4487, 2.8562, 2.5555, 2.7279, 2.6938, 2.3347,
    2.5225, 2.5770, 2.3980, 2.5302, 2.7216, 2.6254, 2.3835, 2.7682, 2.6833, 2.7920,
    2.7732, 2.5565, 2.4704, 2.6861, 2.3704, 2.3883, 2.5314, 2.4895, 2.4870, 2.3215,
    2.3552, 2.5597,
  ]

#### shot_quality_actual_mean
  Points: 82
  Min: 0.0331, Max: 0.1856, Mean: 0.1252
  Data: [
    0.0715, 0.0781, 0.0331, 0.0417, 0.0612, 0.0759, 0.0678, 0.0599, 0.0687, 0.0968,
    0.1077, 0.1043, 0.0733, 0.0717, 0.0792, 0.1200, 0.0903, 0.1011, 0.1310, 0.0832,
    0.1261, 0.1006, 0.1268, 0.1033, 0.1173, 0.1240, 0.0945, 0.1135, 0.1400, 0.1379,
    0.1450, 0.1488, 0.1359, 0.1314, 0.1542, 0.1233, 0.1254, 0.1386, 0.1344, 0.1248,
    0.1320, 0.1180, 0.1145, 0.1257, 0.1280, 0.1213, 0.1181, 0.1344, 0.1502, 0.1350,
    0.1653, 0.1566, 0.1555, 0.1304, 0.1671, 0.1357, 0.1512, 0.1439, 0.1287, 0.1735,
    0.1573, 0.1509, 0.1856, 0.1447, 0.1336, 0.1295, 0.1520, 0.1349, 0.1475, 0.1361,
    0.1303, 0.1421, 0.1472, 0.1460, 0.1469, 0.1812, 0.1390, 0.1537, 0.1688, 0.1649,
    0.1691, 0.1596,
  ]

#### shot_quality_loss
  Points: 82
  Min: 0.0004, Max: 0.0283, Mean: 0.0014
  Data: [
    0.0283, 0.0022, 0.0009, 0.0010, 0.0015, 0.0011, 0.0011, 0.0013, 0.0016, 0.0016,
    0.0014, 0.0017, 0.0008, 0.0017, 0.0008, 0.0015, 0.0021, 0.0014, 0.0012, 0.0008,
    0.0021, 0.0007, 0.0014, 0.0008, 0.0010, 0.0012, 0.0014, 0.0018, 0.0017, 0.0009,
    0.0015, 0.0016, 0.0014, 0.0011, 0.0013, 0.0011, 0.0008, 0.0008, 0.0011, 0.0009,
    0.0008, 0.0012, 0.0007, 0.0006, 0.0007, 0.0008, 0.0009, 0.0007, 0.0007, 0.0005,
    0.0007, 0.0009, 0.0005, 0.0007, 0.0010, 0.0007, 0.0008, 0.0008, 0.0011, 0.0008,
    0.0006, 0.0010, 0.0009, 0.0010, 0.0007, 0.0009, 0.0010, 0.0007, 0.0019, 0.0009,
    0.0008, 0.0005, 0.0010, 0.0007, 0.0013, 0.0007, 0.0006, 0.0004, 0.0006, 0.0004,
    0.0007, 0.0006,
  ]

#### shot_quality_pred_mean
  Points: 82
  Min: 0.0345, Max: 0.1808, Mean: 0.1252
  Data: [
    0.0581, 0.0894, 0.0345, 0.0399, 0.0618, 0.0740, 0.0678, 0.0685, 0.0652, 0.0988,
    0.1050, 0.1044, 0.0701, 0.0794, 0.0800, 0.1236, 0.0890, 0.1059, 0.1322, 0.0836,
    0.1213, 0.1005, 0.1257, 0.1070, 0.1138, 0.1193, 0.0938, 0.1132, 0.1389, 0.1348,
    0.1376, 0.1410, 0.1377, 0.1317, 0.1561, 0.1273, 0.1253, 0.1364, 0.1385, 0.1255,
    0.1341, 0.1210, 0.1196, 0.1255, 0.1292, 0.1210, 0.1185, 0.1380, 0.1488, 0.1342,
    0.1670, 0.1531, 0.1583, 0.1338, 0.1637, 0.1342, 0.1539, 0.1393, 0.1288, 0.1745,
    0.1555, 0.1493, 0.1808, 0.1487, 0.1321, 0.1306, 0.1548, 0.1357, 0.1482, 0.1396,
    0.1359, 0.1435, 0.1451, 0.1466, 0.1439, 0.1791, 0.1391, 0.1529, 0.1651, 0.1658,
    0.1683, 0.1553,
  ]

#### total_loss
  Points: 82
  Min: 0.0363, Max: 2.9365, Mean: 0.1321
  Data: [
    2.9365, 0.1616, 0.0919, 0.0760, 0.0961, 0.0826, 0.1074, 0.0784, 0.0845, 0.1181,
    0.1504, 0.1089, 0.0867, 0.0974, 0.0939, 0.1901, 0.0503, 0.1120, 0.1094, 0.0896,
    0.1677, 0.1155, 0.0893, 0.0950, 0.1592, 0.1138, 0.1340, 0.1599, 0.1278, 0.1197,
    0.1201, 0.0488, 0.1717, 0.1385, 0.1267, 0.1084, 0.0751, 0.1057, 0.0826, 0.1587,
    0.0724, 0.1103, 0.1228, 0.1033, 0.0845, 0.0878, 0.1030, 0.0844, 0.0855, 0.0966,
    0.0687, 0.0860, 0.1109, 0.0907, 0.0871, 0.0648, 0.1344, 0.0971, 0.0363, 0.0552,
    0.0641, 0.0571, 0.0847, 0.0847, 0.0841, 0.1067, 0.1415, 0.0771, 0.0798, 0.0792,
    0.0483, 0.1118, 0.0529, 0.0821, 0.0578, 0.0686, 0.0839, 0.0760, 0.0693, 0.0617,
    0.0675, 0.0744,
  ]

