================================================================================
W&B RUN DATA: summit-final24h-league80-seed42-1990215_weak_seed42_20260224_185911
================================================================================

## RUN METADATA
Run ID: rkhgbp1h
Created: 2026-02-24T17:59:13Z
State: running
Duration: 49212.557090964 seconds

## CONFIGURATION
  [Environment]
    opponent: weak
  [Training]
    batch_size: 32
    batch_length: 32
    imagination_horizon: 15
    discount: 0.997
  [Entropy]
    entropy_scale: 0.0003
  [Self-Play]
    self_play_start: 1
    self_play_pool_size: 48
    self_play_save_interval: 200
    self_play_weak_ratio: 0.2
    use_pfsp: True
    pfsp_mode: variance
  [Architecture]
    recurrent_size: 256
    latent_length: 16
    latent_classes: 16
  [Meta]
    seed: 42
    algorithm: DreamerV3

## FINAL SUMMARY
  runtime: 13.67 hours (49213 seconds)

## NOTE: Data reduced (fraction=0.5, max_points=50)

## METRICS DATA

### STATS
#### buffer_size
  Points: 100
  Min: 1295.0000, Max: 250000.0000, Mean: 181119.0600
  Data: [
    1295.0000, 6991.0000, 8519.0000, 10770.0000, 18299.0000, 21559.0000, 28748.0000, 31091.0000, 32979.0000, 34161.0000,
    40734.0000, 43405.0000, 51215.0000, 55097.0000, 60942.0000, 62804.0000, 70973.0000, 75281.0000, 78778.0000, 86010.0000,
    87788.0000, 98036.0000, 100694.0000, 109172.0000, 110712.0000, 114382.0000, 119586.0000, 123771.0000, 127011.0000, 133031.0000,
    136965.0000, 143483.0000, 147088.0000, 150876.0000, 155524.0000, 160550.0000, 164175.0000, 173010.0000, 176415.0000, 179413.0000,
    183337.0000, 189123.0000, 192376.0000, 198779.0000, 204311.0000, 210442.0000, 212382.0000, 220455.0000, 231092.0000, 238276.0000,
    250000.0000, 250000.0000, 250000.0000, 250000.0000, 250000.0000, 250000.0000, 250000.0000, 250000.0000, 250000.0000, 250000.0000,
    250000.0000, 250000.0000, 250000.0000, 250000.0000, 250000.0000, 250000.0000, 250000.0000, 250000.0000, 250000.0000, 250000.0000,
    250000.0000, 250000.0000, 250000.0000, 250000.0000, 250000.0000, 250000.0000, 250000.0000, 250000.0000, 250000.0000, 250000.0000,
    250000.0000, 250000.0000, 250000.0000, 250000.0000, 250000.0000, 250000.0000, 250000.0000, 250000.0000, 250000.0000, 250000.0000,
    250000.0000, 250000.0000, 250000.0000, 250000.0000, 250000.0000, 250000.0000, 250000.0000, 250000.0000, 250000.0000, 250000.0000,
  ]

#### draws
  Points: 100
  Min: 1.0000, Max: 1131.0000, Mean: 544.1400
  Data: [
    1.0000, 7.0000, 8.0000, 8.0000, 11.0000, 15.0000, 23.0000, 24.0000, 28.0000, 29.0000,
    31.0000, 33.0000, 35.0000, 38.0000, 45.0000, 46.0000, 52.0000, 54.0000, 60.0000, 64.0000,
    66.0000, 80.0000, 83.0000, 87.0000, 87.0000, 90.0000, 94.0000, 99.0000, 100.0000, 106.0000,
    109.0000, 116.0000, 121.0000, 125.0000, 130.0000, 138.0000, 141.0000, 154.0000, 156.0000, 160.0000,
    165.0000, 170.0000, 170.0000, 176.0000, 182.0000, 188.0000, 190.0000, 203.0000, 222.0000, 229.0000,
    848.0000, 854.0000, 867.0000, 880.0000, 881.0000, 882.0000, 889.0000, 903.0000, 907.0000, 909.0000,
    924.0000, 925.0000, 932.0000, 935.0000, 937.0000, 937.0000, 938.0000, 945.0000, 958.0000, 961.0000,
    962.0000, 964.0000, 968.0000, 974.0000, 992.0000, 992.0000, 996.0000, 997.0000, 1011.0000, 1012.0000,
    1021.0000, 1034.0000, 1038.0000, 1047.0000, 1052.0000, 1061.0000, 1063.0000, 1068.0000, 1072.0000, 1080.0000,
    1081.0000, 1083.0000, 1096.0000, 1101.0000, 1104.0000, 1106.0000, 1108.0000, 1116.0000, 1123.0000, 1131.0000,
  ]

#### env_steps
  Points: 100
  Min: 2299585.0000, Max: 3493436.0000, Mean: 2878225.6400
  Data: [
    2299585.0000, 2305281.0000, 2306809.0000, 2309060.0000, 2316589.0000, 2319849.0000, 2327038.0000, 2329381.0000, 2331269.0000, 2332451.0000,
    2339024.0000, 2341695.0000, 2349505.0000, 2353387.0000, 2359232.0000, 2361094.0000, 2369263.0000, 2373571.0000, 2377068.0000, 2384300.0000,
    2386078.0000, 2396326.0000, 2398984.0000, 2407462.0000, 2409002.0000, 2412672.0000, 2417876.0000, 2422061.0000, 2425301.0000, 2431321.0000,
    2435255.0000, 2441773.0000, 2445378.0000, 2449166.0000, 2453814.0000, 2458840.0000, 2462465.0000, 2471300.0000, 2474705.0000, 2477703.0000,
    2481627.0000, 2487413.0000, 2490666.0000, 2497069.0000, 2502601.0000, 2508732.0000, 2510672.0000, 2518745.0000, 2529382.0000, 2536566.0000,
    3200160.0000, 3207450.0000, 3215930.0000, 3226289.0000, 3230260.0000, 3231896.0000, 3236541.0000, 3246945.0000, 3250664.0000, 3256123.0000,
    3270245.0000, 3272364.0000, 3278817.0000, 3280914.0000, 3286738.0000, 3290336.0000, 3292103.0000, 3300496.0000, 3310734.0000, 3314343.0000,
    3316221.0000, 3321420.0000, 3327941.0000, 3332305.0000, 3347425.0000, 3349024.0000, 3351213.0000, 3352862.0000, 3364055.0000, 3366534.0000,
    3373006.0000, 3387371.0000, 3389670.0000, 3395399.0000, 3399565.0000, 3407334.0000, 3409540.0000, 3415303.0000, 3421995.0000, 3430487.0000,
    3432907.0000, 3435744.0000, 3451593.0000, 3457487.0000, 3462394.0000, 3468901.0000, 3470535.0000, 3478784.0000, 3486359.0000, 3493436.0000,
  ]

#### episodes
  Points: 100
  Min: 28834.0000, Max: 41844.0000, Mean: 35295.6000
  Data: [
    28834.0000, 28904.0000, 28924.0000, 28964.0000, 29084.0000, 29124.0000, 29214.0000, 29244.0000, 29264.0000, 29284.0000,
    29374.0000, 29404.0000, 29514.0000, 29554.0000, 29624.0000, 29654.0000, 29754.0000, 29804.0000, 29844.0000, 29944.0000,
    29964.0000, 30074.0000, 30104.0000, 30204.0000, 30224.0000, 30274.0000, 30334.0000, 30384.0000, 30434.0000, 30504.0000,
    30554.0000, 30634.0000, 30674.0000, 30714.0000, 30774.0000, 30824.0000, 30864.0000, 30954.0000, 30994.0000, 31024.0000,
    31064.0000, 31124.0000, 31164.0000, 31234.0000, 31294.0000, 31354.0000, 31374.0000, 31454.0000, 31554.0000, 31634.0000,
    38904.0000, 38984.0000, 39054.0000, 39154.0000, 39194.0000, 39214.0000, 39254.0000, 39344.0000, 39384.0000, 39444.0000,
    39594.0000, 39624.0000, 39684.0000, 39704.0000, 39774.0000, 39814.0000, 39834.0000, 39924.0000, 40034.0000, 40074.0000,
    40094.0000, 40154.0000, 40224.0000, 40264.0000, 40404.0000, 40424.0000, 40444.0000, 40464.0000, 40564.0000, 40594.0000,
    40654.0000, 40794.0000, 40814.0000, 40864.0000, 40904.0000, 40974.0000, 40994.0000, 41054.0000, 41124.0000, 41204.0000,
    41234.0000, 41264.0000, 41424.0000, 41484.0000, 41534.0000, 41604.0000, 41624.0000, 41704.0000, 41774.0000, 41844.0000,
  ]

#### gradient_steps
  Points: 100
  Min: 634016.0000, Max: 842176.0000, Mean: 737401.6000
  Data: [
    634016.0000, 635136.0000, 635456.0000, 636096.0000, 638016.0000, 638656.0000, 640096.0000, 640576.0000, 640896.0000, 641216.0000,
    642656.0000, 643136.0000, 644896.0000, 645536.0000, 646656.0000, 647136.0000, 648736.0000, 649536.0000, 650176.0000, 651776.0000,
    652096.0000, 653856.0000, 654336.0000, 655936.0000, 656256.0000, 657056.0000, 658016.0000, 658816.0000, 659616.0000, 660736.0000,
    661536.0000, 662816.0000, 663456.0000, 664096.0000, 665056.0000, 665856.0000, 666496.0000, 667936.0000, 668576.0000, 669056.0000,
    669696.0000, 670656.0000, 671296.0000, 672416.0000, 673376.0000, 674336.0000, 674656.0000, 675936.0000, 677536.0000, 678816.0000,
    795136.0000, 796416.0000, 797536.0000, 799136.0000, 799776.0000, 800096.0000, 800736.0000, 802176.0000, 802816.0000, 803776.0000,
    806176.0000, 806656.0000, 807616.0000, 807936.0000, 809056.0000, 809696.0000, 810016.0000, 811456.0000, 813216.0000, 813856.0000,
    814176.0000, 815136.0000, 816256.0000, 816896.0000, 819136.0000, 819456.0000, 819776.0000, 820096.0000, 821696.0000, 822176.0000,
    823136.0000, 825376.0000, 825696.0000, 826496.0000, 827136.0000, 828256.0000, 828576.0000, 829536.0000, 830656.0000, 831936.0000,
    832416.0000, 832896.0000, 835456.0000, 836416.0000, 837216.0000, 838336.0000, 838656.0000, 839936.0000, 841056.0000, 842176.0000,
  ]

#### losses
  Points: 100
  Min: 0.0000, Max: 2707.0000, Mean: 1330.1000
  Data: [
    0.0000, 18.0000, 21.0000, 30.0000, 57.0000, 64.0000, 74.0000, 79.0000, 83.0000, 87.0000,
    105.0000, 107.0000, 130.0000, 138.0000, 147.0000, 150.0000, 172.0000, 186.0000, 193.0000, 212.0000,
    212.0000, 237.0000, 242.0000, 262.0000, 267.0000, 274.0000, 290.0000, 295.0000, 300.0000, 314.0000,
    319.0000, 335.0000, 344.0000, 351.0000, 363.0000, 367.0000, 376.0000, 399.0000, 409.0000, 415.0000,
    424.0000, 433.0000, 441.0000, 457.0000, 472.0000, 485.0000, 489.0000, 501.0000, 523.0000, 540.0000,
    2123.0000, 2139.0000, 2156.0000, 2168.0000, 2173.0000, 2177.0000, 2181.0000, 2192.0000, 2198.0000, 2217.0000,
    2237.0000, 2240.0000, 2249.0000, 2251.0000, 2266.0000, 2273.0000, 2281.0000, 2297.0000, 2312.0000, 2322.0000,
    2326.0000, 2339.0000, 2355.0000, 2362.0000, 2397.0000, 2405.0000, 2410.0000, 2414.0000, 2434.0000, 2441.0000,
    2448.0000, 2476.0000, 2479.0000, 2492.0000, 2498.0000, 2512.0000, 2518.0000, 2528.0000, 2547.0000, 2563.0000,
    2571.0000, 2583.0000, 2618.0000, 2629.0000, 2638.0000, 2656.0000, 2660.0000, 2673.0000, 2690.0000, 2707.0000,
  ]

#### mean_reward
  Points: 100
  Min: -4.2140, Max: 6.0922, Mean: 3.7296
  Data: [
    -4.2140, 2.2782, 2.9775, 4.0614, 4.0227, 4.3543, 5.3462, 5.4149, 4.9776, 4.2873,
    4.4251, 5.7113, 4.4324, 4.9098, 4.3722, 5.5085, 3.5847, 3.2771, 3.6834, 4.6366,
    5.2183, 2.1063, 2.9893, 4.1587, 3.6359, 4.3678, 3.5555, 3.7175, 6.0892, 4.8183,
    5.1730, 4.3835, 2.9523, 3.5606, 3.6764, 3.9891, 4.1540, 1.9776, 2.5469, 2.8474,
    3.1501, 3.8923, 4.6578, 3.3833, 2.3589, 2.7328, 3.3222, 3.8577, 1.8624, 3.3798,
    4.9257, 3.8856, 1.4811, 4.8404, 6.0922, 5.4634, 5.0046, 4.6252, 4.4793, 2.8955,
    4.6268, 5.5947, 5.0542, 4.8264, 4.1958, 4.5656, 3.1706, 3.9575, 4.5778, 4.2558,
    3.9800, 3.8628, 3.3954, 3.3617, 2.4875, 2.5171, 2.4427, 2.2959, 2.9893, 3.0032,
    4.3047, 3.6953, 3.5546, 2.3777, 3.0828, 3.6888, 3.1337, 3.7300, 3.1025, 3.4065,
    3.4754, 2.4553, 3.6571, 3.4673, 3.9946, 3.8975, 3.2845, 4.2343, 2.8856, 2.1189,
  ]

#### opponent_recent_selfplay_frac
  Points: 100
  Min: 0.6850, Max: 1.0000, Mean: 0.7992
  Data: [
    1.0000, 0.8028, 0.8022, 0.7786, 0.7450, 0.7350, 0.7000, 0.6850, 0.6950, 0.7050,
    0.7850, 0.7900, 0.8150, 0.7800, 0.7800, 0.7600, 0.7900, 0.7950, 0.8300, 0.8100,
    0.7850, 0.8100, 0.8150, 0.7700, 0.7800, 0.7900, 0.8350, 0.8600, 0.8400, 0.8100,
    0.8050, 0.8000, 0.7650, 0.7700, 0.7850, 0.7800, 0.8050, 0.8300, 0.8200, 0.8350,
    0.8200, 0.8200, 0.8150, 0.8300, 0.8350, 0.8550, 0.8250, 0.7850, 0.7600, 0.7900,
    0.8050, 0.7850, 0.7800, 0.8300, 0.8300, 0.8500, 0.8300, 0.8250, 0.8400, 0.8500,
    0.7850, 0.7550, 0.7950, 0.7900, 0.7950, 0.8300, 0.8200, 0.8750, 0.8500, 0.8350,
    0.8500, 0.8150, 0.8100, 0.7900, 0.7600, 0.7700, 0.7800, 0.7650, 0.7800, 0.7750,
    0.7750, 0.7800, 0.7650, 0.7750, 0.7650, 0.7950, 0.8150, 0.7700, 0.7750, 0.7550,
    0.7850, 0.8100, 0.8100, 0.8150, 0.8350, 0.8300, 0.8200, 0.7950, 0.7850, 0.8050,
  ]

#### opponent_recent_strong_frac
  Points: 100
  Min: 0.0000, Max: 0.1600, Mean: 0.1005
  Data: [
    0.0000, 0.0986, 0.0989, 0.1145, 0.1300, 0.1300, 0.1500, 0.1600, 0.1500, 0.1450,
    0.1100, 0.1050, 0.0950, 0.1100, 0.1100, 0.1250, 0.1050, 0.1000, 0.0850, 0.0900,
    0.1100, 0.0950, 0.0950, 0.1200, 0.1150, 0.1050, 0.0850, 0.0700, 0.0750, 0.0900,
    0.1000, 0.1050, 0.1150, 0.1150, 0.1050, 0.1150, 0.1000, 0.0850, 0.0950, 0.0800,
    0.0850, 0.0850, 0.0950, 0.0800, 0.0800, 0.0700, 0.0850, 0.1100, 0.1200, 0.1050,
    0.1000, 0.1050, 0.1150, 0.0850, 0.0850, 0.0750, 0.0850, 0.0850, 0.0800, 0.0750,
    0.1050, 0.1200, 0.1050, 0.1050, 0.1050, 0.0850, 0.0900, 0.0600, 0.0750, 0.0850,
    0.0700, 0.0950, 0.0900, 0.1050, 0.1200, 0.1200, 0.1050, 0.1150, 0.1100, 0.1150,
    0.1150, 0.1100, 0.1200, 0.1150, 0.1200, 0.1050, 0.0900, 0.1150, 0.1100, 0.1250,
    0.1050, 0.0900, 0.0900, 0.0950, 0.0800, 0.0850, 0.0900, 0.1050, 0.1100, 0.1000,
  ]

#### opponent_recent_weak_frac
  Points: 100
  Min: 0.0000, Max: 0.1550, Mean: 0.1003
  Data: [
    0.0000, 0.0986, 0.0989, 0.1069, 0.1250, 0.1350, 0.1500, 0.1550, 0.1550, 0.1500,
    0.1050, 0.1050, 0.0900, 0.1100, 0.1100, 0.1150, 0.1050, 0.1050, 0.0850, 0.1000,
    0.1050, 0.0950, 0.0900, 0.1100, 0.1050, 0.1050, 0.0800, 0.0700, 0.0850, 0.1000,
    0.0950, 0.0950, 0.1200, 0.1150, 0.1100, 0.1050, 0.0950, 0.0850, 0.0850, 0.0850,
    0.0950, 0.0950, 0.0900, 0.0900, 0.0850, 0.0750, 0.0900, 0.1050, 0.1200, 0.1050,
    0.0950, 0.1100, 0.1050, 0.0850, 0.0850, 0.0750, 0.0850, 0.0900, 0.0800, 0.0750,
    0.1100, 0.1250, 0.1000, 0.1050, 0.1000, 0.0850, 0.0900, 0.0650, 0.0750, 0.0800,
    0.0800, 0.0900, 0.1000, 0.1050, 0.1200, 0.1100, 0.1150, 0.1200, 0.1100, 0.1100,
    0.1100, 0.1100, 0.1150, 0.1100, 0.1150, 0.1000, 0.0950, 0.1150, 0.1150, 0.1200,
    0.1100, 0.1000, 0.1000, 0.0900, 0.0850, 0.0850, 0.0900, 0.1000, 0.1050, 0.0950,
  ]

#### opponent_recent_window
  Points: 100
  Min: 1.0000, Max: 200.0000, Mean: 194.9400
  Data: [
    1.0000, 71.0000, 91.0000, 131.0000, 200.0000, 200.0000, 200.0000, 200.0000, 200.0000, 200.0000,
    200.0000, 200.0000, 200.0000, 200.0000, 200.0000, 200.0000, 200.0000, 200.0000, 200.0000, 200.0000,
    200.0000, 200.0000, 200.0000, 200.0000, 200.0000, 200.0000, 200.0000, 200.0000, 200.0000, 200.0000,
    200.0000, 200.0000, 200.0000, 200.0000, 200.0000, 200.0000, 200.0000, 200.0000, 200.0000, 200.0000,
    200.0000, 200.0000, 200.0000, 200.0000, 200.0000, 200.0000, 200.0000, 200.0000, 200.0000, 200.0000,
    200.0000, 200.0000, 200.0000, 200.0000, 200.0000, 200.0000, 200.0000, 200.0000, 200.0000, 200.0000,
    200.0000, 200.0000, 200.0000, 200.0000, 200.0000, 200.0000, 200.0000, 200.0000, 200.0000, 200.0000,
    200.0000, 200.0000, 200.0000, 200.0000, 200.0000, 200.0000, 200.0000, 200.0000, 200.0000, 200.0000,
    200.0000, 200.0000, 200.0000, 200.0000, 200.0000, 200.0000, 200.0000, 200.0000, 200.0000, 200.0000,
    200.0000, 200.0000, 200.0000, 200.0000, 200.0000, 200.0000, 200.0000, 200.0000, 200.0000, 200.0000,
  ]

#### opponent_selfplay_count
  Points: 100
  Min: 1.0000, Max: 10381.0000, Mean: 5146.3800
  Data: [
    1.0000, 57.0000, 73.0000, 102.0000, 192.0000, 220.0000, 281.0000, 302.0000, 319.0000, 333.0000,
    410.0000, 432.0000, 522.0000, 549.0000, 603.0000, 626.0000, 707.0000, 750.0000, 782.0000, 860.0000,
    874.0000, 964.0000, 989.0000, 1062.0000, 1078.0000, 1122.0000, 1178.0000, 1217.0000, 1254.0000, 1312.0000,
    1352.0000, 1414.0000, 1442.0000, 1473.0000, 1525.0000, 1562.0000, 1596.0000, 1673.0000, 1706.0000, 1729.0000,
    1760.0000, 1810.0000, 1844.0000, 1904.0000, 1952.0000, 2005.0000, 2017.0000, 2077.0000, 2157.0000, 2217.0000,
    8024.0000, 8086.0000, 8140.0000, 8227.0000, 8258.0000, 8276.0000, 8306.0000, 8384.0000, 8417.0000, 8469.0000,
    8584.0000, 8605.0000, 8656.0000, 8669.0000, 8728.0000, 8762.0000, 8779.0000, 8858.0000, 8949.0000, 8983.0000,
    9000.0000, 9048.0000, 9102.0000, 9134.0000, 9239.0000, 9256.0000, 9272.0000, 9287.0000, 9364.0000, 9386.0000,
    9435.0000, 9542.0000, 9558.0000, 9598.0000, 9627.0000, 9685.0000, 9705.0000, 9743.0000, 9802.0000, 9864.0000,
    9888.0000, 9914.0000, 10042.0000, 10094.0000, 10137.0000, 10190.0000, 10206.0000, 10269.0000, 10324.0000, 10381.0000,
  ]

#### opponent_strong_count
  Points: 100
  Min: 0.0000, Max: 1315.0000, Mean: 658.1500
  Data: [
    0.0000, 7.0000, 9.0000, 15.0000, 30.0000, 35.0000, 50.0000, 55.0000, 56.0000, 59.0000,
    66.0000, 69.0000, 80.0000, 86.0000, 94.0000, 98.0000, 107.0000, 110.0000, 115.0000, 125.0000,
    129.0000, 139.0000, 141.0000, 155.0000, 157.0000, 160.0000, 162.0000, 167.0000, 173.0000, 179.0000,
    185.0000, 194.0000, 199.0000, 204.0000, 208.0000, 215.0000, 218.0000, 224.0000, 228.0000, 231.0000,
    235.0000, 240.0000, 244.0000, 248.0000, 254.0000, 258.0000, 262.0000, 272.0000, 282.0000, 292.0000,
    1024.0000, 1032.0000, 1041.0000, 1047.0000, 1052.0000, 1052.0000, 1058.0000, 1063.0000, 1067.0000, 1071.0000,
    1088.0000, 1093.0000, 1098.0000, 1101.0000, 1107.0000, 1109.0000, 1111.0000, 1116.0000, 1126.0000, 1129.0000,
    1130.0000, 1137.0000, 1144.0000, 1149.0000, 1166.0000, 1168.0000, 1169.0000, 1172.0000, 1183.0000, 1188.0000,
    1193.0000, 1210.0000, 1212.0000, 1217.0000, 1222.0000, 1228.0000, 1228.0000, 1239.0000, 1244.0000, 1254.0000,
    1256.0000, 1258.0000, 1274.0000, 1279.0000, 1282.0000, 1290.0000, 1292.0000, 1301.0000, 1309.0000, 1315.0000,
  ]

#### opponent_weak_count
  Points: 100
  Min: 0.0000, Max: 1315.0000, Mean: 658.0700
  Data: [
    0.0000, 7.0000, 9.0000, 14.0000, 29.0000, 36.0000, 50.0000, 54.0000, 56.0000, 59.0000,
    65.0000, 70.0000, 79.0000, 86.0000, 94.0000, 97.0000, 107.0000, 111.0000, 114.0000, 126.0000,
    128.0000, 138.0000, 141.0000, 154.0000, 156.0000, 159.0000, 161.0000, 167.0000, 174.0000, 180.0000,
    184.0000, 193.0000, 200.0000, 204.0000, 208.0000, 214.0000, 217.0000, 224.0000, 227.0000, 231.0000,
    236.0000, 241.0000, 243.0000, 249.0000, 255.0000, 258.0000, 262.0000, 272.0000, 282.0000, 292.0000,
    1023.0000, 1033.0000, 1040.0000, 1047.0000, 1051.0000, 1053.0000, 1057.0000, 1064.0000, 1067.0000, 1071.0000,
    1089.0000, 1093.0000, 1097.0000, 1101.0000, 1106.0000, 1110.0000, 1111.0000, 1117.0000, 1126.0000, 1129.0000,
    1131.0000, 1136.0000, 1145.0000, 1148.0000, 1166.0000, 1167.0000, 1170.0000, 1172.0000, 1184.0000, 1187.0000,
    1193.0000, 1209.0000, 1211.0000, 1216.0000, 1222.0000, 1228.0000, 1228.0000, 1239.0000, 1245.0000, 1253.0000,
    1257.0000, 1259.0000, 1275.0000, 1278.0000, 1282.0000, 1291.0000, 1293.0000, 1301.0000, 1308.0000, 1315.0000,
  ]

#### probe_loaded_count
  Points: 100
  Min: 21.0000, Max: 21.0000, Mean: 21.0000
  Data: [
    21.0000, 21.0000, 21.0000, 21.0000, 21.0000, 21.0000, 21.0000, 21.0000, 21.0000, 21.0000,
    21.0000, 21.0000, 21.0000, 21.0000, 21.0000, 21.0000, 21.0000, 21.0000, 21.0000, 21.0000,
    21.0000, 21.0000, 21.0000, 21.0000, 21.0000, 21.0000, 21.0000, 21.0000, 21.0000, 21.0000,
    21.0000, 21.0000, 21.0000, 21.0000, 21.0000, 21.0000, 21.0000, 21.0000, 21.0000, 21.0000,
    21.0000, 21.0000, 21.0000, 21.0000, 21.0000, 21.0000, 21.0000, 21.0000, 21.0000, 21.0000,
    21.0000, 21.0000, 21.0000, 21.0000, 21.0000, 21.0000, 21.0000, 21.0000, 21.0000, 21.0000,
    21.0000, 21.0000, 21.0000, 21.0000, 21.0000, 21.0000, 21.0000, 21.0000, 21.0000, 21.0000,
    21.0000, 21.0000, 21.0000, 21.0000, 21.0000, 21.0000, 21.0000, 21.0000, 21.0000, 21.0000,
    21.0000, 21.0000, 21.0000, 21.0000, 21.0000, 21.0000, 21.0000, 21.0000, 21.0000, 21.0000,
    21.0000, 21.0000, 21.0000, 21.0000, 21.0000, 21.0000, 21.0000, 21.0000, 21.0000, 21.0000,
  ]

#### probe_pending_count
  Points: 100
  Min: 0.0000, Max: 87.0000, Mean: 53.0300
  Data: [
    0.0000, 0.0000, 0.0000, 22.0000, 23.0000, 23.0000, 24.0000, 24.0000, 24.0000, 24.0000,
    24.0000, 24.0000, 25.0000, 25.0000, 25.0000, 25.0000, 26.0000, 26.0000, 27.0000, 27.0000,
    27.0000, 27.0000, 28.0000, 28.0000, 29.0000, 29.0000, 29.0000, 29.0000, 29.0000, 30.0000,
    30.0000, 30.0000, 30.0000, 31.0000, 31.0000, 31.0000, 32.0000, 32.0000, 32.0000, 32.0000,
    32.0000, 33.0000, 33.0000, 34.0000, 34.0000, 34.0000, 34.0000, 34.0000, 35.0000, 35.0000,
    72.0000, 72.0000, 72.0000, 73.0000, 73.0000, 74.0000, 74.0000, 74.0000, 74.0000, 74.0000,
    75.0000, 75.0000, 75.0000, 75.0000, 76.0000, 76.0000, 77.0000, 77.0000, 77.0000, 77.0000,
    78.0000, 78.0000, 79.0000, 79.0000, 79.0000, 79.0000, 79.0000, 80.0000, 80.0000, 80.0000,
    80.0000, 81.0000, 81.0000, 82.0000, 82.0000, 82.0000, 82.0000, 82.0000, 83.0000, 83.0000,
    84.0000, 84.0000, 84.0000, 85.0000, 85.0000, 85.0000, 85.0000, 85.0000, 86.0000, 87.0000,
  ]

#### win_rate
  Points: 100
  Min: 0.0000, Max: 0.8400, Mean: 0.7132
  Data: [
    0.0000, 0.6479, 0.6813, 0.7400, 0.7400, 0.7400, 0.7900, 0.8000, 0.7700, 0.7300,
    0.7700, 0.8300, 0.7800, 0.7900, 0.7500, 0.8000, 0.7200, 0.7100, 0.7100, 0.7700,
    0.8000, 0.6200, 0.6700, 0.7600, 0.7400, 0.7600, 0.7200, 0.7300, 0.8400, 0.7700,
    0.7900, 0.7400, 0.6600, 0.6900, 0.7200, 0.7300, 0.7400, 0.6200, 0.6600, 0.6800,
    0.6800, 0.7200, 0.7800, 0.7100, 0.6400, 0.6800, 0.7000, 0.6900, 0.5900, 0.6900,
    0.7700, 0.7200, 0.5900, 0.7500, 0.8300, 0.8000, 0.7800, 0.7400, 0.7400, 0.6900,
    0.7500, 0.7900, 0.7700, 0.7600, 0.7500, 0.7900, 0.7200, 0.7300, 0.7300, 0.7400,
    0.7300, 0.7500, 0.7200, 0.7000, 0.6400, 0.6500, 0.6500, 0.6500, 0.6600, 0.6700,
    0.7400, 0.7200, 0.7100, 0.6300, 0.6500, 0.7000, 0.6700, 0.7100, 0.6900, 0.7000,
    0.7100, 0.6800, 0.7200, 0.7100, 0.7400, 0.7400, 0.7100, 0.7300, 0.6800, 0.6300,
  ]

#### wins
  Points: 100
  Min: 0.0000, Max: 9173.0000, Mean: 4588.3600
  Data: [
    0.0000, 46.0000, 62.0000, 93.0000, 183.0000, 212.0000, 284.0000, 308.0000, 320.0000, 335.0000,
    405.0000, 431.0000, 516.0000, 545.0000, 599.0000, 625.0000, 697.0000, 731.0000, 758.0000, 835.0000,
    853.0000, 924.0000, 946.0000, 1022.0000, 1037.0000, 1077.0000, 1117.0000, 1157.0000, 1201.0000, 1251.0000,
    1293.0000, 1350.0000, 1376.0000, 1405.0000, 1448.0000, 1486.0000, 1514.0000, 1568.0000, 1596.0000, 1616.0000,
    1642.0000, 1688.0000, 1720.0000, 1768.0000, 1807.0000, 1848.0000, 1862.0000, 1917.0000, 1976.0000, 2032.0000,
    7100.0000, 7158.0000, 7198.0000, 7273.0000, 7307.0000, 7322.0000, 7351.0000, 7416.0000, 7446.0000, 7485.0000,
    7600.0000, 7626.0000, 7670.0000, 7685.0000, 7738.0000, 7771.0000, 7782.0000, 7849.0000, 7931.0000, 7958.0000,
    7973.0000, 8018.0000, 8068.0000, 8095.0000, 8182.0000, 8194.0000, 8205.0000, 8220.0000, 8286.0000, 8308.0000,
    8352.0000, 8451.0000, 8464.0000, 8492.0000, 8521.0000, 8568.0000, 8580.0000, 8625.0000, 8672.0000, 8728.0000,
    8749.0000, 8765.0000, 8877.0000, 8921.0000, 8959.0000, 9009.0000, 9023.0000, 9082.0000, 9128.0000, 9173.0000,
  ]


### EPISODE
#### draw_rate_100
  Points: 100
  Min: 0.0000, Max: 0.0100, Mean: 0.0006
  Data: [
    0.0000, 0.0000, 0.0000, 0.0000, 0.0000, 0.0000, 0.0000, 0.0000, 0.0000, 0.0000,
    0.0000, 0.0000, 0.0000, 0.0000, 0.0000, 0.0000, 0.0100, 0.0100, 0.0000, 0.0000,
    0.0000, 0.0000, 0.0000, 0.0000, 0.0000, 0.0000, 0.0000, 0.0000, 0.0000, 0.0000,
    0.0000, 0.0000, 0.0000, 0.0000, 0.0000, 0.0000, 0.0000, 0.0000, 0.0000, 0.0000,
    0.0000, 0.0000, 0.0000, 0.0000, 0.0000, 0.0100, 0.0100, 0.0000, 0.0000, 0.0100,
    0.0000, 0.0000, 0.0000, 0.0000, 0.0000, 0.0000, 0.0100, 0.0000, 0.0000, 0.0000,
    0.0000, 0.0000, 0.0000, 0.0000, 0.0000, 0.0000, 0.0000, 0.0000, 0.0000, 0.0000,
    0.0000, 0.0000, 0.0000, 0.0000, 0.0000, 0.0000, 0.0000, 0.0000, 0.0000, 0.0000,
    0.0000, 0.0000, 0.0000, 0.0000, 0.0000, 0.0000, 0.0000, 0.0000, 0.0000, 0.0000,
    0.0000, 0.0000, 0.0000, 0.0000, 0.0000, 0.0000, 0.0000, 0.0000, 0.0000, 0.0000,
  ]

#### length_max
  Points: 100
  Min: 251.0000, Max: 251.0000, Mean: 251.0000
  Data: [
    251.0000, 251.0000, 251.0000, 251.0000, 251.0000, 251.0000, 251.0000, 251.0000, 251.0000, 251.0000,
    251.0000, 251.0000, 251.0000, 251.0000, 251.0000, 251.0000, 251.0000, 251.0000, 251.0000, 251.0000,
    251.0000, 251.0000, 251.0000, 251.0000, 251.0000, 251.0000, 251.0000, 251.0000, 251.0000, 251.0000,
    251.0000, 251.0000, 251.0000, 251.0000, 251.0000, 251.0000, 251.0000, 251.0000, 251.0000, 251.0000,
    251.0000, 251.0000, 251.0000, 251.0000, 251.0000, 251.0000, 251.0000, 251.0000, 251.0000, 251.0000,
    251.0000, 251.0000, 251.0000, 251.0000, 251.0000, 251.0000, 251.0000, 251.0000, 251.0000, 251.0000,
    251.0000, 251.0000, 251.0000, 251.0000, 251.0000, 251.0000, 251.0000, 251.0000, 251.0000, 251.0000,
    251.0000, 251.0000, 251.0000, 251.0000, 251.0000, 251.0000, 251.0000, 251.0000, 251.0000, 251.0000,
    251.0000, 251.0000, 251.0000, 251.0000, 251.0000, 251.0000, 251.0000, 251.0000, 251.0000, 251.0000,
    251.0000, 251.0000, 251.0000, 251.0000, 251.0000, 251.0000, 251.0000, 251.0000, 251.0000, 251.0000,
  ]

#### length_mean
  Points: 100
  Min: 64.4700, Max: 251.0000, Mean: 93.8667
  Data: [
    251.0000, 83.7606, 82.1429, 70.3000, 64.4700, 75.5100, 79.9700, 80.2700, 83.8400, 79.6300,
    72.1800, 78.6500, 71.4800, 77.0900, 87.8300, 77.0700, 81.6900, 88.2700, 83.8600, 72.3200,
    72.5900, 94.4400, 89.1400, 84.7800, 86.3700, 78.7500, 82.8800, 88.1500, 74.2500, 80.6200,
    83.7100, 79.0200, 87.0800, 92.0800, 84.3600, 92.3500, 94.0500, 94.2900, 90.9900, 88.3500,
    94.5200, 97.1000, 90.3900, 89.7300, 89.3200, 93.3700, 98.5900, 100.1300, 106.3700, 91.3500,
    97.9200, 96.2900, 110.8900, 103.5900, 99.2000, 96.1200, 102.5200, 117.5600, 109.3100, 91.7800,
    93.5200, 89.4900, 99.9000, 101.9000, 93.2600, 83.4000, 84.4200, 92.8700, 95.3000, 95.6600,
    94.4100, 87.1900, 90.1900, 95.6300, 110.2800, 103.0500, 98.1500, 95.7400, 111.9300, 104.3400,
    97.3800, 103.5800, 105.1100, 112.6000, 109.9900, 108.3700, 112.1700, 103.3600, 99.0400, 104.2600,
    97.0600, 90.5300, 100.5200, 94.9900, 96.9800, 95.0800, 92.8500, 98.8300, 103.7900, 103.9200,
  ]

#### length_min
  Points: 100
  Min: 15.0000, Max: 251.0000, Mean: 24.6700
  Data: [
    251.0000, 21.0000, 21.0000, 23.0000, 19.0000, 19.0000, 18.0000, 18.0000, 19.0000, 19.0000,
    26.0000, 24.0000, 23.0000, 23.0000, 26.0000, 24.0000, 21.0000, 21.0000, 23.0000, 24.0000,
    25.0000, 25.0000, 25.0000, 17.0000, 24.0000, 24.0000, 20.0000, 20.0000, 26.0000, 17.0000,
    25.0000, 21.0000, 21.0000, 23.0000, 23.0000, 25.0000, 25.0000, 20.0000, 23.0000, 19.0000,
    19.0000, 24.0000, 24.0000, 24.0000, 24.0000, 24.0000, 24.0000, 22.0000, 24.0000, 24.0000,
    21.0000, 23.0000, 23.0000, 22.0000, 22.0000, 22.0000, 22.0000, 22.0000, 22.0000, 23.0000,
    15.0000, 15.0000, 21.0000, 23.0000, 23.0000, 23.0000, 23.0000, 22.0000, 23.0000, 23.0000,
    23.0000, 23.0000, 22.0000, 22.0000, 24.0000, 23.0000, 23.0000, 23.0000, 23.0000, 23.0000,
    25.0000, 22.0000, 22.0000, 23.0000, 23.0000, 23.0000, 23.0000, 23.0000, 22.0000, 23.0000,
    23.0000, 23.0000, 24.0000, 24.0000, 23.0000, 23.0000, 24.0000, 23.0000, 22.0000, 23.0000,
  ]

#### length_std
  Points: 100
  Min: 0.0000, Max: 82.9661, Mean: 69.7021
  Data: [
    0.0000, 69.7554, 71.0832, 60.4659, 55.4520, 65.9481, 68.8439, 68.5253, 72.2764, 69.7078,
    56.8127, 63.3472, 56.6077, 63.6867, 69.7855, 64.6044, 66.4695, 67.9407, 68.0617, 57.4022,
    58.8974, 77.0821, 73.6748, 62.3446, 61.1841, 60.2967, 68.4033, 72.6452, 63.5892, 67.6829,
    67.3898, 68.2621, 72.7392, 73.9762, 72.4783, 78.1321, 79.1450, 77.9246, 75.5573, 72.0245,
    75.6239, 72.8024, 66.4197, 69.9887, 71.4378, 70.1244, 74.5045, 82.9661, 82.2871, 74.9011,
    73.6108, 73.3759, 79.4049, 72.5740, 68.7126, 70.0210, 76.6770, 79.3254, 76.1385, 65.6744,
    77.2317, 77.4129, 75.5768, 75.0891, 69.7314, 63.0144, 63.6489, 73.3247, 76.1955, 73.4337,
    74.6854, 64.0757, 62.4600, 73.5654, 72.1614, 71.1741, 69.7615, 70.9434, 77.9282, 74.8181,
    70.4128, 75.6828, 75.6864, 79.9397, 77.1769, 73.8972, 75.2573, 72.5236, 71.3128, 74.2635,
    69.7715, 65.0059, 67.1758, 68.9576, 65.7737, 59.1080, 60.2930, 71.5345, 71.1423, 72.2883,
  ]

#### reward_mean
  Points: 100
  Min: -4.2140, Max: 6.0922, Mean: 3.7296
  Data: [
    -4.2140, 2.2782, 2.9775, 4.0614, 4.0227, 4.3543, 5.3462, 5.4149, 4.9776, 4.2873,
    4.4251, 5.7113, 4.4324, 4.9098, 4.3722, 5.5085, 3.5847, 3.2771, 3.6834, 4.6366,
    5.2183, 2.1063, 2.9893, 4.1587, 3.6359, 4.3678, 3.5555, 3.7175, 6.0892, 4.8183,
    5.1730, 4.3835, 2.9523, 3.5606, 3.6764, 3.9891, 4.1540, 1.9776, 2.5469, 2.8474,
    3.1501, 3.8923, 4.6578, 3.3833, 2.3589, 2.7328, 3.3222, 3.8577, 1.8624, 3.3798,
    4.9257, 3.8856, 1.4811, 4.8404, 6.0922, 5.4634, 5.0046, 4.6252, 4.4793, 2.8955,
    4.6268, 5.5947, 5.0542, 4.8264, 4.1958, 4.5656, 3.1706, 3.9575, 4.5778, 4.2558,
    3.9800, 3.8628, 3.3954, 3.3617, 2.4875, 2.5171, 2.4427, 2.2959, 2.9893, 3.0032,
    4.3047, 3.6953, 3.5546, 2.3777, 3.0828, 3.6888, 3.1337, 3.7300, 3.1025, 3.4065,
    3.4754, 2.4553, 3.6571, 3.4673, 3.9946, 3.8975, 3.2845, 4.2343, 2.8856, 2.1189,
  ]

#### reward_std
  Points: 100
  Min: 0.0000, Max: 9.6000, Mean: 8.4921
  Data: [
    0.0000, 9.4409, 9.0914, 8.5850, 8.9169, 8.4009, 7.7612, 7.7323, 7.8996, 8.5416,
    8.6902, 7.5123, 8.5856, 8.0635, 8.4832, 7.7531, 8.7859, 8.9932, 8.7260, 8.3176,
    7.8216, 9.2908, 9.0207, 8.7540, 9.1656, 8.4920, 8.7647, 8.9610, 7.2907, 8.2791,
    7.9170, 8.3609, 8.9276, 8.4193, 8.9781, 9.4072, 8.9375, 9.1478, 9.2350, 9.2214,
    8.9052, 8.3143, 8.0573, 8.7795, 9.1227, 9.3097, 8.8288, 8.2742, 9.0618, 8.8553,
    7.4886, 8.4655, 9.1886, 7.5634, 6.5745, 7.2499, 7.6999, 7.4978, 8.0143, 9.2766,
    7.8706, 6.9038, 7.5350, 7.7643, 8.4502, 8.4620, 9.2260, 8.5336, 7.9190, 8.6234,
    8.7731, 9.2082, 9.0550, 8.7054, 9.0527, 9.2329, 9.2977, 9.4389, 8.7320, 9.0216,
    8.2103, 8.5924, 8.7002, 8.8990, 8.5324, 8.4582, 8.7208, 8.6295, 9.1599, 8.7347,
    8.9607, 9.6000, 8.7612, 8.8729, 8.5325, 8.7632, 9.1607, 8.4244, 9.2379, 9.2534,
  ]

#### win_rate_100
  Points: 100
  Min: 0.0000, Max: 0.8400, Mean: 0.7132
  Data: [
    0.0000, 0.6479, 0.6813, 0.7400, 0.7400, 0.7400, 0.7900, 0.8000, 0.7700, 0.7300,
    0.7700, 0.8300, 0.7800, 0.7900, 0.7500, 0.8000, 0.7200, 0.7100, 0.7100, 0.7700,
    0.8000, 0.6200, 0.6700, 0.7600, 0.7400, 0.7600, 0.7200, 0.7300, 0.8400, 0.7700,
    0.7900, 0.7400, 0.6600, 0.6900, 0.7200, 0.7300, 0.7400, 0.6200, 0.6600, 0.6800,
    0.6800, 0.7200, 0.7800, 0.7100, 0.6400, 0.6800, 0.7000, 0.6900, 0.5900, 0.6900,
    0.7700, 0.7200, 0.5900, 0.7500, 0.8300, 0.8000, 0.7800, 0.7400, 0.7400, 0.6900,
    0.7500, 0.7900, 0.7700, 0.7600, 0.7500, 0.7900, 0.7200, 0.7300, 0.7300, 0.7400,
    0.7300, 0.7500, 0.7200, 0.7000, 0.6400, 0.6500, 0.6500, 0.6500, 0.6600, 0.6700,
    0.7400, 0.7200, 0.7100, 0.6300, 0.6500, 0.7000, 0.6700, 0.7100, 0.6900, 0.7000,
    0.7100, 0.6800, 0.7200, 0.7100, 0.7400, 0.7400, 0.7100, 0.7300, 0.6800, 0.6300,
  ]


### TIME
#### elapsed_hours
  Points: 100
  Min: 0.0021, Max: 13.6488, Mean: 6.7228
  Data: [
    0.0021, 0.0655, 0.0834, 0.1322, 0.2506, 0.2867, 0.3805, 0.4075, 0.4257, 0.4433,
    0.5365, 0.5637, 0.6756, 0.7119, 0.7906, 0.8175, 0.9220, 0.9685, 1.0182, 1.1087,
    1.1398, 1.2410, 1.2818, 1.3733, 1.4056, 1.4512, 1.5202, 1.5660, 1.6106, 1.6874,
    1.7327, 1.8182, 1.8551, 1.9043, 1.9591, 2.0057, 2.0549, 2.1391, 2.1899, 2.2179,
    2.2550, 2.3248, 2.3619, 2.4390, 2.4943, 2.5651, 2.5837, 2.6588, 2.7678, 2.8549,
    10.4551, 10.5440, 10.6125, 10.7240, 10.7621, 10.7945, 10.8337, 10.9378, 10.9763, 11.0339,
    11.2083, 11.2364, 11.2946, 11.3139, 11.3947, 11.4328, 11.4665, 11.5527, 11.6773, 11.7156,
    11.7510, 11.8080, 11.8904, 11.9288, 12.0823, 12.1013, 12.1208, 12.1551, 12.2521, 12.2968,
    12.3549, 12.5041, 12.5236, 12.5865, 12.6247, 12.7085, 12.7279, 12.7847, 12.8660, 12.9441,
    12.9889, 13.0178, 13.1863, 13.2594, 13.3074, 13.3873, 13.4060, 13.4826, 13.5664, 13.6488,
  ]

#### episodes_per_hour
  Points: 100
  Min: 3065.7643, Max: 13771460.6828, Mean: 163282.1735
  Data: [
    13771460.6828, 441373.2937, 346815.8820, 219145.2575, 116052.8553, 101574.8844, 76773.0921, 71770.1538, 68736.6191, 66052.3681,
    54755.1362, 52159.2635, 43686.3830, 41517.0581, 37470.9639, 36274.4961, 32272.8100, 30774.3756, 29311.0100, 27009.0652,
    26289.6867, 24233.3125, 23486.4127, 21993.1328, 21501.8015, 20861.2469, 19953.7972, 19402.7660, 18895.9449, 18077.0344,
    17633.7087, 16848.3837, 16534.9228, 16128.4054, 15708.6204, 15367.9135, 15020.0208, 14470.5674, 14153.3314, 13987.9704,
    13775.5036, 13387.7776, 13194.7152, 12806.2907, 12546.3152, 12223.0762, 12143.1861, 11830.1495, 11400.5000, 11080.7137,
    3721.0589, 3697.2751, 3680.0023, 3651.0707, 3641.8671, 3632.7756, 3623.3078, 3597.0812, 3588.1005, 3574.7946,
    3532.5637, 3526.4064, 3513.5310, 3509.3139, 3490.5828, 3482.4429, 3473.9415, 3455.8088, 3428.3656, 3420.5728,
    3411.9681, 3400.5822, 3382.9105, 3375.3611, 3344.0667, 3340.4563, 3336.7459, 3328.9830, 3310.7750, 3301.1915,
    3290.5242, 3262.4504, 3258.9794, 3246.6490, 3239.9865, 3224.1423, 3220.7948, 3211.1738, 3196.3198, 3183.2213,
    3174.5538, 3169.8041, 3141.4460, 3128.6381, 3121.1295, 3107.7307, 3104.8853, 3093.1666, 3079.2282, 3065.7643,
  ]

#### gradient_steps_per_second
  Points: 100
  Min: 17.1398, Max: 84114.8800, Mean: 995.7037
  Data: [
    84114.8800, 2694.0914, 2116.5260, 1336.8839, 707.1813, 618.7281, 467.2622, 436.6920, 418.1572, 401.7537,
    332.7652, 316.9023, 265.1583, 251.9001, 227.2071, 219.8929, 195.4596, 186.3011, 177.3790, 163.3035,
    158.9259, 146.3529, 141.8048, 132.6727, 129.6862, 125.7681, 120.2347, 116.8639, 113.7623, 108.7667,
    106.0539, 101.2617, 99.3439, 96.8687, 94.2996, 92.2155, 90.0976, 86.7363, 84.8065, 83.7948,
    82.4946, 80.1328, 78.9511, 76.5828, 74.9912, 73.0233, 72.5342, 70.6183, 67.9985, 66.0485,
    21.1257, 20.9813, 20.8752, 20.6996, 20.6429, 20.5891, 20.5309, 20.3722, 20.3169, 20.2350,
    19.9797, 19.9416, 19.8624, 19.8364, 19.7231, 19.6729, 19.6227, 19.5109, 19.3447, 19.2966,
    19.2460, 19.1757, 19.0691, 19.0225, 18.8323, 18.8100, 18.7872, 18.7415, 18.6293, 18.5725,
    18.5068, 18.3357, 18.3143, 18.2403, 18.1992, 18.1037, 18.0831, 18.0236, 17.9339, 17.8532,
    17.8019, 17.7725, 17.5994, 17.5224, 17.4760, 17.3950, 17.3773, 17.3049, 17.2210, 17.1398,
  ]

#### steps_per_second
  Points: 100
  Min: 71.0977, Max: 305085.8594, Mean: 3618.4963
  Data: [
    305085.8594, 9778.4377, 7683.3349, 4852.9549, 2567.7231, 2247.4629, 1698.7090, 1587.9804, 1521.0531, 1461.3964,
    1211.1389, 1153.8593, 966.0328, 918.3350, 828.9328, 802.2854, 713.8422, 680.7920, 648.5043, 597.3903,
    581.5242, 536.3706, 519.8970, 486.9446, 476.0555, 461.8131, 441.8017, 429.6366, 418.2854, 400.2305,
    390.4069, 373.0416, 366.1637, 357.2488, 347.9311, 340.5287, 332.8786, 320.9163, 313.9077, 310.3156,
    305.6920, 297.2066, 292.9273, 284.3962, 278.7047, 271.6685, 269.9294, 263.1456, 253.8525, 246.8069,
    85.0240, 84.4992, 84.1757, 83.5689, 83.3757, 83.1672, 82.9851, 82.4602, 82.2649, 81.9725,
    81.0473, 80.8971, 80.6386, 80.5527, 80.1237, 79.9440, 79.7516, 79.3583, 78.7553, 78.5835,
    78.3911, 78.1350, 77.7461, 77.5971, 76.9589, 76.8745, 76.8013, 76.6224, 76.2693, 76.0483,
    75.8362, 75.2502, 75.1843, 74.9347, 74.7994, 74.4763, 74.4108, 74.2053, 73.8808, 73.6174,
    73.4153, 73.3127, 72.7101, 72.4324, 72.2740, 71.9777, 71.9111, 71.6722, 71.3847, 71.0977,
  ]


### EVAL
#### combined_win_rate
  Points: 19
  Min: 0.8750, Max: 1.0000, Mean: 0.9693
  Data: [
    1.0000, 1.0000, 1.0000, 0.9583, 1.0000, 0.9583, 1.0000, 1.0000, 0.9583, 1.0000,
    0.9167, 1.0000, 0.9583, 0.9583, 0.9167, 0.9583, 0.9583, 1.0000, 0.8750,
  ]

#### probe_mean_win_rate
  Points: 19
  Min: 0.7202, Max: 0.8690, Mean: 0.8076
  Data: [
    0.7798, 0.8512, 0.8274, 0.8571, 0.7917, 0.8274, 0.7798, 0.7857, 0.8512, 0.7679,
    0.8155, 0.8274, 0.8690, 0.8690, 0.8095, 0.7857, 0.7798, 0.7202, 0.7500,
  ]

#### probe_min_win_rate
  Points: 19
  Min: 0.2500, Max: 0.6250, Mean: 0.4408
  Data: [
    0.3750, 0.6250, 0.2500, 0.5000, 0.2500, 0.5000, 0.5000, 0.3750, 0.5000, 0.3750,
    0.5000, 0.5000, 0.2500, 0.6250, 0.5000, 0.5000, 0.5000, 0.2500, 0.5000,
  ]

#### 357k_0130_193448.pth
  Points: 19
  Min: 0.5000, Max: 1.0000, Mean: 0.8882
  Data: [
    1.0000, 0.8750, 0.8750, 1.0000, 0.8750, 1.0000, 0.8750, 0.8750, 0.8750, 1.0000,
    1.0000, 0.8750, 1.0000, 0.8750, 1.0000, 0.8750, 0.5000, 0.6250, 0.8750,
  ]

#### 556k.pth
  Points: 19
  Min: 0.5000, Max: 1.0000, Mean: 0.7500
  Data: [
    0.6250, 0.8750, 0.6250, 0.6250, 0.8750, 0.5000, 0.5000, 0.8750, 0.8750, 0.6250,
    0.7500, 0.8750, 0.7500, 1.0000, 0.5000, 0.7500, 1.0000, 0.7500, 0.8750,
  ]

#### 612k.pth
  Points: 19
  Min: 0.3750, Max: 1.0000, Mean: 0.7632
  Data: [
    0.8750, 0.8750, 0.8750, 0.8750, 0.8750, 0.8750, 0.7500, 0.7500, 1.0000, 0.3750,
    0.7500, 0.7500, 0.7500, 0.7500, 0.8750, 0.6250, 0.6250, 0.5000, 0.7500,
  ]

#### 622k.pth
  Points: 19
  Min: 0.6250, Max: 1.0000, Mean: 0.7829
  Data: [
    0.6250, 0.8750, 0.8750, 0.8750, 0.7500, 1.0000, 0.6250, 1.0000, 0.7500, 0.7500,
    0.6250, 0.7500, 1.0000, 1.0000, 0.7500, 0.6250, 0.6250, 0.6250, 0.7500,
  ]

#### 634k.pth
  Points: 19
  Min: 0.2500, Max: 1.0000, Mean: 0.7105
  Data: [
    0.7500, 0.7500, 0.2500, 0.8750, 0.7500, 0.7500, 0.8750, 0.7500, 1.0000, 0.8750,
    0.7500, 0.8750, 0.6250, 0.8750, 0.7500, 0.5000, 0.5000, 0.2500, 0.7500,
  ]

#### dreamer_weak_seed42_20260124_141543_final.pth
  Points: 19
  Min: 0.5000, Max: 0.7500, Mean: 0.5921
  Data: [
    0.7500, 0.7500, 0.6250, 0.5000, 0.5000, 0.5000, 0.5000, 0.6250, 0.5000, 0.5000,
    0.5000, 0.6250, 0.7500, 0.7500, 0.6250, 0.5000, 0.5000, 0.7500, 0.5000,
  ]

#### results_checkpoints_DreamerV3-dreamsmooth-seed42_weak_seed42_20260122_000848_120k.pth
  Points: 19
  Min: 0.5000, Max: 1.0000, Mean: 0.8026
  Data: [
    0.7500, 0.6250, 1.0000, 1.0000, 1.0000, 0.8750, 0.6250, 0.7500, 1.0000, 1.0000,
    1.0000, 0.8750, 0.6250, 1.0000, 0.5000, 0.6250, 0.6250, 0.6250, 0.7500,
  ]

#### results_checkpoints_DreamerV3-mixed-selfplay-seed42_weak_seed42_20260124_144802_220k.pth
  Points: 19
  Min: 0.5000, Max: 1.0000, Mean: 0.9145
  Data: [
    1.0000, 0.8750, 1.0000, 1.0000, 0.8750, 0.8750, 0.8750, 0.8750, 0.8750, 0.5000,
    1.0000, 0.8750, 1.0000, 1.0000, 0.8750, 1.0000, 0.8750, 1.0000, 1.0000,
  ]

#### results_checkpoints_DreamerV3-small-weak-seed43_weak_seed43_20260120_122246_50k.pth
  Points: 19
  Min: 0.6250, Max: 1.0000, Mean: 0.8684
  Data: [
    1.0000, 1.0000, 1.0000, 1.0000, 0.8750, 0.8750, 0.8750, 0.7500, 0.8750, 0.7500,
    0.8750, 0.8750, 0.8750, 0.8750, 0.6250, 0.8750, 0.7500, 0.8750, 0.8750,
  ]

#### results_checkpoints__weak_seed42_20260223_031358_406k.pth
  Points: 19
  Min: 0.7500, Max: 1.0000, Mean: 0.8355
  Data: [
    0.8750, 0.8750, 0.7500, 0.7500, 0.7500, 0.7500, 1.0000, 0.8750, 0.8750, 1.0000,
    0.7500, 0.8750, 0.8750, 0.8750, 0.7500, 0.7500, 1.0000, 0.7500, 0.7500,
  ]

#### results_checkpoints__weak_seed42_20260223_031428_456k.pth
  Points: 19
  Min: 0.3750, Max: 1.0000, Mean: 0.7697
  Data: [
    0.3750, 0.8750, 0.8750, 0.6250, 0.7500, 0.5000, 0.6250, 0.6250, 1.0000, 0.5000,
    0.7500, 0.8750, 1.0000, 1.0000, 1.0000, 0.8750, 0.8750, 0.8750, 0.6250,
  ]

#### results_checkpoints__weak_seed42_20260223_040357_534k.pth
  Points: 19
  Min: 0.5000, Max: 1.0000, Mean: 0.8289
  Data: [
    0.6250, 0.8750, 0.7500, 1.0000, 0.8750, 0.8750, 1.0000, 1.0000, 0.7500, 0.7500,
    0.8750, 0.8750, 0.8750, 0.7500, 1.0000, 1.0000, 0.7500, 0.6250, 0.5000,
  ]

#### results_checkpoints__weak_seed42_20260224_013546_558k.pth
  Points: 19
  Min: 0.3750, Max: 1.0000, Mean: 0.6776
  Data: [
    0.3750, 0.7500, 0.7500, 0.6250, 0.6250, 0.8750, 0.7500, 0.3750, 1.0000, 0.6250,
    0.5000, 0.6250, 1.0000, 0.7500, 0.7500, 0.5000, 0.6250, 0.7500, 0.6250,
  ]

#### results_checkpoints__weak_seed42_20260224_040000_476k.pth
  Points: 19
  Min: 0.5000, Max: 1.0000, Mean: 0.8487
  Data: [
    0.7500, 1.0000, 0.8750, 0.7500, 0.8750, 1.0000, 0.7500, 0.5000, 0.6250, 0.7500,
    1.0000, 0.8750, 1.0000, 1.0000, 0.8750, 1.0000, 1.0000, 0.6250, 0.8750,
  ]

#### results_checkpoints__weak_seed42_20260224_074312_480k.pth
  Points: 19
  Min: 0.6250, Max: 1.0000, Mean: 0.8487
  Data: [
    0.8750, 0.8750, 1.0000, 1.0000, 0.8750, 1.0000, 0.7500, 0.7500, 0.7500, 0.8750,
    0.7500, 0.6250, 1.0000, 0.8750, 0.8750, 0.8750, 0.8750, 0.7500, 0.7500,
  ]

#### results_checkpoints__weak_seed42_20260224_074312_546k.pth
  Points: 19
  Min: 0.2500, Max: 0.8750, Mean: 0.6184
  Data: [
    0.6250, 0.6250, 0.5000, 0.6250, 0.6250, 0.5000, 0.6250, 0.6250, 0.6250, 0.5000,
    0.7500, 0.5000, 0.2500, 0.6250, 0.6250, 0.6250, 0.8750, 0.8750, 0.7500,
  ]

#### results_checkpoints_balanced-finetune-DreamerV3-final-finetune-seed43_weak_seed43_20260125_215906_296k.pth
  Points: 19
  Min: 0.8750, Max: 1.0000, Mean: 0.9539
  Data: [
    1.0000, 1.0000, 0.8750, 1.0000, 1.0000, 1.0000, 1.0000, 1.0000, 0.8750, 1.0000,
    0.8750, 0.8750, 0.8750, 0.8750, 1.0000, 1.0000, 1.0000, 1.0000, 0.8750,
  ]

#### results_checkpoints_balanced-finetune-DreamerV3-final-finetune-seed43_weak_seed43_20260125_230625_266k.pth
  Points: 19
  Min: 0.7500, Max: 1.0000, Mean: 0.9474
  Data: [
    1.0000, 0.8750, 1.0000, 1.0000, 0.8750, 1.0000, 1.0000, 0.8750, 1.0000, 0.8750,
    1.0000, 1.0000, 1.0000, 1.0000, 1.0000, 1.0000, 0.8750, 0.8750, 0.7500,
  ]

#### results_checkpoints_dreamer_weak_seed43_20260125_133536_250k.pth
  Points: 19
  Min: 0.6250, Max: 1.0000, Mean: 0.9276
  Data: [
    0.8750, 1.0000, 1.0000, 1.0000, 0.8750, 0.8750, 1.0000, 1.0000, 0.8750, 1.0000,
    1.0000, 1.0000, 1.0000, 0.8750, 1.0000, 1.0000, 0.6250, 0.7500, 0.8750,
  ]

#### results_checkpoints_dreamer_weak_seed43_20260125_133552_240k.pth
  Points: 19
  Min: 0.6250, Max: 1.0000, Mean: 0.8947
  Data: [
    0.8750, 1.0000, 1.0000, 1.0000, 0.8750, 1.0000, 0.8750, 1.0000, 1.0000, 0.8750,
    1.0000, 1.0000, 1.0000, 0.6250, 0.7500, 0.8750, 1.0000, 0.6250, 0.6250,
  ]

#### results_checkpoints_summit-local-league80-20260224_010504_weak_seed42_20260224_010505_534k.pth
  Points: 19
  Min: 0.2500, Max: 1.0000, Mean: 0.7368
  Data: [
    0.7500, 0.6250, 0.8750, 0.8750, 0.2500, 0.7500, 0.5000, 0.6250, 0.7500, 1.0000,
    0.6250, 0.8750, 1.0000, 0.8750, 0.8750, 0.6250, 0.8750, 0.6250, 0.6250,
  ]

#### robust_score
  Points: 19
  Min: 0.5080, Max: 0.7527, Mean: 0.6279
  Data: [
    0.5920, 0.7527, 0.5241, 0.6682, 0.5188, 0.6637, 0.6670, 0.5929, 0.6673, 0.5902,
    0.6515, 0.6741, 0.5199, 0.7449, 0.6506, 0.6574, 0.6565, 0.5080, 0.6313,
  ]

#### strong_draws
  Points: 19
  Min: 0.0000, Max: 1.0000, Mean: 0.0526
  Data: [
    0.0000, 0.0000, 0.0000, 0.0000, 0.0000, 0.0000, 0.0000, 0.0000, 0.0000, 0.0000,
    0.0000, 0.0000, 1.0000, 0.0000, 0.0000, 0.0000, 0.0000, 0.0000, 0.0000,
  ]

#### strong_losses
  Points: 19
  Min: 0.0000, Max: 1.0000, Mean: 0.3158
  Data: [
    0.0000, 0.0000, 0.0000, 1.0000, 0.0000, 1.0000, 0.0000, 0.0000, 1.0000, 0.0000,
    1.0000, 0.0000, 0.0000, 0.0000, 1.0000, 0.0000, 0.0000, 0.0000, 1.0000,
  ]

#### strong_mean_reward
  Points: 19
  Min: 7.1771, Max: 9.3811, Mean: 8.4115
  Data: [
    8.5567, 8.9614, 9.0139, 7.1771, 9.1311, 7.1777, 9.2446, 8.7614, 7.3895, 9.2900,
    7.4421, 9.3811, 7.3048, 8.9820, 7.4758, 9.1928, 9.0249, 8.9578, 7.3530,
  ]

#### strong_win_rate
  Points: 19
  Min: 0.9167, Max: 1.0000, Mean: 0.9693
  Data: [
    1.0000, 1.0000, 1.0000, 0.9167, 1.0000, 0.9167, 1.0000, 1.0000, 0.9167, 1.0000,
    0.9167, 1.0000, 0.9167, 1.0000, 0.9167, 1.0000, 1.0000, 1.0000, 0.9167,
  ]

#### strong_wins
  Points: 19
  Min: 11.0000, Max: 12.0000, Mean: 11.6316
  Data: [
    12.0000, 12.0000, 12.0000, 11.0000, 12.0000, 11.0000, 12.0000, 12.0000, 11.0000, 12.0000,
    11.0000, 12.0000, 11.0000, 12.0000, 11.0000, 12.0000, 12.0000, 12.0000, 11.0000,
  ]

#### weak_draws
  Points: 19
  Min: 0.0000, Max: 1.0000, Mean: 0.2105
  Data: [
    0.0000, 0.0000, 0.0000, 0.0000, 0.0000, 0.0000, 0.0000, 0.0000, 0.0000, 0.0000,
    1.0000, 0.0000, 0.0000, 0.0000, 1.0000, 1.0000, 0.0000, 0.0000, 1.0000,
  ]

#### weak_losses
  Points: 19
  Min: 0.0000, Max: 1.0000, Mean: 0.1579
  Data: [
    0.0000, 0.0000, 0.0000, 0.0000, 0.0000, 0.0000, 0.0000, 0.0000, 0.0000, 0.0000,
    0.0000, 0.0000, 0.0000, 1.0000, 0.0000, 0.0000, 1.0000, 0.0000, 1.0000,
  ]

#### weak_mean_reward
  Points: 19
  Min: 6.6944, Max: 9.6063, Mean: 8.9777
  Data: [
    9.4655, 9.2344, 9.3710, 9.4955, 9.5685, 9.4087, 9.4045, 9.6063, 9.4736, 9.3443,
    8.5812, 9.4727, 9.5906, 7.5923, 8.5723, 8.7508, 7.4798, 9.4702, 6.6944,
  ]

#### weak_win_rate
  Points: 19
  Min: 0.8333, Max: 1.0000, Mean: 0.9693
  Data: [
    1.0000, 1.0000, 1.0000, 1.0000, 1.0000, 1.0000, 1.0000, 1.0000, 1.0000, 1.0000,
    0.9167, 1.0000, 1.0000, 0.9167, 0.9167, 0.9167, 0.9167, 1.0000, 0.8333,
  ]

#### weak_wins
  Points: 19
  Min: 10.0000, Max: 12.0000, Mean: 11.6316
  Data: [
    12.0000, 12.0000, 12.0000, 12.0000, 12.0000, 12.0000, 12.0000, 12.0000, 12.0000, 12.0000,
    11.0000, 12.0000, 12.0000, 11.0000, 11.0000, 11.0000, 11.0000, 12.0000, 10.0000,
  ]


### SELFPLAY
#### active
  Points: 100
  Min: 1.0000, Max: 1.0000, Mean: 1.0000
  Data: [
    1.0000, 1.0000, 1.0000, 1.0000, 1.0000, 1.0000, 1.0000, 1.0000, 1.0000, 1.0000,
    1.0000, 1.0000, 1.0000, 1.0000, 1.0000, 1.0000, 1.0000, 1.0000, 1.0000, 1.0000,
    1.0000, 1.0000, 1.0000, 1.0000, 1.0000, 1.0000, 1.0000, 1.0000, 1.0000, 1.0000,
    1.0000, 1.0000, 1.0000, 1.0000, 1.0000, 1.0000, 1.0000, 1.0000, 1.0000, 1.0000,
    1.0000, 1.0000, 1.0000, 1.0000, 1.0000, 1.0000, 1.0000, 1.0000, 1.0000, 1.0000,
    1.0000, 1.0000, 1.0000, 1.0000, 1.0000, 1.0000, 1.0000, 1.0000, 1.0000, 1.0000,
    1.0000, 1.0000, 1.0000, 1.0000, 1.0000, 1.0000, 1.0000, 1.0000, 1.0000, 1.0000,
    1.0000, 1.0000, 1.0000, 1.0000, 1.0000, 1.0000, 1.0000, 1.0000, 1.0000, 1.0000,
    1.0000, 1.0000, 1.0000, 1.0000, 1.0000, 1.0000, 1.0000, 1.0000, 1.0000, 1.0000,
    1.0000, 1.0000, 1.0000, 1.0000, 1.0000, 1.0000, 1.0000, 1.0000, 1.0000, 1.0000,
  ]

#### anchor_ratio_actual
  Points: 100
  Min: 0.0000, Max: 0.2652, Mean: 0.2102
  Data: [
    0.0000, 0.1972, 0.1978, 0.2214, 0.2351, 0.2440, 0.2625, 0.2652, 0.2599, 0.2616,
    0.2421, 0.2434, 0.2335, 0.2386, 0.2377, 0.2375, 0.2324, 0.2276, 0.2265, 0.2259,
    0.2272, 0.2232, 0.2219, 0.2254, 0.2250, 0.2214, 0.2152, 0.2153, 0.2167, 0.2148,
    0.2144, 0.2149, 0.2167, 0.2169, 0.2143, 0.2155, 0.2142, 0.2112, 0.2106, 0.2109,
    0.2111, 0.2100, 0.2089, 0.2070, 0.2068, 0.2047, 0.2062, 0.2076, 0.2073, 0.2085,
    0.2033, 0.2034, 0.2036, 0.2029, 0.2030, 0.2028, 0.2030, 0.2024, 0.2023, 0.2019,
    0.2023, 0.2026, 0.2023, 0.2026, 0.2023, 0.2021, 0.2020, 0.2013, 0.2011, 0.2009,
    0.2008, 0.2008, 0.2009, 0.2009, 0.2015, 0.2014, 0.2014, 0.2015, 0.2018, 0.2019,
    0.2018, 0.2022, 0.2022, 0.2022, 0.2025, 0.2023, 0.2020, 0.2028, 0.2025, 0.2027,
    0.2026, 0.2025, 0.2024, 0.2021, 0.2019, 0.2021, 0.2021, 0.2022, 0.2022, 0.2021,
  ]

#### anchor_strong_count
  Points: 100
  Min: 0.0000, Max: 1315.0000, Mean: 658.1500
  Data: [
    0.0000, 7.0000, 9.0000, 15.0000, 30.0000, 35.0000, 50.0000, 55.0000, 56.0000, 59.0000,
    66.0000, 69.0000, 80.0000, 86.0000, 94.0000, 98.0000, 107.0000, 110.0000, 115.0000, 125.0000,
    129.0000, 139.0000, 141.0000, 155.0000, 157.0000, 160.0000, 162.0000, 167.0000, 173.0000, 179.0000,
    185.0000, 194.0000, 199.0000, 204.0000, 208.0000, 215.0000, 218.0000, 224.0000, 228.0000, 231.0000,
    235.0000, 240.0000, 244.0000, 248.0000, 254.0000, 258.0000, 262.0000, 272.0000, 282.0000, 292.0000,
    1024.0000, 1032.0000, 1041.0000, 1047.0000, 1052.0000, 1052.0000, 1058.0000, 1063.0000, 1067.0000, 1071.0000,
    1088.0000, 1093.0000, 1098.0000, 1101.0000, 1107.0000, 1109.0000, 1111.0000, 1116.0000, 1126.0000, 1129.0000,
    1130.0000, 1137.0000, 1144.0000, 1149.0000, 1166.0000, 1168.0000, 1169.0000, 1172.0000, 1183.0000, 1188.0000,
    1193.0000, 1210.0000, 1212.0000, 1217.0000, 1222.0000, 1228.0000, 1228.0000, 1239.0000, 1244.0000, 1254.0000,
    1256.0000, 1258.0000, 1274.0000, 1279.0000, 1282.0000, 1290.0000, 1292.0000, 1301.0000, 1309.0000, 1315.0000,
  ]

#### anchor_weak_count
  Points: 100
  Min: 0.0000, Max: 1315.0000, Mean: 658.0700
  Data: [
    0.0000, 7.0000, 9.0000, 14.0000, 29.0000, 36.0000, 50.0000, 54.0000, 56.0000, 59.0000,
    65.0000, 70.0000, 79.0000, 86.0000, 94.0000, 97.0000, 107.0000, 111.0000, 114.0000, 126.0000,
    128.0000, 138.0000, 141.0000, 154.0000, 156.0000, 159.0000, 161.0000, 167.0000, 174.0000, 180.0000,
    184.0000, 193.0000, 200.0000, 204.0000, 208.0000, 214.0000, 217.0000, 224.0000, 227.0000, 231.0000,
    236.0000, 241.0000, 243.0000, 249.0000, 255.0000, 258.0000, 262.0000, 272.0000, 282.0000, 292.0000,
    1023.0000, 1033.0000, 1040.0000, 1047.0000, 1051.0000, 1053.0000, 1057.0000, 1064.0000, 1067.0000, 1071.0000,
    1089.0000, 1093.0000, 1097.0000, 1101.0000, 1106.0000, 1110.0000, 1111.0000, 1117.0000, 1126.0000, 1129.0000,
    1131.0000, 1136.0000, 1145.0000, 1148.0000, 1166.0000, 1167.0000, 1170.0000, 1172.0000, 1184.0000, 1187.0000,
    1193.0000, 1209.0000, 1211.0000, 1216.0000, 1222.0000, 1228.0000, 1228.0000, 1239.0000, 1245.0000, 1253.0000,
    1257.0000, 1259.0000, 1275.0000, 1278.0000, 1282.0000, 1291.0000, 1293.0000, 1301.0000, 1308.0000, 1315.0000,
  ]

#### anchor_weak_ratio
  Points: 100
  Min: 0.4828, Max: 0.5070, Mean: 0.4996
  Data: [
    0.5000, 0.5000, 0.4828, 0.4915, 0.5070, 0.5000, 0.4954, 0.5000, 0.5000, 0.4962,
    0.5036, 0.4969, 0.5000, 0.5000, 0.4974, 0.5000, 0.5023, 0.4978, 0.5020, 0.4981,
    0.4982, 0.5000, 0.4984, 0.4984, 0.4984, 0.4985, 0.5000, 0.5014, 0.5014, 0.4986,
    0.4987, 0.5013, 0.5000, 0.5000, 0.4988, 0.4989, 0.5000, 0.4989, 0.5000, 0.5011,
    0.5010, 0.4990, 0.5010, 0.5010, 0.5000, 0.5000, 0.5000, 0.5000, 0.5000, 0.5000,
    0.4998, 0.5002, 0.4998, 0.5000, 0.4998, 0.5002, 0.4998, 0.5002, 0.5000, 0.5000,
    0.5002, 0.5000, 0.4998, 0.5000, 0.4998, 0.5002, 0.5000, 0.5002, 0.5000, 0.5000,
    0.5002, 0.4998, 0.5002, 0.4998, 0.5000, 0.4998, 0.5002, 0.5000, 0.5002, 0.4998,
    0.5000, 0.4998, 0.4998, 0.4998, 0.5000, 0.5000, 0.5000, 0.5000, 0.5002, 0.4998,
    0.5002, 0.5002, 0.5002, 0.4998, 0.5000, 0.5002, 0.5002, 0.5000, 0.4998, 0.5000,
  ]

#### bootstrap_added_count
  Points: 100
  Min: 21.0000, Max: 21.0000, Mean: 21.0000
  Data: [
    21.0000, 21.0000, 21.0000, 21.0000, 21.0000, 21.0000, 21.0000, 21.0000, 21.0000, 21.0000,
    21.0000, 21.0000, 21.0000, 21.0000, 21.0000, 21.0000, 21.0000, 21.0000, 21.0000, 21.0000,
    21.0000, 21.0000, 21.0000, 21.0000, 21.0000, 21.0000, 21.0000, 21.0000, 21.0000, 21.0000,
    21.0000, 21.0000, 21.0000, 21.0000, 21.0000, 21.0000, 21.0000, 21.0000, 21.0000, 21.0000,
    21.0000, 21.0000, 21.0000, 21.0000, 21.0000, 21.0000, 21.0000, 21.0000, 21.0000, 21.0000,
    21.0000, 21.0000, 21.0000, 21.0000, 21.0000, 21.0000, 21.0000, 21.0000, 21.0000, 21.0000,
    21.0000, 21.0000, 21.0000, 21.0000, 21.0000, 21.0000, 21.0000, 21.0000, 21.0000, 21.0000,
    21.0000, 21.0000, 21.0000, 21.0000, 21.0000, 21.0000, 21.0000, 21.0000, 21.0000, 21.0000,
    21.0000, 21.0000, 21.0000, 21.0000, 21.0000, 21.0000, 21.0000, 21.0000, 21.0000, 21.0000,
    21.0000, 21.0000, 21.0000, 21.0000, 21.0000, 21.0000, 21.0000, 21.0000, 21.0000, 21.0000,
  ]

#### bootstrap_attempted
  Points: 100
  Min: 1.0000, Max: 1.0000, Mean: 1.0000
  Data: [
    1.0000, 1.0000, 1.0000, 1.0000, 1.0000, 1.0000, 1.0000, 1.0000, 1.0000, 1.0000,
    1.0000, 1.0000, 1.0000, 1.0000, 1.0000, 1.0000, 1.0000, 1.0000, 1.0000, 1.0000,
    1.0000, 1.0000, 1.0000, 1.0000, 1.0000, 1.0000, 1.0000, 1.0000, 1.0000, 1.0000,
    1.0000, 1.0000, 1.0000, 1.0000, 1.0000, 1.0000, 1.0000, 1.0000, 1.0000, 1.0000,
    1.0000, 1.0000, 1.0000, 1.0000, 1.0000, 1.0000, 1.0000, 1.0000, 1.0000, 1.0000,
    1.0000, 1.0000, 1.0000, 1.0000, 1.0000, 1.0000, 1.0000, 1.0000, 1.0000, 1.0000,
    1.0000, 1.0000, 1.0000, 1.0000, 1.0000, 1.0000, 1.0000, 1.0000, 1.0000, 1.0000,
    1.0000, 1.0000, 1.0000, 1.0000, 1.0000, 1.0000, 1.0000, 1.0000, 1.0000, 1.0000,
    1.0000, 1.0000, 1.0000, 1.0000, 1.0000, 1.0000, 1.0000, 1.0000, 1.0000, 1.0000,
    1.0000, 1.0000, 1.0000, 1.0000, 1.0000, 1.0000, 1.0000, 1.0000, 1.0000, 1.0000,
  ]

#### current_opponent_episode
  Points: 100
  Min: 9.0000, Max: 41800.0000, Mean: 29358.9100
  Data: [
    23319.0000, 14550.0000, 9.0000, 3950.0000, 24069.0000, 29000.0000, 27444.0000, 18944.0000, 14550.0000, 29000.0000,
    9833.0000, 3950.0000, 7075.0000, 9.0000, 28819.0000, 7075.0000, 28819.0000, 28069.0000, 28819.0000, 28819.0000,
    12770.0000, 29000.0000, 23319.0000, 30200.0000, 18944.0000, 29000.0000, 23944.0000, 29800.0000, 30400.0000, 29800.0000,
    28819.0000, 22575.0000, 28819.0000, 29000.0000, 28819.0000, 29400.0000, 28819.0000, 30200.0000, 29400.0000, 30400.0000,
    22550.0000, 30000.0000, 29600.0000, 9.0000, 24069.0000, 27444.0000, 30000.0000, 30000.0000, 29000.0000, 28069.0000,
    36600.0000, 33000.0000, 37000.0000, 34400.0000, 32600.0000, 35400.0000, 34400.0000, 34400.0000, 36600.0000, 39400.0000,
    39200.0000, 32000.0000, 38200.0000, 30800.0000, 36800.0000, 35800.0000, 33400.0000, 37200.0000, 35800.0000, 34200.0000,
    33800.0000, 34400.0000, 31200.0000, 32400.0000, 31600.0000, 37000.0000, 37400.0000, 35400.0000, 32400.0000, 31600.0000,
    35800.0000, 31400.0000, 40800.0000, 31600.0000, 33200.0000, 35400.0000, 33400.0000, 33400.0000, 37600.0000, 41200.0000,
    39000.0000, 38400.0000, 40200.0000, 36800.0000, 41200.0000, 35200.0000, 41000.0000, 39200.0000, 34600.0000, 41800.0000,
  ]

#### current_opponent_idx
  Points: 100
  Min: 1.0000, Max: 47.0000, Mean: 19.3900
  Data: [
    16.0000, 10.0000, 6.0000, 7.0000, 13.0000, 22.0000, 3.0000, 14.0000, 10.0000, 22.0000,
    19.0000, 7.0000, 8.0000, 6.0000, 5.0000, 8.0000, 5.0000, 4.0000, 5.0000, 5.0000,
    17.0000, 22.0000, 16.0000, 28.0000, 14.0000, 22.0000, 2.0000, 26.0000, 29.0000, 26.0000,
    5.0000, 21.0000, 5.0000, 22.0000, 5.0000, 24.0000, 5.0000, 28.0000, 24.0000, 29.0000,
    12.0000, 27.0000, 25.0000, 6.0000, 13.0000, 3.0000, 27.0000, 27.0000, 22.0000, 4.0000,
    36.0000, 18.0000, 37.0000, 24.0000, 15.0000, 28.0000, 23.0000, 23.0000, 34.0000, 47.0000,
    46.0000, 9.0000, 40.0000, 3.0000, 33.0000, 27.0000, 15.0000, 34.0000, 26.0000, 18.0000,
    16.0000, 19.0000, 2.0000, 8.0000, 3.0000, 30.0000, 32.0000, 22.0000, 7.0000, 3.0000,
    23.0000, 1.0000, 47.0000, 1.0000, 9.0000, 20.0000, 10.0000, 9.0000, 30.0000, 47.0000,
    36.0000, 33.0000, 41.0000, 24.0000, 46.0000, 15.0000, 44.0000, 35.0000, 12.0000, 47.0000,
  ]

#### episodes_since_activation
  Points: 100
  Min: 1.0000, Max: 13011.0000, Mean: 6462.6000
  Data: [
    1.0000, 71.0000, 91.0000, 131.0000, 251.0000, 291.0000, 381.0000, 411.0000, 431.0000, 451.0000,
    541.0000, 571.0000, 681.0000, 721.0000, 791.0000, 821.0000, 921.0000, 971.0000, 1011.0000, 1111.0000,
    1131.0000, 1241.0000, 1271.0000, 1371.0000, 1391.0000, 1441.0000, 1501.0000, 1551.0000, 1601.0000, 1671.0000,
    1721.0000, 1801.0000, 1841.0000, 1881.0000, 1941.0000, 1991.0000, 2031.0000, 2121.0000, 2161.0000, 2191.0000,
    2231.0000, 2291.0000, 2331.0000, 2401.0000, 2461.0000, 2521.0000, 2541.0000, 2621.0000, 2721.0000, 2801.0000,
    10071.0000, 10151.0000, 10221.0000, 10321.0000, 10361.0000, 10381.0000, 10421.0000, 10511.0000, 10551.0000, 10611.0000,
    10761.0000, 10791.0000, 10851.0000, 10871.0000, 10941.0000, 10981.0000, 11001.0000, 11091.0000, 11201.0000, 11241.0000,
    11261.0000, 11321.0000, 11391.0000, 11431.0000, 11571.0000, 11591.0000, 11611.0000, 11631.0000, 11731.0000, 11761.0000,
    11821.0000, 11961.0000, 11981.0000, 12031.0000, 12071.0000, 12141.0000, 12161.0000, 12221.0000, 12291.0000, 12371.0000,
    12401.0000, 12431.0000, 12591.0000, 12651.0000, 12701.0000, 12771.0000, 12791.0000, 12871.0000, 12941.0000, 13011.0000,
  ]

#### newest_opponent_episode
  Points: 100
  Min: 28833.0000, Max: 41800.0000, Mean: 35205.3200
  Data: [
    28833.0000, 28833.0000, 28833.0000, 28833.0000, 29000.0000, 29000.0000, 29200.0000, 29200.0000, 29200.0000, 29200.0000,
    29200.0000, 29400.0000, 29400.0000, 29400.0000, 29600.0000, 29600.0000, 29600.0000, 29800.0000, 29800.0000, 29800.0000,
    29800.0000, 30000.0000, 30000.0000, 30200.0000, 30200.0000, 30200.0000, 30200.0000, 30200.0000, 30400.0000, 30400.0000,
    30400.0000, 30600.0000, 30600.0000, 30600.0000, 30600.0000, 30800.0000, 30800.0000, 30800.0000, 30800.0000, 31000.0000,
    31000.0000, 31000.0000, 31000.0000, 31200.0000, 31200.0000, 31200.0000, 31200.0000, 31400.0000, 31400.0000, 31600.0000,
    38800.0000, 38800.0000, 39000.0000, 39000.0000, 39000.0000, 39200.0000, 39200.0000, 39200.0000, 39200.0000, 39400.0000,
    39400.0000, 39600.0000, 39600.0000, 39600.0000, 39600.0000, 39800.0000, 39800.0000, 39800.0000, 40000.0000, 40000.0000,
    40000.0000, 40000.0000, 40200.0000, 40200.0000, 40400.0000, 40400.0000, 40400.0000, 40400.0000, 40400.0000, 40400.0000,
    40600.0000, 40600.0000, 40800.0000, 40800.0000, 40800.0000, 40800.0000, 40800.0000, 41000.0000, 41000.0000, 41200.0000,
    41200.0000, 41200.0000, 41400.0000, 41400.0000, 41400.0000, 41600.0000, 41600.0000, 41600.0000, 41600.0000, 41800.0000,
  ]

#### oldest_opponent_episode
  Points: 100
  Min: 9.0000, Max: 32400.0000, Mean: 15444.5000
  Data: [
    9.0000, 9.0000, 9.0000, 9.0000, 9.0000, 9.0000, 9.0000, 9.0000, 9.0000, 9.0000,
    9.0000, 9.0000, 9.0000, 9.0000, 9.0000, 9.0000, 9.0000, 9.0000, 9.0000, 9.0000,
    9.0000, 9.0000, 9.0000, 9.0000, 9.0000, 9.0000, 9.0000, 9.0000, 9.0000, 9.0000,
    9.0000, 9.0000, 9.0000, 9.0000, 9.0000, 9.0000, 9.0000, 9.0000, 9.0000, 9.0000,
    9.0000, 9.0000, 9.0000, 9.0000, 9.0000, 9.0000, 9.0000, 9.0000, 9.0000, 9.0000,
    29400.0000, 29400.0000, 29600.0000, 29600.0000, 29600.0000, 29800.0000, 29800.0000, 29800.0000, 29800.0000, 30000.0000,
    30000.0000, 30200.0000, 30200.0000, 30200.0000, 30200.0000, 30400.0000, 30400.0000, 30400.0000, 30600.0000, 30600.0000,
    30600.0000, 30600.0000, 30800.0000, 30800.0000, 31000.0000, 31000.0000, 31000.0000, 31000.0000, 31000.0000, 31000.0000,
    31200.0000, 31200.0000, 31400.0000, 31400.0000, 31400.0000, 31400.0000, 31400.0000, 31600.0000, 31600.0000, 31800.0000,
    31800.0000, 31800.0000, 32000.0000, 32000.0000, 32000.0000, 32200.0000, 32200.0000, 32200.0000, 32200.0000, 32400.0000,
  ]

#### pfsp_avg_winrate
  Points: 100
  Min: 0.4889, Max: 0.7605, Mean: 0.6548
  Data: [
    0.4889, 0.6163, 0.6377, 0.7081, 0.7171, 0.7369, 0.7374, 0.7369, 0.7356, 0.7527,
    0.7605, 0.7551, 0.7588, 0.7498, 0.7528, 0.7550, 0.7560, 0.7401, 0.7474, 0.7481,
    0.7315, 0.7313, 0.7357, 0.7364, 0.7386, 0.7379, 0.7379, 0.7399, 0.7375, 0.7408,
    0.7403, 0.7217, 0.7202, 0.7211, 0.7214, 0.7203, 0.7057, 0.7050, 0.7029, 0.6951,
    0.7062, 0.7081, 0.6997, 0.6963, 0.7004, 0.7002, 0.6999, 0.6963, 0.6936, 0.6806,
    0.5917, 0.5932, 0.5764, 0.5858, 0.5891, 0.5891, 0.5906, 0.5910, 0.5907, 0.5910,
    0.5922, 0.5933, 0.5979, 0.5970, 0.6012, 0.6032, 0.6025, 0.6055, 0.6049, 0.6050,
    0.6058, 0.6025, 0.5995, 0.5964, 0.5908, 0.5889, 0.5896, 0.5899, 0.5907, 0.5896,
    0.5886, 0.5944, 0.5927, 0.5854, 0.5873, 0.5886, 0.5885, 0.5885, 0.5870, 0.5891,
    0.5894, 0.5825, 0.5842, 0.5850, 0.5876, 0.5844, 0.5837, 0.5904, 0.5916, 0.5874,
  ]

#### pfsp_max_winrate
  Points: 100
  Min: 0.6667, Max: 1.0000, Mean: 0.8998
  Data: [
    0.6667, 1.0000, 1.0000, 1.0000, 1.0000, 1.0000, 1.0000, 1.0000, 1.0000, 1.0000,
    1.0000, 1.0000, 1.0000, 1.0000, 1.0000, 1.0000, 1.0000, 1.0000, 1.0000, 1.0000,
    1.0000, 1.0000, 1.0000, 1.0000, 1.0000, 1.0000, 1.0000, 1.0000, 1.0000, 1.0000,
    1.0000, 1.0000, 1.0000, 1.0000, 1.0000, 1.0000, 1.0000, 1.0000, 1.0000, 1.0000,
    1.0000, 1.0000, 1.0000, 1.0000, 1.0000, 1.0000, 1.0000, 1.0000, 1.0000, 1.0000,
    0.7800, 0.7700, 0.7400, 0.7500, 0.7500, 0.7647, 0.7647, 0.7778, 0.7778, 0.7700,
    0.7800, 0.7800, 0.7900, 0.7900, 0.7900, 0.7900, 0.8000, 0.8100, 0.8100, 0.8100,
    0.8100, 0.8100, 0.8100, 0.8100, 0.8100, 0.8100, 0.8100, 0.8100, 0.8100, 0.8100,
    0.8100, 0.8100, 0.8100, 0.8100, 0.8200, 0.8300, 0.8300, 0.8300, 0.8300, 0.8400,
    0.8400, 0.8400, 0.8400, 0.8400, 0.8400, 0.8300, 0.8300, 0.8400, 0.8500, 0.8500,
  ]

#### pfsp_min_winrate
  Points: 100
  Min: 0.0000, Max: 0.4545, Mean: 0.2230
  Data: [
    0.4000, 0.4000, 0.4000, 0.3333, 0.4000, 0.4000, 0.4000, 0.3810, 0.3636, 0.4000,
    0.4000, 0.4000, 0.4545, 0.4000, 0.4000, 0.4444, 0.4000, 0.3333, 0.3750, 0.3333,
    0.2857, 0.2500, 0.3000, 0.3182, 0.3333, 0.2941, 0.3500, 0.3750, 0.3750, 0.3636,
    0.3636, 0.2000, 0.1429, 0.1429, 0.1429, 0.1250, 0.2000, 0.1818, 0.1818, 0.1667,
    0.2667, 0.2500, 0.3000, 0.3043, 0.2917, 0.2917, 0.3200, 0.3077, 0.3103, 0.2000,
    0.0000, 0.0000, 0.0000, 0.0000, 0.0000, 0.0000, 0.0000, 0.0000, 0.0000, 0.0000,
    0.0000, 0.0000, 0.0000, 0.0000, 0.1667, 0.1667, 0.1429, 0.1429, 0.1429, 0.1429,
    0.1429, 0.1429, 0.1250, 0.1250, 0.2222, 0.2222, 0.2222, 0.2000, 0.2000, 0.2000,
    0.2000, 0.2500, 0.2963, 0.2000, 0.2000, 0.2000, 0.2000, 0.1667, 0.1667, 0.1250,
    0.1111, 0.1111, 0.2143, 0.2143, 0.2143, 0.2000, 0.2000, 0.2000, 0.2000, 0.1667,
  ]

#### pfsp_num_tracked
  Points: 100
  Min: 3.0000, Max: 48.0000, Mean: 37.7500
  Data: [
    3.0000, 7.0000, 16.0000, 23.0000, 23.0000, 23.0000, 24.0000, 24.0000, 24.0000, 24.0000,
    24.0000, 25.0000, 25.0000, 26.0000, 26.0000, 26.0000, 26.0000, 27.0000, 27.0000, 27.0000,
    28.0000, 28.0000, 28.0000, 28.0000, 29.0000, 29.0000, 29.0000, 30.0000, 30.0000, 30.0000,
    30.0000, 31.0000, 31.0000, 31.0000, 31.0000, 32.0000, 32.0000, 32.0000, 32.0000, 33.0000,
    33.0000, 33.0000, 34.0000, 34.0000, 34.0000, 34.0000, 35.0000, 35.0000, 35.0000, 36.0000,
    48.0000, 48.0000, 48.0000, 48.0000, 48.0000, 47.0000, 47.0000, 48.0000, 48.0000, 47.0000,
    48.0000, 47.0000, 48.0000, 48.0000, 48.0000, 47.0000, 47.0000, 48.0000, 47.0000, 47.0000,
    47.0000, 48.0000, 47.0000, 47.0000, 47.0000, 47.0000, 47.0000, 48.0000, 48.0000, 48.0000,
    48.0000, 48.0000, 47.0000, 48.0000, 48.0000, 48.0000, 48.0000, 47.0000, 48.0000, 47.0000,
    47.0000, 48.0000, 47.0000, 47.0000, 48.0000, 47.0000, 47.0000, 48.0000, 48.0000, 48.0000,
  ]

#### pfsp_std_winrate
  Points: 100
  Min: 0.1257, Max: 0.2175, Mean: 0.1685
  Data: [
    0.1257, 0.2175, 0.2051, 0.1995, 0.1996, 0.1968, 0.1921, 0.1905, 0.1960, 0.1972,
    0.1923, 0.1886, 0.1798, 0.1853, 0.1831, 0.1812, 0.1798, 0.1930, 0.1831, 0.1851,
    0.1986, 0.1996, 0.1987, 0.1961, 0.1884, 0.1888, 0.1892, 0.1797, 0.1795, 0.1764,
    0.1773, 0.2012, 0.2077, 0.2062, 0.2036, 0.1987, 0.1910, 0.1911, 0.1942, 0.1985,
    0.1863, 0.1862, 0.1917, 0.1980, 0.1918, 0.1913, 0.1888, 0.1911, 0.1967, 0.2132,
    0.1385, 0.1389, 0.1600, 0.1514, 0.1518, 0.1487, 0.1474, 0.1493, 0.1520, 0.1522,
    0.1527, 0.1557, 0.1506, 0.1499, 0.1394, 0.1344, 0.1369, 0.1342, 0.1366, 0.1373,
    0.1382, 0.1424, 0.1467, 0.1471, 0.1465, 0.1500, 0.1460, 0.1454, 0.1429, 0.1453,
    0.1464, 0.1383, 0.1362, 0.1434, 0.1429, 0.1441, 0.1443, 0.1446, 0.1459, 0.1475,
    0.1485, 0.1571, 0.1441, 0.1446, 0.1401, 0.1423, 0.1450, 0.1508, 0.1526, 0.1545,
  ]

#### pool_size
  Points: 100
  Min: 22.0000, Max: 48.0000, Mean: 38.3200
  Data: [
    22.0000, 22.0000, 22.0000, 22.0000, 23.0000, 23.0000, 24.0000, 24.0000, 24.0000, 24.0000,
    24.0000, 25.0000, 25.0000, 25.0000, 26.0000, 26.0000, 26.0000, 27.0000, 27.0000, 27.0000,
    27.0000, 28.0000, 28.0000, 29.0000, 29.0000, 29.0000, 29.0000, 29.0000, 30.0000, 30.0000,
    30.0000, 31.0000, 31.0000, 31.0000, 31.0000, 32.0000, 32.0000, 32.0000, 32.0000, 33.0000,
    33.0000, 33.0000, 33.0000, 34.0000, 34.0000, 34.0000, 34.0000, 35.0000, 35.0000, 36.0000,
    48.0000, 48.0000, 48.0000, 48.0000, 48.0000, 48.0000, 48.0000, 48.0000, 48.0000, 48.0000,
    48.0000, 48.0000, 48.0000, 48.0000, 48.0000, 48.0000, 48.0000, 48.0000, 48.0000, 48.0000,
    48.0000, 48.0000, 48.0000, 48.0000, 48.0000, 48.0000, 48.0000, 48.0000, 48.0000, 48.0000,
    48.0000, 48.0000, 48.0000, 48.0000, 48.0000, 48.0000, 48.0000, 48.0000, 48.0000, 48.0000,
    48.0000, 48.0000, 48.0000, 48.0000, 48.0000, 48.0000, 48.0000, 48.0000, 48.0000, 48.0000,
  ]

#### prior_weight_max
  Points: 100
  Min: 1.0000, Max: 1.0000, Mean: 1.0000
  Data: [
    1.0000, 1.0000, 1.0000, 1.0000, 1.0000, 1.0000, 1.0000, 1.0000, 1.0000, 1.0000,
    1.0000, 1.0000, 1.0000, 1.0000, 1.0000, 1.0000, 1.0000, 1.0000, 1.0000, 1.0000,
    1.0000, 1.0000, 1.0000, 1.0000, 1.0000, 1.0000, 1.0000, 1.0000, 1.0000, 1.0000,
    1.0000, 1.0000, 1.0000, 1.0000, 1.0000, 1.0000, 1.0000, 1.0000, 1.0000, 1.0000,
    1.0000, 1.0000, 1.0000, 1.0000, 1.0000, 1.0000, 1.0000, 1.0000, 1.0000, 1.0000,
    1.0000, 1.0000, 1.0000, 1.0000, 1.0000, 1.0000, 1.0000, 1.0000, 1.0000, 1.0000,
    1.0000, 1.0000, 1.0000, 1.0000, 1.0000, 1.0000, 1.0000, 1.0000, 1.0000, 1.0000,
    1.0000, 1.0000, 1.0000, 1.0000, 1.0000, 1.0000, 1.0000, 1.0000, 1.0000, 1.0000,
    1.0000, 1.0000, 1.0000, 1.0000, 1.0000, 1.0000, 1.0000, 1.0000, 1.0000, 1.0000,
    1.0000, 1.0000, 1.0000, 1.0000, 1.0000, 1.0000, 1.0000, 1.0000, 1.0000, 1.0000,
  ]

#### prior_weight_mean
  Points: 100
  Min: 0.4440, Max: 1.0000, Mean: 0.7820
  Data: [
    0.4440, 0.4440, 0.4440, 0.4440, 0.4682, 0.4682, 0.4904, 0.4904, 0.4904, 0.4904,
    0.4904, 0.5108, 0.5108, 0.5108, 0.5296, 0.5296, 0.5296, 0.5470, 0.5470, 0.5470,
    0.5470, 0.5632, 0.5632, 0.5782, 0.5782, 0.5782, 0.5782, 0.5782, 0.5923, 0.5923,
    0.5923, 0.6055, 0.6055, 0.6055, 0.6055, 0.6178, 0.6178, 0.6178, 0.6178, 0.6294,
    0.6294, 0.6294, 0.6294, 0.6403, 0.6403, 0.6403, 0.6403, 0.6505, 0.6505, 0.6602,
    1.0000, 1.0000, 1.0000, 1.0000, 1.0000, 1.0000, 1.0000, 1.0000, 1.0000, 1.0000,
    1.0000, 1.0000, 1.0000, 1.0000, 1.0000, 1.0000, 1.0000, 1.0000, 1.0000, 1.0000,
    1.0000, 1.0000, 1.0000, 1.0000, 1.0000, 1.0000, 1.0000, 1.0000, 1.0000, 1.0000,
    1.0000, 1.0000, 1.0000, 1.0000, 1.0000, 1.0000, 1.0000, 1.0000, 1.0000, 1.0000,
    1.0000, 1.0000, 1.0000, 1.0000, 1.0000, 1.0000, 1.0000, 1.0000, 1.0000, 1.0000,
  ]

#### prior_weight_min
  Points: 100
  Min: 0.0490, Max: 1.0000, Mean: 0.5245
  Data: [
    0.0490, 0.0490, 0.0490, 0.0490, 0.0490, 0.0490, 0.0490, 0.0490, 0.0490, 0.0490,
    0.0490, 0.0490, 0.0490, 0.0490, 0.0490, 0.0490, 0.0490, 0.0490, 0.0490, 0.0490,
    0.0490, 0.0490, 0.0490, 0.0490, 0.0490, 0.0490, 0.0490, 0.0490, 0.0490, 0.0490,
    0.0490, 0.0490, 0.0490, 0.0490, 0.0490, 0.0490, 0.0490, 0.0490, 0.0490, 0.0490,
    0.0490, 0.0490, 0.0490, 0.0490, 0.0490, 0.0490, 0.0490, 0.0490, 0.0490, 0.0490,
    1.0000, 1.0000, 1.0000, 1.0000, 1.0000, 1.0000, 1.0000, 1.0000, 1.0000, 1.0000,
    1.0000, 1.0000, 1.0000, 1.0000, 1.0000, 1.0000, 1.0000, 1.0000, 1.0000, 1.0000,
    1.0000, 1.0000, 1.0000, 1.0000, 1.0000, 1.0000, 1.0000, 1.0000, 1.0000, 1.0000,
    1.0000, 1.0000, 1.0000, 1.0000, 1.0000, 1.0000, 1.0000, 1.0000, 1.0000, 1.0000,
    1.0000, 1.0000, 1.0000, 1.0000, 1.0000, 1.0000, 1.0000, 1.0000, 1.0000, 1.0000,
  ]

#### selfplay_count
  Points: 100
  Min: 1.0000, Max: 10381.0000, Mean: 5146.3800
  Data: [
    1.0000, 57.0000, 73.0000, 102.0000, 192.0000, 220.0000, 281.0000, 302.0000, 319.0000, 333.0000,
    410.0000, 432.0000, 522.0000, 549.0000, 603.0000, 626.0000, 707.0000, 750.0000, 782.0000, 860.0000,
    874.0000, 964.0000, 989.0000, 1062.0000, 1078.0000, 1122.0000, 1178.0000, 1217.0000, 1254.0000, 1312.0000,
    1352.0000, 1414.0000, 1442.0000, 1473.0000, 1525.0000, 1562.0000, 1596.0000, 1673.0000, 1706.0000, 1729.0000,
    1760.0000, 1810.0000, 1844.0000, 1904.0000, 1952.0000, 2005.0000, 2017.0000, 2077.0000, 2157.0000, 2217.0000,
    8024.0000, 8086.0000, 8140.0000, 8227.0000, 8258.0000, 8276.0000, 8306.0000, 8384.0000, 8417.0000, 8469.0000,
    8584.0000, 8605.0000, 8656.0000, 8669.0000, 8728.0000, 8762.0000, 8779.0000, 8858.0000, 8949.0000, 8983.0000,
    9000.0000, 9048.0000, 9102.0000, 9134.0000, 9239.0000, 9256.0000, 9272.0000, 9287.0000, 9364.0000, 9386.0000,
    9435.0000, 9542.0000, 9558.0000, 9598.0000, 9627.0000, 9685.0000, 9705.0000, 9743.0000, 9802.0000, 9864.0000,
    9888.0000, 9914.0000, 10042.0000, 10094.0000, 10137.0000, 10190.0000, 10206.0000, 10269.0000, 10324.0000, 10381.0000,
  ]

#### selfplay_ratio_actual
  Points: 100
  Min: 0.7348, Max: 1.0000, Mean: 0.7898
  Data: [
    1.0000, 0.8028, 0.8022, 0.7786, 0.7649, 0.7560, 0.7375, 0.7348, 0.7401, 0.7384,
    0.7579, 0.7566, 0.7665, 0.7614, 0.7623, 0.7625, 0.7676, 0.7724, 0.7735, 0.7741,
    0.7728, 0.7768, 0.7781, 0.7746, 0.7750, 0.7786, 0.7848, 0.7847, 0.7833, 0.7852,
    0.7856, 0.7851, 0.7833, 0.7831, 0.7857, 0.7845, 0.7858, 0.7888, 0.7894, 0.7891,
    0.7889, 0.7900, 0.7911, 0.7930, 0.7932, 0.7953, 0.7938, 0.7924, 0.7927, 0.7915,
    0.7967, 0.7966, 0.7964, 0.7971, 0.7970, 0.7972, 0.7970, 0.7976, 0.7977, 0.7981,
    0.7977, 0.7974, 0.7977, 0.7974, 0.7977, 0.7979, 0.7980, 0.7987, 0.7989, 0.7991,
    0.7992, 0.7992, 0.7991, 0.7991, 0.7985, 0.7986, 0.7986, 0.7985, 0.7982, 0.7981,
    0.7982, 0.7978, 0.7978, 0.7978, 0.7975, 0.7977, 0.7980, 0.7972, 0.7975, 0.7973,
    0.7974, 0.7975, 0.7976, 0.7979, 0.7981, 0.7979, 0.7979, 0.7978, 0.7978, 0.7979,
  ]

#### weak_ratio_target
  Points: 100
  Min: 0.2000, Max: 0.2000, Mean: 0.2000
  Data: [
    0.2000, 0.2000, 0.2000, 0.2000, 0.2000, 0.2000, 0.2000, 0.2000, 0.2000, 0.2000,
    0.2000, 0.2000, 0.2000, 0.2000, 0.2000, 0.2000, 0.2000, 0.2000, 0.2000, 0.2000,
    0.2000, 0.2000, 0.2000, 0.2000, 0.2000, 0.2000, 0.2000, 0.2000, 0.2000, 0.2000,
    0.2000, 0.2000, 0.2000, 0.2000, 0.2000, 0.2000, 0.2000, 0.2000, 0.2000, 0.2000,
    0.2000, 0.2000, 0.2000, 0.2000, 0.2000, 0.2000, 0.2000, 0.2000, 0.2000, 0.2000,
    0.2000, 0.2000, 0.2000, 0.2000, 0.2000, 0.2000, 0.2000, 0.2000, 0.2000, 0.2000,
    0.2000, 0.2000, 0.2000, 0.2000, 0.2000, 0.2000, 0.2000, 0.2000, 0.2000, 0.2000,
    0.2000, 0.2000, 0.2000, 0.2000, 0.2000, 0.2000, 0.2000, 0.2000, 0.2000, 0.2000,
    0.2000, 0.2000, 0.2000, 0.2000, 0.2000, 0.2000, 0.2000, 0.2000, 0.2000, 0.2000,
    0.2000, 0.2000, 0.2000, 0.2000, 0.2000, 0.2000, 0.2000, 0.2000, 0.2000, 0.2000,
  ]

#### winrate_middle_third
  Points: 100
  Min: 0.5700, Max: 0.8350, Mean: 0.7119
  Data: [
    0.8000, 0.6667, 0.7143, 0.7179, 0.7273, 0.7500, 0.7209, 0.7241, 0.7143, 0.7282,
    0.7458, 0.7561, 0.7676, 0.7651, 0.7771, 0.7831, 0.7865, 0.7923, 0.7917, 0.7950,
    0.8000, 0.8050, 0.8100, 0.8150, 0.8150, 0.8050, 0.8250, 0.8350, 0.8350, 0.8350,
    0.8200, 0.8200, 0.8200, 0.8050, 0.7900, 0.7950, 0.7750, 0.7500, 0.7450, 0.7350,
    0.7400, 0.7450, 0.7350, 0.7200, 0.7100, 0.7200, 0.7050, 0.6900, 0.6850, 0.6800,
    0.7150, 0.7200, 0.6950, 0.6900, 0.6950, 0.7000, 0.7100, 0.7100, 0.7050, 0.6800,
    0.6950, 0.6950, 0.6950, 0.6950, 0.7250, 0.7100, 0.7000, 0.6850, 0.6800, 0.6900,
    0.6900, 0.6750, 0.6700, 0.6650, 0.6200, 0.6100, 0.6050, 0.6000, 0.6100, 0.6100,
    0.6100, 0.6000, 0.5900, 0.5750, 0.5700, 0.5800, 0.5800, 0.5750, 0.6000, 0.6200,
    0.6350, 0.6100, 0.6500, 0.6650, 0.7000, 0.7000, 0.7000, 0.6900, 0.7050, 0.7050,
  ]

#### winrate_newest_third
  Points: 100
  Min: 0.4400, Max: 0.7857, Mean: 0.5730
  Data: [
    0.7500, 0.7778, 0.7857, 0.7455, 0.7119, 0.7333, 0.7126, 0.7128, 0.7113, 0.7167,
    0.7231, 0.6987, 0.6970, 0.6831, 0.6772, 0.6400, 0.6250, 0.6150, 0.6150, 0.6100,
    0.5500, 0.5550, 0.5400, 0.5450, 0.5650, 0.5700, 0.5750, 0.5900, 0.6150, 0.6350,
    0.6250, 0.6050, 0.6000, 0.5650, 0.5800, 0.5900, 0.5450, 0.5450, 0.5300, 0.5150,
    0.5450, 0.5550, 0.5700, 0.5500, 0.5600, 0.5600, 0.5400, 0.5000, 0.4750, 0.4400,
    0.5900, 0.5850, 0.5550, 0.5700, 0.5900, 0.5900, 0.5850, 0.5800, 0.5600, 0.5550,
    0.5350, 0.5500, 0.5400, 0.5450, 0.5600, 0.5750, 0.5700, 0.5450, 0.5250, 0.5250,
    0.5250, 0.5250, 0.5550, 0.5450, 0.5250, 0.5350, 0.5100, 0.5100, 0.5050, 0.4950,
    0.4950, 0.5200, 0.5150, 0.5050, 0.4950, 0.4900, 0.5050, 0.5150, 0.5150, 0.5150,
    0.5150, 0.5200, 0.4800, 0.4850, 0.4950, 0.5100, 0.5150, 0.5250, 0.5250, 0.5250,
  ]

#### winrate_oldest_third
  Points: 100
  Min: 0.4800, Max: 0.8650, Mean: 0.7622
  Data: [
    0.4800, 0.5172, 0.5349, 0.5976, 0.5918, 0.6504, 0.6562, 0.6519, 0.6503, 0.6477,
    0.6557, 0.6950, 0.6950, 0.7050, 0.7200, 0.7200, 0.7050, 0.7100, 0.7200, 0.7250,
    0.7100, 0.7150, 0.7300, 0.7300, 0.7450, 0.7400, 0.7350, 0.7500, 0.7600, 0.7750,
    0.7950, 0.8000, 0.8050, 0.8100, 0.8300, 0.8300, 0.8200, 0.8150, 0.8150, 0.8100,
    0.8050, 0.8200, 0.8150, 0.8150, 0.8250, 0.8150, 0.8000, 0.7900, 0.8000, 0.7900,
    0.8000, 0.7950, 0.8000, 0.7950, 0.8050, 0.8000, 0.7850, 0.8050, 0.8050, 0.8000,
    0.8100, 0.8150, 0.8150, 0.8100, 0.8150, 0.8400, 0.8350, 0.8400, 0.8650, 0.8550,
    0.8450, 0.8550, 0.8300, 0.8250, 0.8000, 0.8000, 0.8000, 0.8050, 0.7750, 0.7800,
    0.7750, 0.7500, 0.7500, 0.7400, 0.7550, 0.7350, 0.7300, 0.7400, 0.7450, 0.7650,
    0.7650, 0.7600, 0.7650, 0.7800, 0.7700, 0.7700, 0.7700, 0.7750, 0.7800, 0.7700,
  ]

#### winrate_vs_pool_overall
  Points: 100
  Min: 0.4545, Max: 0.7160, Mean: 0.6645
  Data: [
    0.4545, 0.6250, 0.6552, 0.6695, 0.6667, 0.6781, 0.6869, 0.6871, 0.6871, 0.6929,
    0.7002, 0.7002, 0.7140, 0.7160, 0.7140, 0.7120, 0.7060, 0.7040, 0.6960, 0.7060,
    0.7060, 0.6740, 0.6700, 0.6760, 0.6780, 0.6780, 0.6740, 0.6940, 0.6880, 0.6980,
    0.6980, 0.6920, 0.7020, 0.6980, 0.6980, 0.6960, 0.6700, 0.6640, 0.6600, 0.6460,
    0.6500, 0.6500, 0.6460, 0.6420, 0.6400, 0.6400, 0.6240, 0.6200, 0.6160, 0.6160,
    0.7100, 0.7040, 0.6780, 0.6840, 0.7000, 0.6960, 0.6880, 0.6760, 0.6760, 0.6680,
    0.6740, 0.6880, 0.7060, 0.7080, 0.6980, 0.6960, 0.6880, 0.6920, 0.7100, 0.7020,
    0.7020, 0.7020, 0.6860, 0.6800, 0.6380, 0.6320, 0.6260, 0.6280, 0.6140, 0.6140,
    0.6120, 0.6040, 0.6040, 0.5900, 0.5920, 0.6140, 0.6160, 0.6180, 0.6300, 0.6280,
    0.6280, 0.6160, 0.6140, 0.6360, 0.6500, 0.6440, 0.6520, 0.6520, 0.6560, 0.6500,
  ]


### WORLD
#### continue_actual_mean
  Points: 100
  Min: 0.9788, Max: 0.9950, Mean: 0.9886
  Data: [
    0.9899, 0.9869, 0.9849, 0.9819, 0.9859, 0.9879, 0.9909, 0.9879, 0.9849, 0.9869,
    0.9829, 0.9869, 0.9859, 0.9899, 0.9788, 0.9839, 0.9869, 0.9819, 0.9869, 0.9879,
    0.9839, 0.9829, 0.9879, 0.9899, 0.9889, 0.9839, 0.9819, 0.9859, 0.9889, 0.9849,
    0.9919, 0.9869, 0.9849, 0.9940, 0.9849, 0.9950, 0.9879, 0.9929, 0.9919, 0.9879,
    0.9859, 0.9889, 0.9889, 0.9929, 0.9879, 0.9909, 0.9889, 0.9879, 0.9879, 0.9929,
    0.9899, 0.9879, 0.9849, 0.9879, 0.9899, 0.9909, 0.9869, 0.9839, 0.9889, 0.9909,
    0.9839, 0.9929, 0.9899, 0.9950, 0.9869, 0.9889, 0.9940, 0.9919, 0.9919, 0.9909,
    0.9869, 0.9879, 0.9909, 0.9919, 0.9940, 0.9899, 0.9919, 0.9909, 0.9909, 0.9889,
    0.9889, 0.9899, 0.9909, 0.9889, 0.9879, 0.9899, 0.9899, 0.9889, 0.9899, 0.9889,
    0.9869, 0.9879, 0.9919, 0.9869, 0.9929, 0.9859, 0.9919, 0.9929, 0.9950, 0.9889,
  ]

#### continue_loss
  Points: 100
  Min: 0.0001, Max: 0.0215, Mean: 0.0033
  Data: [
    0.0039, 0.0001, 0.0003, 0.0004, 0.0050, 0.0001, 0.0006, 0.0002, 0.0003, 0.0003,
    0.0030, 0.0018, 0.0001, 0.0002, 0.0045, 0.0043, 0.0004, 0.0008, 0.0056, 0.0099,
    0.0042, 0.0032, 0.0002, 0.0001, 0.0005, 0.0021, 0.0013, 0.0033, 0.0003, 0.0070,
    0.0036, 0.0003, 0.0064, 0.0021, 0.0003, 0.0007, 0.0008, 0.0002, 0.0035, 0.0014,
    0.0006, 0.0072, 0.0134, 0.0008, 0.0070, 0.0010, 0.0004, 0.0012, 0.0068, 0.0010,
    0.0032, 0.0134, 0.0044, 0.0072, 0.0055, 0.0041, 0.0026, 0.0027, 0.0023, 0.0104,
    0.0120, 0.0019, 0.0023, 0.0006, 0.0006, 0.0215, 0.0024, 0.0013, 0.0007, 0.0030,
    0.0021, 0.0090, 0.0042, 0.0004, 0.0016, 0.0011, 0.0122, 0.0017, 0.0005, 0.0006,
    0.0104, 0.0047, 0.0015, 0.0091, 0.0078, 0.0021, 0.0027, 0.0013, 0.0039, 0.0104,
    0.0068, 0.0014, 0.0011, 0.0009, 0.0015, 0.0021, 0.0024, 0.0005, 0.0006, 0.0007,
  ]

#### continue_pred_mean
  Points: 100
  Min: 0.9790, Max: 0.9948, Mean: 0.9886
  Data: [
    0.9917, 0.9868, 0.9849, 0.9818, 0.9843, 0.9879, 0.9912, 0.9879, 0.9849, 0.9869,
    0.9831, 0.9857, 0.9860, 0.9900, 0.9790, 0.9849, 0.9866, 0.9824, 0.9867, 0.9880,
    0.9845, 0.9814, 0.9878, 0.9898, 0.9885, 0.9834, 0.9809, 0.9856, 0.9887, 0.9832,
    0.9906, 0.9869, 0.9850, 0.9946, 0.9847, 0.9948, 0.9880, 0.9928, 0.9931, 0.9884,
    0.9855, 0.9898, 0.9871, 0.9927, 0.9890, 0.9903, 0.9887, 0.9882, 0.9897, 0.9924,
    0.9908, 0.9893, 0.9865, 0.9894, 0.9907, 0.9892, 0.9864, 0.9851, 0.9886, 0.9911,
    0.9853, 0.9930, 0.9882, 0.9945, 0.9868, 0.9881, 0.9937, 0.9924, 0.9920, 0.9923,
    0.9876, 0.9874, 0.9923, 0.9918, 0.9927, 0.9889, 0.9935, 0.9906, 0.9905, 0.9884,
    0.9880, 0.9912, 0.9902, 0.9887, 0.9890, 0.9888, 0.9897, 0.9880, 0.9895, 0.9886,
    0.9884, 0.9879, 0.9921, 0.9872, 0.9917, 0.9869, 0.9904, 0.9930, 0.9944, 0.9887,
  ]

#### kl_loss
  Points: 100
  Min: 2.7991, Max: 4.6770, Mean: 4.1104
  Data: [
    2.7991, 3.5564, 3.5263, 3.7749, 3.7335, 3.8415, 4.0483, 4.1058, 3.8822, 3.7841,
    3.6192, 4.2874, 4.5287, 4.2140, 4.2286, 4.0734, 4.5359, 3.9950, 4.2102, 4.0446,
    4.2341, 4.1256, 4.4270, 4.0789, 4.2665, 4.0124, 3.9501, 4.4585, 4.3126, 4.2716,
    4.4379, 4.2686, 4.5437, 4.5314, 4.4979, 4.2237, 4.2606, 4.5324, 4.6517, 4.5181,
    4.3981, 4.1407, 4.2824, 4.2170, 3.9965, 4.6770, 4.6155, 4.5674, 4.3491, 4.5449,
    4.0946, 4.2202, 4.2181, 4.1490, 4.2506, 3.9360, 3.9037, 4.0269, 4.1903, 4.2888,
    4.0281, 3.8231, 3.8474, 4.1429, 3.8722, 4.1236, 3.8873, 4.2182, 4.1356, 4.1735,
    4.3470, 4.2232, 3.8267, 3.9656, 4.1968, 4.0966, 3.8275, 3.9877, 3.8759, 4.0026,
    4.2154, 4.1165, 4.0150, 4.0387, 3.8981, 3.8254, 4.0631, 4.1096, 3.9113, 4.1926,
    4.0495, 4.1072, 3.8607, 3.9065, 4.0980, 3.8536, 4.0390, 4.0006, 3.7994, 3.8792,
  ]

#### latent_entropy
  Points: 100
  Min: 1.3927, Max: 1.5547, Mean: 1.4813
  Data: [
    1.4866, 1.4434, 1.4721, 1.3927, 1.4044, 1.4364, 1.4647, 1.4506, 1.4368, 1.4181,
    1.4162, 1.4394, 1.4022, 1.4384, 1.4019, 1.4088, 1.4322, 1.4014, 1.4480, 1.4574,
    1.4086, 1.4156, 1.4184, 1.4638, 1.4679, 1.4298, 1.4388, 1.4396, 1.4648, 1.4438,
    1.4882, 1.4642, 1.4771, 1.4936, 1.4530, 1.5127, 1.4719, 1.4964, 1.4973, 1.4817,
    1.4776, 1.4902, 1.4750, 1.4851, 1.4711, 1.4861, 1.4816, 1.4971, 1.4961, 1.4980,
    1.5277, 1.5142, 1.4726, 1.5068, 1.5053, 1.5283, 1.5065, 1.4786, 1.4986, 1.5262,
    1.4857, 1.5176, 1.4849, 1.5359, 1.4936, 1.5187, 1.5547, 1.5466, 1.5153, 1.5421,
    1.4987, 1.5164, 1.5049, 1.5221, 1.5027, 1.4992, 1.5295, 1.5045, 1.5186, 1.5087,
    1.4691, 1.4891, 1.5103, 1.4886, 1.5048, 1.5190, 1.5156, 1.4677, 1.5049, 1.4949,
    1.4974, 1.4944, 1.4961, 1.4775, 1.5210, 1.4853, 1.5150, 1.5237, 1.5458, 1.5052,
  ]

#### loss
  Points: 100
  Min: 19.8521, Max: 21.8768, Mean: 21.2807
  Data: [
    19.8521, 20.7252, 20.6979, 20.9588, 20.9028, 20.9996, 21.2091, 21.2770, 21.0037, 20.9368,
    20.7479, 21.4509, 21.7255, 21.3861, 21.4118, 21.2697, 21.7182, 21.1511, 21.4131, 21.2181,
    21.3893, 21.3052, 21.6150, 21.2356, 21.4197, 21.1925, 21.1024, 21.6548, 21.5182, 21.4839,
    21.6399, 21.4104, 21.7487, 21.6798, 21.7681, 21.3075, 21.4052, 21.7475, 21.8768, 21.7272,
    21.5802, 21.3357, 21.4810, 21.3639, 21.1638, 21.8703, 21.8187, 21.8165, 21.5433, 21.7082,
    21.2607, 21.4222, 21.3997, 21.3414, 21.4410, 21.1001, 21.0901, 21.1864, 21.3798, 21.4873,
    21.2415, 20.8796, 20.9991, 21.2477, 21.0320, 21.3369, 20.9921, 21.3480, 21.2932, 21.2779,
    21.5114, 21.4285, 20.9746, 21.0976, 21.3487, 21.3163, 20.9319, 21.1216, 21.0443, 21.2075,
    21.4244, 21.3296, 21.1579, 21.2586, 21.0672, 20.9682, 21.2107, 21.3491, 21.0627, 21.4145,
    21.2249, 21.2708, 20.9571, 21.1061, 21.2446, 21.0082, 21.1944, 21.1559, 20.9055, 21.0559,
  ]

#### prior_posterior_kl
  Points: 100
  Min: 0.2207, Max: 0.3281, Mean: 0.2958
  Data: [
    0.2207, 0.2639, 0.2623, 0.2766, 0.2744, 0.2804, 0.2923, 0.2956, 0.2826, 0.2772,
    0.2677, 0.3059, 0.3194, 0.3016, 0.3023, 0.2934, 0.3199, 0.2891, 0.3015, 0.2921,
    0.3028, 0.2965, 0.3138, 0.2941, 0.3047, 0.2902, 0.2865, 0.3156, 0.3073, 0.3050,
    0.3145, 0.3047, 0.3205, 0.3197, 0.3179, 0.3024, 0.3044, 0.3199, 0.3266, 0.3191,
    0.3122, 0.2975, 0.3055, 0.3020, 0.2894, 0.3281, 0.3245, 0.3218, 0.3094, 0.3203,
    0.2950, 0.3021, 0.3018, 0.2979, 0.3038, 0.2859, 0.2841, 0.2911, 0.3004, 0.3061,
    0.2911, 0.2791, 0.2808, 0.2977, 0.2822, 0.2966, 0.2832, 0.3020, 0.2972, 0.2995,
    0.3093, 0.3022, 0.2796, 0.2875, 0.3007, 0.2950, 0.2797, 0.2889, 0.2826, 0.2897,
    0.3017, 0.2961, 0.2905, 0.2916, 0.2837, 0.2796, 0.2932, 0.2957, 0.2845, 0.3006,
    0.2924, 0.2957, 0.2816, 0.2844, 0.2949, 0.2812, 0.2916, 0.2896, 0.2780, 0.2826,
  ]

#### recon_error_max
  Points: 100
  Min: 0.2568, Max: 2.1374, Mean: 0.7765
  Data: [
    0.5458, 0.8515, 0.4562, 0.4924, 0.8682, 0.5728, 1.6369, 1.0847, 0.4332, 0.3748,
    0.6423, 0.2978, 0.6497, 0.4274, 0.4696, 0.5153, 0.5779, 1.2938, 1.2700, 0.5512,
    0.5238, 0.6868, 0.6714, 0.6392, 1.0187, 0.4909, 0.6587, 0.8624, 0.6373, 0.7103,
    0.7098, 0.8499, 0.6389, 1.0452, 1.0518, 0.5704, 0.3206, 0.9406, 1.4145, 0.7025,
    0.6866, 0.5361, 0.5729, 0.5210, 0.4589, 0.6504, 0.2568, 1.0594, 0.5666, 1.7858,
    1.9213, 0.8713, 0.3783, 0.5695, 0.5274, 0.4824, 1.8094, 0.5558, 0.8016, 0.4630,
    1.6598, 0.8910, 0.6542, 0.7771, 0.6415, 0.8406, 0.3528, 1.1755, 1.0171, 0.4066,
    0.5880, 2.1374, 0.4975, 0.7546, 1.3924, 1.7299, 0.7968, 0.5388, 0.5693, 1.2626,
    1.2877, 1.0960, 0.4458, 0.8939, 0.4746, 0.8225, 0.4501, 0.6460, 0.6309, 0.6336,
    0.4559, 0.9135, 0.6050, 0.7950, 1.6179, 0.5280, 0.5594, 0.3806, 0.6270, 0.4737,
  ]

#### recon_error_mean
  Points: 100
  Min: 0.0222, Max: 0.0372, Mean: 0.0318
  Data: [
    0.0222, 0.0304, 0.0307, 0.0327, 0.0301, 0.0305, 0.0315, 0.0321, 0.0284, 0.0302,
    0.0267, 0.0300, 0.0347, 0.0317, 0.0320, 0.0305, 0.0326, 0.0300, 0.0327, 0.0302,
    0.0296, 0.0317, 0.0326, 0.0310, 0.0314, 0.0314, 0.0278, 0.0334, 0.0364, 0.0329,
    0.0343, 0.0295, 0.0329, 0.0356, 0.0371, 0.0302, 0.0287, 0.0365, 0.0358, 0.0344,
    0.0330, 0.0323, 0.0317, 0.0342, 0.0300, 0.0349, 0.0322, 0.0372, 0.0330, 0.0349,
    0.0332, 0.0321, 0.0310, 0.0328, 0.0321, 0.0308, 0.0311, 0.0305, 0.0323, 0.0335,
    0.0322, 0.0295, 0.0285, 0.0344, 0.0293, 0.0331, 0.0325, 0.0325, 0.0330, 0.0305,
    0.0320, 0.0349, 0.0305, 0.0331, 0.0330, 0.0342, 0.0292, 0.0286, 0.0312, 0.0340,
    0.0322, 0.0338, 0.0308, 0.0328, 0.0291, 0.0313, 0.0312, 0.0333, 0.0285, 0.0332,
    0.0295, 0.0320, 0.0297, 0.0313, 0.0331, 0.0282, 0.0314, 0.0343, 0.0315, 0.0323,
  ]

#### recon_error_std
  Points: 100
  Min: 0.0333, Max: 0.0803, Mean: 0.0484
  Data: [
    0.0414, 0.0507, 0.0437, 0.0452, 0.0490, 0.0418, 0.0630, 0.0520, 0.0356, 0.0411,
    0.0411, 0.0346, 0.0448, 0.0411, 0.0494, 0.0435, 0.0440, 0.0593, 0.0556, 0.0460,
    0.0394, 0.0484, 0.0446, 0.0442, 0.0517, 0.0437, 0.0407, 0.0508, 0.0572, 0.0546,
    0.0476, 0.0480, 0.0447, 0.0632, 0.0560, 0.0424, 0.0337, 0.0561, 0.0647, 0.0495,
    0.0452, 0.0482, 0.0475, 0.0471, 0.0377, 0.0479, 0.0333, 0.0627, 0.0448, 0.0803,
    0.0727, 0.0516, 0.0383, 0.0475, 0.0425, 0.0408, 0.0727, 0.0429, 0.0531, 0.0433,
    0.0682, 0.0444, 0.0402, 0.0538, 0.0450, 0.0513, 0.0386, 0.0584, 0.0583, 0.0376,
    0.0425, 0.0800, 0.0404, 0.0447, 0.0590, 0.0667, 0.0410, 0.0418, 0.0414, 0.0665,
    0.0575, 0.0662, 0.0393, 0.0511, 0.0421, 0.0443, 0.0418, 0.0488, 0.0412, 0.0429,
    0.0372, 0.0506, 0.0409, 0.0447, 0.0649, 0.0345, 0.0433, 0.0417, 0.0422, 0.0452,
  ]

#### recon_loss
  Points: 100
  Min: 16.7406, Max: 16.8755, Mean: 16.8272
  Data: [
    16.7406, 16.8141, 16.8172, 16.8350, 16.8114, 16.8154, 16.8244, 16.8298, 16.7968, 16.8130,
    16.7809, 16.8108, 16.8529, 16.8262, 16.8285, 16.8155, 16.8343, 16.8111, 16.8350, 16.8128,
    16.8075, 16.8259, 16.8347, 16.8203, 16.8237, 16.8239, 16.7908, 16.8415, 16.8682, 16.8371,
    16.8496, 16.8062, 16.8370, 16.8617, 16.8750, 16.8123, 16.7990, 16.8698, 16.8633, 16.8509,
    16.8376, 16.8316, 16.8258, 16.8484, 16.8113, 16.8549, 16.8305, 16.8755, 16.8379, 16.8547,
    16.8395, 16.8297, 16.8195, 16.8365, 16.8294, 16.8180, 16.8210, 16.8158, 16.8319, 16.8422,
    16.8303, 16.8067, 16.7978, 16.8503, 16.8049, 16.8386, 16.8332, 16.8332, 16.8376, 16.8158,
    16.8287, 16.8553, 16.8150, 16.8391, 16.8379, 16.8491, 16.8035, 16.7986, 16.8219, 16.8470,
    16.8309, 16.8449, 16.8178, 16.8358, 16.8024, 16.8226, 16.8221, 16.8404, 16.7973, 16.8395,
    16.8064, 16.8285, 16.8079, 16.8228, 16.8391, 16.7950, 16.8239, 16.8495, 16.8248, 16.8315,
  ]

#### reward_actual_mean
  Points: 100
  Min: -0.0513, Max: 0.1559, Mean: 0.0425
  Data: [
    0.0938, 0.0605, 0.0932, 0.0848, 0.0133, 0.0862, 0.0532, 0.0434, 0.1068, 0.0441,
    0.1260, 0.0418, 0.0259, 0.0436, 0.1559, 0.0191, 0.0751, 0.0737, 0.0186, 0.0146,
    0.0747, 0.1136, 0.0454, 0.0457, 0.0976, 0.0425, 0.1203, 0.0506, 0.0770, 0.0032,
    0.0018, 0.0940, -0.0088, 0.0274, 0.0485, 0.0035, 0.0479, 0.0073, 0.0241, 0.0632,
    0.0565, 0.0221, 0.0540, 0.0550, 0.0247, 0.0228, 0.0400, -0.0100, 0.0654, 0.0356,
    0.0455, -0.0513, 0.0535, 0.0328, 0.0140, 0.0542, 0.0304, 0.0867, 0.0327, -0.0099,
    0.0307, 0.0407, 0.0273, 0.0405, 0.0333, 0.0870, -0.0206, 0.0560, 0.0144, 0.0465,
    0.0785, 0.0677, 0.0773, 0.0255, -0.0095, 0.0242, 0.0268, 0.0581, 0.0337, -0.0051,
    0.0239, -0.0093, 0.0268, 0.0021, 0.0410, 0.0798, 0.0057, -0.0117, 0.0528, 0.0214,
    0.0534, 0.0394, 0.0275, 0.0400, 0.0365, 0.0758, 0.0249, 0.0380, -0.0043, 0.0463,
  ]

#### reward_loss
  Points: 100
  Min: 0.2479, Max: 0.3978, Mean: 0.3398
  Data: [
    0.3086, 0.3545, 0.3541, 0.3485, 0.3529, 0.3426, 0.3358, 0.3413, 0.3244, 0.3394,
    0.3449, 0.3510, 0.3438, 0.3457, 0.3502, 0.3766, 0.3475, 0.3442, 0.3623, 0.3508,
    0.3434, 0.3506, 0.3531, 0.3364, 0.3289, 0.3541, 0.3602, 0.3515, 0.3372, 0.3682,
    0.3488, 0.3353, 0.3617, 0.2846, 0.3949, 0.2707, 0.3448, 0.3452, 0.3582, 0.3567,
    0.3439, 0.3561, 0.3593, 0.2977, 0.3490, 0.3374, 0.3723, 0.3724, 0.3495, 0.3075,
    0.3234, 0.3589, 0.3576, 0.3487, 0.3554, 0.3420, 0.3628, 0.3410, 0.3553, 0.3458,
    0.3711, 0.2479, 0.3516, 0.2539, 0.3542, 0.3532, 0.2692, 0.2953, 0.3194, 0.2855,
    0.3337, 0.3410, 0.3288, 0.2925, 0.3123, 0.3695, 0.2887, 0.3336, 0.3460, 0.3572,
    0.3676, 0.3634, 0.3236, 0.3750, 0.3589, 0.3180, 0.3228, 0.3978, 0.3502, 0.3720,
    0.3622, 0.3338, 0.2874, 0.3759, 0.3059, 0.3575, 0.3292, 0.3052, 0.2807, 0.3446,
  ]

#### reward_pred_error_mean
  Points: 100
  Min: 0.0034, Max: 0.0572, Mean: 0.0187
  Data: [
    0.0114, 0.0034, 0.0109, 0.0220, 0.0304, 0.0114, 0.0047, 0.0036, 0.0064, 0.0101,
    0.0523, 0.0357, 0.0081, 0.0048, 0.0325, 0.0057, 0.0043, 0.0042, 0.0194, 0.0170,
    0.0298, 0.0242, 0.0057, 0.0097, 0.0121, 0.0287, 0.0245, 0.0069, 0.0154, 0.0529,
    0.0535, 0.0086, 0.0206, 0.0053, 0.0229, 0.0169, 0.0240, 0.0133, 0.0113, 0.0050,
    0.0117, 0.0207, 0.0537, 0.0089, 0.0077, 0.0344, 0.0233, 0.0143, 0.0065, 0.0126,
    0.0070, 0.0102, 0.0187, 0.0055, 0.0225, 0.0261, 0.0107, 0.0102, 0.0218, 0.0303,
    0.0146, 0.0112, 0.0336, 0.0040, 0.0076, 0.0440, 0.0128, 0.0107, 0.0063, 0.0060,
    0.0124, 0.0143, 0.0363, 0.0064, 0.0410, 0.0429, 0.0085, 0.0166, 0.0109, 0.0190,
    0.0387, 0.0162, 0.0048, 0.0572, 0.0181, 0.0160, 0.0227, 0.0443, 0.0228, 0.0335,
    0.0347, 0.0237, 0.0166, 0.0233, 0.0142, 0.0140, 0.0296, 0.0096, 0.0127, 0.0109,
  ]

#### reward_pred_error_std
  Points: 100
  Min: 0.0093, Max: 0.6956, Mean: 0.2740
  Data: [
    0.2134, 0.0093, 0.1596, 0.3960, 0.5042, 0.2466, 0.0214, 0.0226, 0.0922, 0.2029,
    0.6195, 0.4792, 0.0852, 0.0353, 0.4715, 0.0270, 0.0151, 0.0248, 0.3377, 0.3240,
    0.4037, 0.4474, 0.0546, 0.1603, 0.1797, 0.4516, 0.4031, 0.1031, 0.2641, 0.6376,
    0.6453, 0.1573, 0.3277, 0.0546, 0.2315, 0.3223, 0.3783, 0.2296, 0.0617, 0.0196,
    0.1748, 0.2466, 0.6956, 0.1409, 0.1183, 0.5141, 0.3468, 0.2806, 0.0399, 0.2562,
    0.0633, 0.1238, 0.2990, 0.0471, 0.3236, 0.4488, 0.1644, 0.1301, 0.3516, 0.4402,
    0.2261, 0.2645, 0.5403, 0.0159, 0.1012, 0.6281, 0.2981, 0.1417, 0.0369, 0.0473,
    0.2562, 0.3165, 0.5483, 0.0595, 0.5637, 0.5111, 0.1421, 0.3132, 0.2283, 0.3234,
    0.4908, 0.2608, 0.0180, 0.6710, 0.3020, 0.2900, 0.3663, 0.5589, 0.3744, 0.4765,
    0.4166, 0.3572, 0.2968, 0.3507, 0.2965, 0.2205, 0.4414, 0.1670, 0.2069, 0.2494,
  ]

#### reward_pred_mean
  Points: 100
  Min: -0.0484, Max: 0.1862, Mean: 0.0500
  Data: [
    0.1027, 0.0604, 0.1004, 0.0827, 0.0052, 0.0944, 0.0537, 0.0437, 0.1111, 0.0504,
    0.1759, 0.0725, 0.0298, 0.0421, 0.1862, 0.0170, 0.0759, 0.0742, 0.0307, 0.0282,
    0.0970, 0.1351, 0.0475, 0.0530, 0.1059, 0.0633, 0.1230, 0.0544, 0.0711, -0.0120,
    0.0285, 0.0996, -0.0054, 0.0263, 0.0658, 0.0125, 0.0689, 0.0177, 0.0280, 0.0635,
    0.0544, 0.0187, 0.1040, 0.0591, 0.0203, 0.0315, 0.0279, -0.0184, 0.0645, 0.0436,
    0.0435, -0.0484, 0.0678, 0.0339, 0.0337, 0.0774, 0.0264, 0.0902, 0.0479, -0.0093,
    0.0302, 0.0498, 0.0365, 0.0404, 0.0357, 0.1268, -0.0311, 0.0613, 0.0159, 0.0480,
    0.0874, 0.0778, 0.1093, 0.0241, -0.0103, 0.0291, 0.0232, 0.0691, 0.0417, 0.0055,
    0.0459, -0.0209, 0.0255, 0.0000, 0.0502, 0.0931, 0.0172, 0.0050, 0.0692, 0.0219,
    0.0825, 0.0572, 0.0299, 0.0317, 0.0447, 0.0849, 0.0507, 0.0316, 0.0044, 0.0536,
  ]


### BEHAVIOR
#### actor_loss
  Points: 100
  Min: -0.1040, Max: 0.1241, Mean: -0.0058
  Data: [
    0.1241, 0.0094, -0.0121, 0.0144, 0.0039, 0.0017, -0.0042, 0.0033, 0.0008, -0.0135,
    0.0041, -0.0111, -0.0064, 0.0082, -0.0074, -0.0023, -0.0069, 0.0050, -0.0061, 0.0027,
    -0.0137, -0.0021, 0.0093, 0.0001, -0.0015, -0.0095, 0.0018, -0.0134, -0.0064, 0.0110,
    -0.0033, -0.0038, 0.0041, 0.0067, -0.0065, 0.0030, -0.0101, -0.0102, -0.0014, -0.0086,
    -0.0119, -0.0126, 0.0042, -0.0001, -0.0108, -0.0140, -0.0112, -0.0057, 0.0106, 0.0021,
    -0.0219, 0.0202, -0.1040, -0.0473, -0.0256, -0.0163, -0.0010, -0.0175, -0.0080, -0.0268,
    0.0132, -0.0170, -0.0063, -0.0139, 0.0161, -0.0255, -0.0152, -0.0023, -0.0181, -0.0010,
    -0.0012, -0.0159, -0.0113, -0.0260, -0.0038, -0.0022, -0.0230, -0.0218, -0.0024, -0.0091,
    -0.0055, -0.0157, -0.0010, -0.0172, -0.0127, -0.0062, -0.0084, -0.0392, -0.0025, 0.0030,
    0.0029, -0.0012, -0.0033, -0.0062, -0.0096, -0.0198, -0.0042, -0.0136, 0.0120, 0.0043,
  ]

#### actor_mean_abs
  Points: 100
  Min: 0.3465, Max: 0.4736, Mean: 0.4177
  Data: [
    0.4491, 0.4255, 0.4337, 0.4049, 0.3973, 0.4390, 0.3815, 0.3995, 0.4102, 0.4091,
    0.4340, 0.4359, 0.4598, 0.4181, 0.4238, 0.4736, 0.4211, 0.4305, 0.4350, 0.4591,
    0.4380, 0.4301, 0.4332, 0.4132, 0.4038, 0.4214, 0.4258, 0.4360, 0.4066, 0.4364,
    0.3978, 0.3977, 0.4196, 0.4019, 0.4119, 0.3854, 0.4239, 0.3918, 0.3965, 0.4366,
    0.4145, 0.3839, 0.3959, 0.4123, 0.4249, 0.4353, 0.4286, 0.4211, 0.4350, 0.4412,
    0.4287, 0.4593, 0.4454, 0.4505, 0.4211, 0.4156, 0.4217, 0.4678, 0.4421, 0.4124,
    0.4446, 0.4205, 0.4101, 0.4299, 0.4295, 0.4316, 0.4000, 0.4096, 0.4056, 0.4093,
    0.4317, 0.4270, 0.4137, 0.4334, 0.4121, 0.4484, 0.4161, 0.4537, 0.4103, 0.4033,
    0.4117, 0.4096, 0.4346, 0.3968, 0.4112, 0.3861, 0.3539, 0.4189, 0.3863, 0.4253,
    0.4059, 0.4054, 0.3864, 0.3881, 0.3721, 0.4143, 0.4007, 0.3884, 0.3465, 0.3818,
  ]

#### advantages_abs_mean
  Points: 100
  Min: 0.0722, Max: 0.9747, Mean: 0.1144
  Data: [
    0.9747, 0.1195, 0.1081, 0.1223, 0.1108, 0.0864, 0.0860, 0.1038, 0.1091, 0.1356,
    0.1512, 0.1423, 0.1171, 0.1304, 0.1042, 0.1270, 0.1126, 0.1186, 0.1283, 0.1419,
    0.1291, 0.0943, 0.1211, 0.0889, 0.0894, 0.1364, 0.0972, 0.0937, 0.0961, 0.1198,
    0.1210, 0.0925, 0.1129, 0.1046, 0.1031, 0.0940, 0.0938, 0.1062, 0.0991, 0.1021,
    0.0903, 0.0857, 0.0962, 0.0885, 0.1193, 0.1322, 0.1148, 0.1116, 0.1126, 0.1253,
    0.0824, 0.1301, 0.1334, 0.1261, 0.1084, 0.1028, 0.1122, 0.1480, 0.1085, 0.1113,
    0.1275, 0.1161, 0.0928, 0.0752, 0.1147, 0.1025, 0.0897, 0.1105, 0.1093, 0.0779,
    0.1032, 0.1109, 0.1285, 0.0937, 0.1089, 0.1099, 0.0936, 0.1290, 0.1003, 0.0933,
    0.0952, 0.0888, 0.1059, 0.1085, 0.1068, 0.0848, 0.0866, 0.1135, 0.0749, 0.0888,
    0.0979, 0.0849, 0.0840, 0.0730, 0.0730, 0.0965, 0.0866, 0.0963, 0.0722, 0.0739,
  ]

#### advantages_max
  Points: 100
  Min: 1.0369, Max: 27.9343, Mean: 2.4237
  Data: [
    27.9343, 1.5829, 1.5093, 2.4937, 2.3601, 1.9914, 1.2861, 1.8024, 1.8377, 2.3888,
    2.6679, 1.8251, 2.3538, 2.0827, 1.5244, 1.6042, 2.2121, 2.2482, 2.1770, 3.5295,
    2.4043, 1.6997, 1.8294, 1.6333, 1.5120, 1.9377, 2.1538, 1.3675, 1.8587, 1.8991,
    1.7047, 1.5547, 2.1274, 1.7583, 1.4712, 3.3990, 1.5530, 2.0038, 1.8555, 2.5410,
    1.4366, 1.6345, 2.3220, 1.2319, 1.8480, 2.1263, 1.9755, 2.4012, 1.5986, 2.9312,
    1.8830, 4.3875, 5.7605, 4.2798, 2.8433, 1.8942, 1.3925, 3.6235, 4.4133, 2.6855,
    2.7128, 2.9139, 2.3008, 2.7715, 2.2460, 2.7210, 2.0430, 1.8854, 2.2308, 1.6672,
    2.1192, 1.9044, 3.0504, 3.1109, 3.4351, 2.7146, 3.4328, 2.3111, 1.5401, 1.9370,
    1.7817, 1.7358, 1.7126, 1.8819, 1.6175, 1.9167, 1.7750, 3.9189, 2.6855, 1.4693,
    2.1461, 1.1910, 1.5387, 1.3140, 1.0369, 1.6350, 1.7026, 1.3466, 1.4930, 1.0753,
  ]

#### advantages_mean
  Points: 100
  Min: -0.0142, Max: 0.2658, Mean: 0.0174
  Data: [
    0.2658, 0.0062, 0.0339, 0.0125, 0.0072, 0.0101, -0.0006, 0.0135, 0.0092, 0.0354,
    0.0432, -0.0043, 0.0131, 0.0091, 0.0117, 0.0123, 0.0193, 0.0082, 0.0098, 0.0189,
    0.0262, 0.0079, 0.0053, 0.0102, 0.0065, 0.0206, 0.0079, 0.0143, 0.0116, 0.0091,
    0.0319, 0.0110, 0.0237, 0.0173, 0.0052, 0.0123, 0.0210, 0.0215, 0.0084, 0.0219,
    0.0193, 0.0129, 0.0259, 0.0188, 0.0235, 0.0169, 0.0049, 0.0080, 0.0114, 0.0180,
    0.0142, -0.0142, 0.0359, 0.0362, 0.0209, 0.0332, 0.0045, 0.0097, 0.0126, 0.0084,
    0.0118, 0.0018, 0.0093, 0.0040, 0.0095, 0.0353, 0.0217, -0.0023, 0.0237, 0.0151,
    0.0231, 0.0300, 0.0436, 0.0139, -0.0019, 0.0127, 0.0307, 0.0197, 0.0156, 0.0214,
    -0.0095, 0.0045, -0.0056, 0.0368, 0.0269, 0.0110, 0.0102, 0.0263, 0.0180, 0.0062,
    0.0212, 0.0110, 0.0091, 0.0095, 0.0143, 0.0107, 0.0192, 0.0163, 0.0138, 0.0063,
  ]

#### advantages_min
  Points: 100
  Min: -23.6579, Max: -1.2688, Mean: -2.6196
  Data: [
    -23.6579, -2.0411, -2.1173, -3.0485, -2.0164, -3.1677, -2.9830, -2.9281, -1.7827, -1.8514,
    -2.5528, -2.3384, -2.5415, -2.6787, -1.9492, -2.3668, -2.6564, -2.6632, -2.1868, -2.4924,
    -2.4219, -2.1139, -2.4409, -2.3045, -2.5312, -3.7130, -2.4337, -1.9077, -1.8234, -2.5848,
    -1.9025, -2.3998, -2.4849, -2.1722, -1.8064, -2.2380, -1.6800, -2.2679, -2.2948, -1.7855,
    -1.6875, -1.8594, -2.3450, -1.9782, -2.2503, -3.1580, -2.5902, -2.5724, -2.3847, -2.3512,
    -2.5791, -2.5115, -2.9715, -2.5464, -2.1472, -2.2481, -2.0738, -2.8507, -3.4147, -3.3434,
    -2.7937, -3.5040, -2.7180, -3.6050, -2.6503, -2.1727, -2.6842, -3.0568, -3.3542, -2.1869,
    -2.3993, -2.6192, -2.3843, -3.0689, -3.3818, -2.9682, -2.3826, -2.5958, -1.7879, -2.5218,
    -2.5811, -1.9066, -2.7888, -2.4314, -2.2869, -2.0128, -2.0484, -1.6824, -2.1520, -3.3315,
    -2.0515, -2.0617, -1.8409, -2.5518, -1.2688, -1.8330, -1.8273, -1.9313, -1.6199, -1.7301,
  ]

#### advantages_std
  Points: 100
  Min: 0.1351, Max: 2.0469, Mean: 0.2313
  Data: [
    2.0469, 0.2225, 0.2008, 0.2549, 0.2283, 0.1955, 0.1688, 0.2105, 0.1952, 0.2439,
    0.2683, 0.2558, 0.2299, 0.2604, 0.1921, 0.2453, 0.2412, 0.2375, 0.2541, 0.2635,
    0.2343, 0.1904, 0.2348, 0.1816, 0.1746, 0.2622, 0.1875, 0.1723, 0.1746, 0.2284,
    0.2184, 0.1693, 0.2042, 0.2057, 0.1859, 0.1951, 0.1664, 0.2045, 0.2013, 0.1917,
    0.1665, 0.1700, 0.1930, 0.1592, 0.2143, 0.2551, 0.2091, 0.2243, 0.2240, 0.2502,
    0.1821, 0.3080, 0.3700, 0.2722, 0.2124, 0.2025, 0.2169, 0.2921, 0.2262, 0.2596,
    0.2729, 0.2612, 0.2155, 0.1784, 0.2414, 0.2233, 0.1750, 0.2423, 0.2318, 0.1571,
    0.2012, 0.2172, 0.2721, 0.2166, 0.2615, 0.2565, 0.2009, 0.2463, 0.1929, 0.1951,
    0.2133, 0.1850, 0.2364, 0.2117, 0.2042, 0.1740, 0.1847, 0.2314, 0.1518, 0.2075,
    0.1953, 0.1642, 0.1679, 0.1627, 0.1351, 0.1918, 0.1670, 0.1834, 0.1465, 0.1551,
  ]

#### critic_loss
  Points: 100
  Min: 0.8308, Max: 1.4423, Mean: 1.1192
  Data: [
    0.8408, 1.4306, 1.1286, 1.0906, 1.0387, 0.9511, 1.0561, 1.1648, 1.0721, 1.2076,
    1.2684, 1.2897, 1.1447, 1.1299, 1.1841, 1.1718, 1.0293, 1.0616, 1.1878, 1.2030,
    1.1867, 1.0997, 1.2860, 1.0313, 1.0272, 1.1561, 1.0712, 1.1095, 1.2860, 1.3027,
    1.2869, 1.0172, 1.2055, 1.1393, 1.2222, 1.1003, 1.0566, 1.2048, 1.1807, 1.1943,
    1.1582, 1.0032, 1.0940, 1.1396, 1.2617, 1.2996, 1.3308, 1.2385, 1.1652, 1.1983,
    0.8464, 1.0451, 1.0411, 1.1592, 1.0252, 1.0701, 1.0863, 1.1074, 0.9898, 0.8884,
    1.0115, 1.0155, 0.8308, 1.0003, 1.0661, 1.0350, 0.8964, 1.0022, 1.0689, 0.8751,
    1.0544, 1.0215, 1.0260, 0.9201, 0.9776, 1.0488, 0.9417, 1.0856, 1.1275, 0.9935,
    1.0985, 1.0519, 1.1261, 1.2433, 1.2983, 1.1681, 1.2095, 1.2096, 0.9905, 1.2070,
    1.1032, 1.2030, 1.1920, 1.0789, 1.1684, 1.2743, 1.3145, 1.4423, 1.2667, 1.3097,
  ]

#### entropy_max
  Points: 100
  Min: 7.5732, Max: 7.6712, Mean: 7.6481
  Data: [
    7.6588, 7.6554, 7.6455, 7.6538, 7.6556, 7.6242, 7.6007, 7.5885, 7.5751, 7.5732,
    7.5898, 7.6311, 7.6078, 7.6417, 7.6398, 7.6157, 7.5941, 7.6186, 7.6381, 7.6546,
    7.6186, 7.6398, 7.6368, 7.6491, 7.6364, 7.6123, 7.6704, 7.6581, 7.6458, 7.6545,
    7.6401, 7.6251, 7.6129, 7.6478, 7.6476, 7.6607, 7.6592, 7.6567, 7.6417, 7.6565,
    7.6408, 7.6452, 7.6278, 7.6659, 7.6476, 7.6595, 7.6673, 7.6535, 7.6496, 7.5945,
    7.6554, 7.6266, 7.6585, 7.6550, 7.6673, 7.6698, 7.6698, 7.6578, 7.6353, 7.6267,
    7.6584, 7.6634, 7.6608, 7.6589, 7.6660, 7.6654, 7.6536, 7.6603, 7.6670, 7.6673,
    7.6697, 7.6629, 7.6646, 7.6566, 7.6635, 7.6685, 7.6674, 7.6688, 7.6712, 7.6699,
    7.6677, 7.6652, 7.6665, 7.6656, 7.6614, 7.6672, 7.6665, 7.6530, 7.6587, 7.6448,
    7.6589, 7.6540, 7.6693, 7.6599, 7.6521, 7.6535, 7.6548, 7.6689, 7.6655, 7.6681,
  ]

#### entropy_mean
  Points: 100
  Min: 2.5965, Max: 3.4043, Mean: 3.0071
  Data: [
    3.0091, 3.0395, 2.6118, 3.0260, 2.9016, 2.5965, 3.1697, 2.9847, 2.9648, 3.0200,
    3.1034, 3.1858, 2.7842, 2.8527, 2.9657, 2.7491, 2.9172, 2.8364, 3.1082, 2.8098,
    3.0612, 2.9323, 3.0037, 3.0161, 3.1980, 3.0139, 3.0958, 2.9359, 3.1964, 3.0197,
    3.4043, 3.1487, 3.2184, 3.2968, 3.2882, 3.2106, 2.7119, 3.0996, 3.3474, 2.7916,
    3.0365, 3.2189, 3.1439, 3.0885, 2.9795, 2.9914, 3.1604, 2.9441, 2.8118, 2.9514,
    2.9845, 2.8140, 2.9188, 2.8457, 2.9709, 3.1225, 3.1823, 2.8611, 2.8735, 3.1773,
    3.0417, 2.7538, 2.8788, 2.9116, 2.8873, 2.7904, 2.9904, 3.1174, 3.1549, 3.0108,
    2.9109, 2.8690, 3.1498, 2.9790, 3.1548, 2.9330, 2.8374, 2.9072, 3.1062, 3.0167,
    2.7598, 3.2437, 2.8593, 2.9941, 3.1485, 3.2397, 3.3916, 2.6797, 3.1242, 2.8583,
    3.1080, 2.8181, 3.0659, 2.9751, 2.9748, 2.7911, 3.0612, 3.0311, 3.3137, 3.1717,
  ]

#### entropy_min
  Points: 100
  Min: 1.6758, Max: 1.6758, Mean: 1.6758
  Data: [
    1.6758, 1.6758, 1.6758, 1.6758, 1.6758, 1.6758, 1.6758, 1.6758, 1.6758, 1.6758,
    1.6758, 1.6758, 1.6758, 1.6758, 1.6758, 1.6758, 1.6758, 1.6758, 1.6758, 1.6758,
    1.6758, 1.6758, 1.6758, 1.6758, 1.6758, 1.6758, 1.6758, 1.6758, 1.6758, 1.6758,
    1.6758, 1.6758, 1.6758, 1.6758, 1.6758, 1.6758, 1.6758, 1.6758, 1.6758, 1.6758,
    1.6758, 1.6758, 1.6758, 1.6758, 1.6758, 1.6758, 1.6758, 1.6758, 1.6758, 1.6758,
    1.6758, 1.6758, 1.6758, 1.6758, 1.6758, 1.6758, 1.6758, 1.6758, 1.6758, 1.6758,
    1.6758, 1.6758, 1.6758, 1.6758, 1.6758, 1.6758, 1.6758, 1.6758, 1.6758, 1.6758,
    1.6758, 1.6758, 1.6758, 1.6758, 1.6758, 1.6758, 1.6758, 1.6758, 1.6758, 1.6758,
    1.6758, 1.6758, 1.6758, 1.6758, 1.6758, 1.6758, 1.6758, 1.6758, 1.6758, 1.6758,
    1.6758, 1.6758, 1.6758, 1.6758, 1.6758, 1.6758, 1.6758, 1.6758, 1.6758, 1.6758,
  ]

#### entropy_std
  Points: 100
  Min: 1.1498, Max: 1.8562, Mean: 1.4524
  Data: [
    1.4261, 1.3756, 1.2072, 1.2668, 1.2258, 1.1701, 1.3000, 1.2593, 1.2437, 1.3299,
    1.3672, 1.3136, 1.1655, 1.2126, 1.1676, 1.1498, 1.2830, 1.2161, 1.4019, 1.2552,
    1.3647, 1.2979, 1.3858, 1.4468, 1.5148, 1.4462, 1.5609, 1.4383, 1.5290, 1.4831,
    1.6346, 1.5672, 1.6344, 1.5902, 1.5044, 1.5119, 1.3656, 1.4944, 1.6657, 1.4312,
    1.5394, 1.4610, 1.5552, 1.6345, 1.4976, 1.4782, 1.4541, 1.4027, 1.2930, 1.4028,
    1.5484, 1.4525, 1.4627, 1.4000, 1.4653, 1.5604, 1.5457, 1.3321, 1.5074, 1.6211,
    1.5288, 1.2791, 1.4640, 1.4882, 1.4598, 1.3583, 1.4723, 1.4185, 1.5242, 1.4798,
    1.3867, 1.4505, 1.5264, 1.4249, 1.5057, 1.4144, 1.3892, 1.4521, 1.6191, 1.4998,
    1.3161, 1.6424, 1.4199, 1.5335, 1.6547, 1.5646, 1.7179, 1.3747, 1.6828, 1.4382,
    1.7206, 1.4417, 1.5132, 1.5174, 1.4830, 1.4996, 1.6383, 1.6207, 1.8562, 1.6413,
  ]

#### logprobs_mean
  Points: 100
  Min: -0.7073, Max: -0.1019, Mean: -0.3993
  Data: [
    -0.3653, -0.4011, -0.3375, -0.5033, -0.5062, -0.2465, -0.5584, -0.4452, -0.4125, -0.4197,
    -0.3788, -0.3436, -0.1873, -0.3756, -0.3673, -0.1019, -0.3689, -0.3346, -0.3809, -0.2236,
    -0.3347, -0.3987, -0.3523, -0.4369, -0.5539, -0.4323, -0.3955, -0.3628, -0.5179, -0.3603,
    -0.5881, -0.5283, -0.4546, -0.5269, -0.4883, -0.5943, -0.3580, -0.5392, -0.5490, -0.3276,
    -0.4300, -0.6182, -0.5340, -0.4587, -0.3623, -0.3380, -0.3922, -0.3783, -0.2813, -0.3094,
    -0.3537, -0.2033, -0.2632, -0.1883, -0.3379, -0.4064, -0.4127, -0.1207, -0.2276, -0.4423,
    -0.2571, -0.3367, -0.3833, -0.3217, -0.2947, -0.3133, -0.4402, -0.4467, -0.4134, -0.4085,
    -0.3219, -0.3186, -0.4075, -0.2910, -0.4295, -0.1903, -0.3749, -0.2242, -0.4341, -0.4578,
    -0.3726, -0.4298, -0.2773, -0.4714, -0.4009, -0.5426, -0.6828, -0.3287, -0.5420, -0.3475,
    -0.4580, -0.3909, -0.5183, -0.5071, -0.5555, -0.3796, -0.4694, -0.5081, -0.7073, -0.5608,
  ]

#### logprobs_std
  Points: 100
  Min: 1.7343, Max: 2.1127, Mean: 1.8596
  Data: [
    1.7480, 1.7901, 1.7391, 1.7516, 1.7606, 1.7984, 1.7740, 1.7646, 1.8030, 1.8125,
    1.8766, 1.9197, 1.8873, 1.7448, 1.8425, 1.8773, 1.8423, 1.8438, 1.8537, 1.8506,
    1.9058, 1.7872, 1.7942, 1.8562, 1.8089, 1.8233, 1.8519, 1.7795, 1.8141, 1.8253,
    1.8090, 1.7603, 1.8431, 1.8293, 1.9038, 1.7578, 1.7544, 1.7621, 1.8528, 1.8219,
    1.8071, 1.7343, 1.8232, 1.8237, 1.8600, 1.8114, 1.8325, 1.8358, 1.8376, 1.9186,
    1.9586, 1.9764, 2.0552, 1.9806, 1.9111, 1.9453, 1.8617, 2.1127, 2.0478, 1.9249,
    2.0309, 1.9386, 1.9021, 1.8660, 1.8686, 1.8941, 1.8609, 1.8838, 1.9311, 1.8871,
    1.9464, 1.8919, 1.9585, 1.9625, 1.9110, 2.0658, 1.8696, 1.9762, 1.9028, 1.8394,
    1.8088, 1.8699, 1.8875, 1.8715, 1.9294, 1.8644, 1.7972, 1.9192, 1.8588, 1.8521,
    1.9192, 1.8346, 1.8012, 1.7598, 1.7596, 1.8825, 1.8760, 1.8558, 1.7379, 1.8076,
  ]

#### mean_reg_loss
  Points: 100
  Min: 0.0024, Max: 0.0042, Mean: 0.0033
  Data: [
    0.0035, 0.0033, 0.0033, 0.0029, 0.0029, 0.0035, 0.0028, 0.0030, 0.0032, 0.0032,
    0.0034, 0.0036, 0.0038, 0.0032, 0.0033, 0.0040, 0.0033, 0.0034, 0.0034, 0.0037,
    0.0036, 0.0033, 0.0034, 0.0032, 0.0030, 0.0033, 0.0033, 0.0033, 0.0031, 0.0035,
    0.0030, 0.0029, 0.0032, 0.0030, 0.0032, 0.0028, 0.0032, 0.0029, 0.0030, 0.0034,
    0.0032, 0.0027, 0.0030, 0.0032, 0.0034, 0.0034, 0.0033, 0.0033, 0.0034, 0.0036,
    0.0035, 0.0039, 0.0038, 0.0039, 0.0035, 0.0033, 0.0033, 0.0042, 0.0038, 0.0033,
    0.0038, 0.0034, 0.0033, 0.0034, 0.0035, 0.0035, 0.0031, 0.0033, 0.0033, 0.0032,
    0.0035, 0.0035, 0.0033, 0.0036, 0.0032, 0.0040, 0.0033, 0.0039, 0.0032, 0.0031,
    0.0032, 0.0032, 0.0035, 0.0030, 0.0033, 0.0029, 0.0025, 0.0034, 0.0029, 0.0034,
    0.0031, 0.0032, 0.0029, 0.0028, 0.0027, 0.0033, 0.0031, 0.0029, 0.0024, 0.0028,
  ]


### VALUES
#### critic_slow_diff
  Points: 100
  Min: 0.0783, Max: 0.8171, Mean: 0.2459
  Data: [
    0.4726, 0.3285, 0.1179, 0.4338, 0.1755, 0.3699, 0.1671, 0.1126, 0.0922, 0.4006,
    0.3315, 0.4717, 0.2077, 0.0955, 0.2196, 0.0952, 0.1704, 0.2617, 0.2348, 0.2210,
    0.5042, 0.1845, 0.2125, 0.1000, 0.2017, 0.3653, 0.1405, 0.3222, 0.1452, 0.3231,
    0.4165, 0.0965, 0.2100, 0.1543, 0.3218, 0.1805, 0.1836, 0.2650, 0.2222, 0.2857,
    0.4253, 0.3572, 0.2832, 0.1196, 0.2302, 0.1461, 0.8171, 0.1923, 0.1295, 0.1066,
    0.2445, 0.3650, 0.1404, 0.2238, 0.1923, 0.1182, 0.1878, 0.4253, 0.1689, 0.3272,
    0.4165, 0.1638, 0.2087, 0.3319, 0.0889, 0.2369, 0.1006, 0.2227, 0.2323, 0.2236,
    0.2616, 0.4148, 0.2682, 0.1368, 0.1788, 0.2966, 0.1320, 0.1852, 0.2594, 0.0783,
    0.2346, 0.3658, 0.1659, 0.4440, 0.2502, 0.2129, 0.2257, 0.4949, 0.2687, 0.1349,
    0.1289, 0.1826, 0.2346, 0.2126, 0.2323, 0.3189, 0.3259, 0.3107, 0.2216, 0.1669,
  ]

#### lambda_returns_max
  Points: 100
  Min: 16.7449, Max: 53.3409, Mean: 25.8188
  Data: [
    37.2410, 17.9211, 19.1644, 18.5964, 18.4208, 24.2351, 18.2592, 19.4342, 19.9328, 29.6225,
    26.1687, 23.7620, 24.2102, 23.3621, 19.6381, 18.8493, 24.6197, 19.4428, 27.2503, 35.4523,
    32.2237, 18.8762, 19.3987, 18.7218, 19.9140, 19.4325, 19.1106, 25.6960, 18.3381, 26.0878,
    21.1793, 19.6349, 26.3693, 24.5836, 22.5111, 38.4433, 20.9879, 21.5157, 24.1006, 26.2283,
    22.9680, 16.7449, 31.5124, 17.7237, 23.0766, 19.8875, 18.8980, 28.2405, 20.7161, 34.5119,
    22.8096, 42.4865, 53.3409, 44.0254, 19.3721, 26.4177, 22.4582, 37.4437, 45.2346, 26.4568,
    26.4766, 28.2455, 21.4880, 34.7373, 22.2904, 32.1966, 23.8740, 17.9928, 25.3131, 21.1983,
    25.9321, 23.2367, 36.5179, 33.5181, 37.0626, 37.8154, 34.8933, 25.6146, 18.3852, 19.9155,
    29.6582, 22.2454, 26.1162, 33.3061, 20.9422, 29.5841, 17.9586, 46.1401, 35.9085, 18.1965,
    29.3816, 23.2779, 27.0025, 26.3536, 19.3007, 25.5986, 31.1155, 26.4014, 22.8462, 20.5839,
  ]

#### lambda_returns_mean
  Points: 100
  Min: 6.2578, Max: 11.6625, Mean: 8.0426
  Data: [
    11.6625, 6.6955, 8.1461, 8.5068, 8.1438, 8.4674, 7.4548, 6.9210, 7.7880, 8.4382,
    8.6356, 8.0384, 8.2254, 7.7834, 7.6788, 7.5480, 8.1669, 8.1803, 7.8323, 8.5087,
    8.8528, 8.1238, 7.7926, 8.2152, 8.4407, 7.7637, 7.9810, 8.5342, 7.0471, 7.1015,
    7.0875, 8.5122, 7.6186, 7.2591, 8.0141, 8.0809, 9.1662, 7.1238, 7.4434, 7.0213,
    7.0750, 7.6778, 8.4893, 7.0216, 7.3049, 7.3801, 6.4934, 7.1997, 7.5376, 7.9575,
    8.7634, 8.3928, 9.5718, 8.1678, 8.4574, 8.4543, 8.4497, 9.2378, 9.0345, 8.7000,
    8.6840, 9.1703, 9.5250, 8.5974, 8.1688, 8.9582, 8.8044, 8.0012, 8.1804, 8.8696,
    8.6671, 8.4942, 9.3456, 8.9465, 9.0889, 8.6364, 8.9185, 8.8132, 7.9112, 8.5061,
    7.9811, 7.5178, 7.7810, 7.9929, 6.9987, 7.2575, 6.5981, 8.1964, 8.4129, 7.3007,
    8.5683, 7.3556, 7.5654, 8.0528, 6.6705, 7.1971, 7.4188, 6.2578, 6.9874, 6.4942,
  ]

#### lambda_returns_min
  Points: 100
  Min: -32.6024, Max: -10.2624, Mean: -16.9894
  Data: [
    -10.3228, -14.8984, -10.3381, -19.6390, -16.6425, -19.3941, -19.4882, -21.8443, -10.8101, -12.1420,
    -10.5061, -14.2160, -19.5332, -16.5072, -11.3036, -17.3990, -11.8528, -18.5801, -18.4336, -17.8075,
    -14.1376, -17.5598, -19.7445, -13.1093, -15.4715, -17.6373, -16.9886, -12.1798, -16.0294, -22.5584,
    -18.2319, -12.1695, -17.0573, -16.0200, -16.6631, -16.9771, -11.3018, -13.1731, -16.7554, -19.7936,
    -13.6620, -15.3785, -15.2425, -14.4221, -17.5094, -24.1584, -19.1593, -19.2591, -12.5024, -15.4664,
    -13.3826, -18.6864, -19.3967, -18.2713, -19.3175, -10.2624, -18.9243, -11.6488, -18.2303, -18.9031,
    -17.5506, -19.2946, -17.0179, -29.6845, -18.6429, -12.1193, -15.6252, -17.6958, -18.2223, -11.9951,
    -17.9696, -19.2551, -11.6808, -16.1823, -19.8282, -18.8672, -14.0530, -19.2839, -15.9561, -17.2516,
    -18.7364, -15.8650, -20.2600, -19.0525, -24.2775, -17.2591, -18.8038, -18.9333, -11.8598, -32.6024,
    -13.3404, -19.1800, -18.0058, -28.7650, -10.3922, -17.9649, -18.7211, -20.1614, -18.5923, -18.9868,
  ]

#### lambda_returns_std
  Points: 100
  Min: 1.9544, Max: 4.4172, Mean: 3.2964
  Data: [
    2.1389, 3.8524, 2.3808, 3.2153, 3.7087, 2.8334, 2.4656, 2.9901, 3.2264, 3.9714,
    3.7122, 4.0136, 3.0996, 3.7475, 2.8510, 4.0499, 2.5139, 3.6409, 4.0207, 3.5829,
    3.4588, 3.3812, 4.0256, 2.8921, 2.4345, 3.2418, 3.0966, 2.8328, 3.5527, 4.3779,
    3.7887, 2.3751, 3.2463, 3.3091, 3.3266, 2.6830, 2.6170, 3.6381, 3.4588, 3.2462,
    2.4202, 2.6568, 3.1279, 2.8962, 3.4008, 3.4736, 3.1798, 3.9450, 3.0649, 3.0927,
    2.0638, 4.1351, 3.7211, 3.6034, 3.1051, 2.6651, 3.5528, 3.7316, 2.7834, 3.3227,
    3.3681, 2.8259, 2.5677, 2.4114, 3.7910, 2.4761, 1.9544, 3.0736, 3.0832, 2.1148,
    2.8181, 2.7649, 3.4253, 2.8081, 3.8863, 4.3694, 2.4241, 3.2843, 3.2035, 2.8727,
    4.3600, 3.3498, 4.1548, 4.0452, 3.7359, 3.5588, 3.7999, 3.8814, 2.4987, 3.8937,
    3.3207, 3.4188, 3.7358, 4.2401, 2.8096, 3.6210, 4.4172, 4.3603, 3.9116, 4.0647,
  ]

#### max
  Points: 100
  Min: 14.5817, Max: 27.2873, Mean: 19.0937
  Data: [
    22.6007, 14.8810, 14.5817, 16.5568, 18.7781, 15.7284, 15.6976, 14.8919, 15.9463, 18.3320,
    17.8406, 17.7021, 17.5968, 18.6694, 16.1112, 16.6049, 16.0572, 16.3917, 18.0216, 18.2605,
    19.9251, 15.6800, 17.3085, 15.9129, 16.7509, 16.1329, 15.8841, 17.2120, 18.8876, 17.2076,
    17.6721, 16.6905, 17.4440, 16.2569, 17.5588, 18.3562, 17.0046, 17.4654, 17.9741, 19.7679,
    16.6970, 16.6119, 20.1603, 16.2064, 19.6114, 17.1439, 19.1204, 19.4353, 19.9781, 18.2538,
    21.5881, 24.1546, 25.2957, 26.6517, 17.0885, 21.2173, 21.0198, 21.7128, 24.2973, 20.1373,
    20.3958, 22.6110, 17.0584, 24.0966, 17.1425, 18.3757, 16.5050, 16.6682, 17.2759, 22.2155,
    21.7109, 22.7570, 22.0000, 20.9331, 22.6721, 26.3058, 23.1456, 19.8522, 18.2613, 19.1722,
    18.7982, 18.6339, 22.2336, 22.6527, 20.9426, 19.9235, 16.8080, 27.2873, 23.8048, 19.8192,
    22.3207, 19.7794, 16.3474, 18.5589, 19.8494, 17.1838, 23.4694, 17.7479, 22.4101, 16.9168,
  ]

#### mean
  Points: 100
  Min: 6.0871, Max: 11.4458, Mean: 7.9400
  Data: [
    11.4458, 6.6501, 7.9209, 8.4403, 8.1118, 8.3986, 7.4588, 6.8292, 7.7302, 8.1922,
    8.3042, 8.0857, 8.1353, 7.7428, 7.5867, 7.4862, 8.0489, 8.1369, 7.7841, 8.3976,
    8.6663, 8.0732, 7.7580, 8.1492, 8.3875, 7.6422, 7.9273, 8.4157, 6.9525, 7.0526,
    6.8552, 8.4298, 7.4615, 7.1373, 7.9839, 7.9936, 8.9978, 6.9730, 7.3952, 6.8640,
    6.9125, 7.5995, 8.2816, 6.8825, 7.1329, 7.2642, 6.4590, 7.1527, 7.4593, 7.8390,
    8.6795, 8.5213, 9.3423, 7.9253, 8.3424, 8.2233, 8.4347, 9.1897, 8.9642, 8.6792,
    8.6351, 9.1667, 9.4726, 8.5718, 8.1351, 8.7130, 8.6813, 8.0325, 8.0273, 8.7721,
    8.5090, 8.3128, 9.0706, 8.8622, 9.1205, 8.5622, 8.7275, 8.6937, 7.8036, 8.3687,
    8.0817, 7.4980, 7.8529, 7.6914, 6.7848, 7.1649, 6.5126, 8.0003, 8.2799, 7.2659,
    8.3971, 7.2555, 7.4863, 7.9700, 6.5467, 7.1045, 7.2200, 6.0871, 6.8461, 6.4279,
  ]

#### min
  Points: 100
  Min: -16.5826, Max: -9.3069, Mean: -13.5989
  Data: [
    -9.3650, -12.0258, -9.9047, -15.0226, -11.0422, -11.6537, -10.2072, -13.5349, -12.3377, -11.5322,
    -10.3950, -12.9515, -13.4968, -13.6327, -11.3161, -13.2016, -13.0125, -11.7781, -13.0308, -12.9359,
    -12.7354, -11.8733, -15.2867, -11.3885, -10.3380, -16.1752, -15.0945, -13.1568, -11.7384, -14.3414,
    -14.3713, -14.2904, -14.1634, -12.2772, -14.6122, -15.1121, -11.9679, -15.0576, -13.4157, -12.9716,
    -14.7021, -14.6292, -13.2278, -13.2130, -12.6038, -15.2044, -14.3524, -14.0041, -14.9074, -13.4979,
    -13.3111, -15.3687, -16.5590, -12.1552, -15.4086, -9.3069, -13.5786, -13.3895, -12.9213, -12.6881,
    -15.2229, -14.1091, -15.1177, -13.0305, -13.3339, -10.5582, -12.8208, -14.6583, -15.0129, -13.0616,
    -11.3602, -15.6213, -12.9135, -12.4214, -12.1472, -15.9519, -13.0693, -15.5274, -13.9093, -11.8978,
    -15.2668, -15.2272, -16.5826, -16.1783, -15.2505, -16.0180, -14.2121, -15.4899, -11.5352, -16.4199,
    -14.3569, -15.4123, -14.4364, -16.1931, -10.1814, -13.6299, -16.1800, -16.5811, -15.5294, -15.6928,
  ]

#### norm_high
  Points: 100
  Min: 2.1977, Max: 12.9181, Mean: 11.6666
  Data: [
    2.1977, 11.1016, 10.5636, 10.9532, 11.2087, 11.4958, 12.0695, 11.4107, 11.3250, 11.8923,
    11.6044, 12.2246, 12.5678, 11.7087, 10.9687, 10.8985, 11.0784, 11.5376, 11.5744, 12.2043,
    12.6212, 12.5351, 12.5050, 11.9169, 11.8673, 11.5869, 11.6576, 12.1269, 11.5231, 11.5924,
    11.5246, 11.8297, 11.2503, 11.5713, 12.2580, 11.3578, 11.7682, 11.1538, 11.2551, 11.0066,
    11.2436, 11.1841, 11.8066, 11.2623, 11.3841, 11.2126, 11.8737, 11.5964, 11.8843, 11.9459,
    12.3379, 12.2068, 12.7891, 12.1768, 12.3807, 12.2284, 12.9181, 12.2792, 12.0643, 11.9075,
    11.7932, 12.1263, 11.7640, 12.7958, 12.1499, 11.6822, 11.7838, 12.0894, 11.5564, 12.5633,
    11.9077, 11.7199, 12.2274, 12.4953, 12.6456, 12.2572, 12.0014, 12.3334, 11.8918, 11.7618,
    12.0469, 11.6526, 11.5370, 11.6776, 11.1914, 11.4471, 11.4635, 12.2298, 11.6690, 11.3958,
    11.8579, 11.1733, 11.2737, 11.5208, 11.0919, 11.6768, 11.9220, 11.0998, 11.7312, 11.2827,
  ]

#### norm_low
  Points: 100
  Min: 0.1121, Max: 6.1970, Mean: 3.9284
  Data: [
    1.3964, 2.8884, 3.9294, 4.5363, 4.3562, 4.1934, 4.3615, 3.9343, 4.3025, 4.3186,
    4.3312, 4.3983, 4.9921, 4.7648, 3.3576, 3.6204, 4.6981, 4.5541, 4.2779, 5.0776,
    4.9353, 4.5200, 3.9203, 4.0856, 4.3481, 5.0143, 3.8906, 3.0460, 3.1005, 3.0452,
    3.3921, 4.4197, 3.7668, 3.7045, 3.8915, 3.5781, 3.4304, 3.0401, 3.1764, 3.1638,
    2.8701, 3.6450, 3.3169, 3.1622, 3.4725, 3.5332, 4.0395, 3.6696, 4.1573, 4.4159,
    5.5335, 5.5317, 6.0799, 4.9087, 5.9041, 4.9278, 5.5663, 5.9183, 5.6571, 6.1970,
    5.4352, 5.9832, 5.5516, 4.6768, 5.1694, 4.6422, 5.5737, 5.6900, 4.2850, 5.3800,
    4.5214, 4.9304, 5.6962, 5.2642, 5.5494, 3.9205, 5.1304, 5.2607, 4.2326, 4.3002,
    2.8938, 3.7677, 3.3530, 3.0082, 2.5259, 2.0767, 2.0322, 3.6267, 3.5617, 1.5092,
    3.4863, 1.4290, 1.8014, 1.1017, 1.6774, 2.0675, 0.6662, 0.3862, 0.2972, 0.1121,
  ]

#### norm_scale
  Points: 100
  Min: 0.8013, Max: 11.4341, Mean: 7.7383
  Data: [
    0.8013, 8.2132, 6.6341, 6.4170, 6.8525, 7.3025, 7.7080, 7.4765, 7.0224, 7.5737,
    7.2732, 7.8263, 7.5757, 6.9439, 7.6111, 7.2780, 6.3803, 6.9834, 7.2965, 7.1267,
    7.6859, 8.0151, 8.5847, 7.8313, 7.5193, 6.5726, 7.7670, 9.0809, 8.4227, 8.5473,
    8.1325, 7.4100, 7.4836, 7.8668, 8.3665, 7.7797, 8.3378, 8.1138, 8.0787, 7.8428,
    8.3735, 7.5391, 8.4898, 8.1001, 7.9116, 7.6794, 7.8342, 7.9268, 7.7270, 7.5301,
    6.8045, 6.6751, 6.7092, 7.2681, 6.4766, 7.3006, 7.3518, 6.3610, 6.4071, 5.7105,
    6.3579, 6.1431, 6.2124, 8.1190, 6.9805, 7.0401, 6.2101, 6.3993, 7.2714, 7.1833,
    7.3864, 6.7895, 6.5311, 7.2311, 7.0963, 8.3367, 6.8711, 7.0727, 7.6592, 7.4616,
    9.1531, 7.8849, 8.1840, 8.6695, 8.6655, 9.3704, 9.4313, 8.6031, 8.1073, 9.8867,
    8.3717, 9.7443, 9.4724, 10.4192, 9.4144, 9.6093, 11.2558, 10.7136, 11.4341, 11.1706,
  ]

#### std
  Points: 100
  Min: 1.3511, Max: 4.0106, Mean: 2.8005
  Data: [
    1.3511, 3.3410, 2.0111, 2.6733, 3.2733, 2.3207, 2.1363, 2.5427, 2.8507, 3.4718,
    2.8922, 3.4385, 2.5095, 3.1955, 2.4501, 3.5250, 2.1057, 3.0719, 3.4601, 2.9378,
    3.0116, 2.9105, 3.4065, 2.4943, 2.1442, 2.7142, 2.7589, 2.4802, 3.1978, 3.6468,
    3.2197, 2.0968, 2.8206, 2.8538, 2.8910, 2.1430, 2.2428, 3.2437, 2.9678, 2.7906,
    2.0330, 2.3728, 2.5393, 2.6426, 2.9081, 2.7001, 2.7857, 3.4072, 2.4436, 2.4449,
    1.9256, 3.2205, 2.5557, 2.8131, 2.8568, 2.1392, 3.0822, 3.1305, 2.2708, 2.8525,
    2.7822, 2.2606, 2.1051, 1.9338, 3.1124, 1.8327, 1.7316, 2.4786, 2.5266, 1.8515,
    2.4487, 2.5720, 2.6429, 2.2903, 3.0664, 3.5318, 2.1125, 2.8764, 2.9092, 2.5791,
    3.5399, 2.9875, 3.4057, 3.5035, 3.3183, 3.1839, 3.3387, 3.4002, 2.2957, 3.1731,
    2.9227, 2.9512, 3.4028, 3.7825, 2.5798, 3.0549, 4.0106, 3.7706, 3.4911, 3.5759,
  ]


### IMAGINATION
#### continue_mean
  Points: 100
  Min: 0.9824, Max: 0.9946, Mean: 0.9893
  Data: [
    0.9914, 0.9853, 0.9865, 0.9873, 0.9883, 0.9846, 0.9907, 0.9899, 0.9862, 0.9891,
    0.9858, 0.9869, 0.9868, 0.9870, 0.9851, 0.9824, 0.9885, 0.9850, 0.9875, 0.9860,
    0.9856, 0.9878, 0.9865, 0.9899, 0.9874, 0.9848, 0.9867, 0.9862, 0.9876, 0.9874,
    0.9913, 0.9887, 0.9892, 0.9921, 0.9889, 0.9909, 0.9880, 0.9909, 0.9918, 0.9885,
    0.9895, 0.9927, 0.9924, 0.9911, 0.9874, 0.9897, 0.9900, 0.9884, 0.9885, 0.9903,
    0.9929, 0.9895, 0.9880, 0.9898, 0.9896, 0.9898, 0.9914, 0.9858, 0.9908, 0.9909,
    0.9901, 0.9897, 0.9889, 0.9946, 0.9890, 0.9893, 0.9917, 0.9926, 0.9911, 0.9926,
    0.9887, 0.9902, 0.9945, 0.9913, 0.9908, 0.9866, 0.9921, 0.9891, 0.9894, 0.9919,
    0.9877, 0.9909, 0.9881, 0.9901, 0.9885, 0.9914, 0.9923, 0.9898, 0.9937, 0.9919,
    0.9900, 0.9899, 0.9919, 0.9902, 0.9938, 0.9881, 0.9877, 0.9889, 0.9924, 0.9897,
  ]

#### continue_min
  Points: 100
  Min: 0.0000, Max: 0.0000, Mean: 0.0000
  Data: [
    0.0000, 0.0000, 0.0000, 0.0000, 0.0000, 0.0000, 0.0000, 0.0000, 0.0000, 0.0000,
    0.0000, 0.0000, 0.0000, 0.0000, 0.0000, 0.0000, 0.0000, 0.0000, 0.0000, 0.0000,
    0.0000, 0.0000, 0.0000, 0.0000, 0.0000, 0.0000, 0.0000, 0.0000, 0.0000, 0.0000,
    0.0000, 0.0000, 0.0000, 0.0000, 0.0000, 0.0000, 0.0000, 0.0000, 0.0000, 0.0000,
    0.0000, 0.0000, 0.0000, 0.0000, 0.0000, 0.0000, 0.0000, 0.0000, 0.0000, 0.0000,
    0.0000, 0.0000, 0.0000, 0.0000, 0.0000, 0.0000, 0.0000, 0.0000, 0.0000, 0.0000,
    0.0000, 0.0000, 0.0000, 0.0000, 0.0000, 0.0000, 0.0000, 0.0000, 0.0000, 0.0000,
    0.0000, 0.0000, 0.0000, 0.0000, 0.0000, 0.0000, 0.0000, 0.0000, 0.0000, 0.0000,
    0.0000, 0.0000, 0.0000, 0.0000, 0.0000, 0.0000, 0.0000, 0.0000, 0.0000, 0.0000,
    0.0000, 0.0000, 0.0000, 0.0000, 0.0000, 0.0000, 0.0000, 0.0000, 0.0000, 0.0000,
  ]

#### reward_abs_mean
  Points: 100
  Min: 0.0697, Max: 0.2274, Mean: 0.1378
  Data: [
    0.1465, 0.1691, 0.1562, 0.1519, 0.1347, 0.1885, 0.1129, 0.1242, 0.1623, 0.1446,
    0.2274, 0.1549, 0.1677, 0.1546, 0.1702, 0.2124, 0.1384, 0.1878, 0.1632, 0.1769,
    0.1981, 0.1442, 0.1712, 0.1254, 0.1461, 0.1819, 0.1715, 0.1673, 0.1452, 0.1731,
    0.1315, 0.1364, 0.1372, 0.0977, 0.1476, 0.1120, 0.1439, 0.1213, 0.1105, 0.1412,
    0.1305, 0.0930, 0.1172, 0.1081, 0.1541, 0.1400, 0.1338, 0.1391, 0.1410, 0.1259,
    0.0864, 0.1315, 0.1876, 0.1457, 0.1339, 0.1457, 0.1217, 0.1900, 0.1261, 0.1235,
    0.1311, 0.1190, 0.1440, 0.0697, 0.1423, 0.1498, 0.0943, 0.0993, 0.1144, 0.0929,
    0.1429, 0.1242, 0.1198, 0.1067, 0.1362, 0.1839, 0.0950, 0.1371, 0.1333, 0.1033,
    0.1575, 0.1140, 0.1555, 0.1457, 0.1401, 0.0992, 0.0948, 0.1476, 0.0882, 0.1173,
    0.1470, 0.1242, 0.1045, 0.1333, 0.0825, 0.1469, 0.1641, 0.1432, 0.0915, 0.1217,
  ]

#### reward_max
  Points: 100
  Min: 9.9995, Max: 10.0198, Mean: 10.0037
  Data: [
    10.0041, 10.0062, 10.0030, 10.0040, 10.0026, 10.0058, 10.0081, 10.0128, 10.0044, 10.0060,
    10.0078, 10.0029, 10.0009, 10.0093, 10.0198, 10.0044, 10.0079, 10.0083, 10.0003, 10.0096,
    10.0153, 10.0023, 10.0007, 10.0008, 10.0050, 10.0088, 10.0088, 10.0016, 10.0023, 10.0003,
    10.0008, 10.0018, 10.0054, 10.0002, 10.0011, 10.0047, 10.0003, 10.0044, 10.0003, 10.0035,
    10.0070, 10.0014, 10.0095, 10.0003, 10.0174, 10.0119, 10.0005, 10.0001, 10.0019, 10.0005,
    9.9995, 10.0141, 10.0028, 10.0018, 10.0045, 10.0080, 10.0014, 10.0040, 10.0029, 10.0044,
    10.0034, 10.0026, 10.0073, 10.0009, 10.0041, 10.0019, 10.0014, 10.0014, 9.9996, 10.0012,
    10.0009, 10.0009, 10.0007, 10.0004, 10.0005, 10.0011, 10.0015, 10.0003, 10.0009, 10.0011,
    10.0038, 10.0057, 10.0071, 10.0011, 10.0076, 10.0033, 10.0010, 10.0012, 10.0001, 10.0036,
    10.0023, 10.0035, 10.0006, 10.0010, 10.0008, 10.0004, 10.0016, 10.0019, 10.0020, 10.0022,
  ]

#### reward_mean
  Points: 100
  Min: -0.0082, Max: 0.1855, Mean: 0.0700
  Data: [
    0.1327, 0.0917, 0.1251, 0.0696, 0.0427, 0.1218, 0.0682, 0.0669, 0.1049, 0.0753,
    0.1855, 0.0672, 0.0909, 0.0588, 0.1398, 0.0768, 0.0975, 0.0947, 0.0555, 0.0813,
    0.1193, 0.0748, 0.0877, 0.0649, 0.1143, 0.0901, 0.0973, 0.1044, 0.0927, 0.0373,
    0.0427, 0.1004, 0.0542, 0.0464, 0.0633, 0.0622, 0.1035, 0.0415, 0.0283, 0.0732,
    0.0902, 0.0274, 0.0648, 0.0593, 0.0750, 0.0571, 0.0624, 0.0481, 0.0786, 0.0620,
    0.0466, -0.0082, 0.1175, 0.0819, 0.0717, 0.1027, 0.0324, 0.1146, 0.0667, 0.0289,
    0.0309, 0.0783, 0.0919, 0.0421, 0.0319, 0.1212, 0.0547, 0.0377, 0.0593, 0.0603,
    0.0999, 0.0705, 0.0815, 0.0577, 0.0365, 0.0729, 0.0565, 0.0818, 0.0788, 0.0345,
    0.0403, 0.0286, 0.0312, 0.0794, 0.0612, 0.0630, 0.0294, 0.0493, 0.0484, 0.0110,
    0.0984, 0.0701, 0.0508, 0.0548, 0.0441, 0.0820, 0.0911, 0.0769, 0.0311, 0.0554,
  ]

#### reward_min
  Points: 100
  Min: -10.2599, Max: -3.3872, Mean: -10.1192
  Data: [
    -10.2198, -10.1689, -3.3872, -10.1738, -10.2025, -10.1827, -10.2157, -10.1375, -10.1761, -10.1793,
    -10.1910, -10.1653, -10.1954, -10.2105, -10.1652, -10.2599, -10.1823, -10.1820, -10.1829, -10.2181,
    -10.2075, -10.2084, -10.1778, -10.2023, -10.1618, -10.1904, -10.1958, -10.2098, -10.2297, -10.2038,
    -10.1946, -10.1085, -10.1964, -10.1444, -10.1606, -10.2283, -10.1565, -10.2018, -10.1510, -10.1811,
    -10.1296, -10.1614, -10.1683, -10.1705, -10.2383, -10.1824, -10.1594, -10.2298, -10.2238, -10.1862,
    -10.1876, -10.2381, -10.1226, -10.2561, -10.1999, -10.1642, -10.1395, -10.2323, -10.1932, -10.2065,
    -10.1492, -10.2016, -10.1347, -10.1085, -10.2191, -10.1337, -10.1320, -10.2373, -10.2097, -10.1806,
    -10.1232, -10.2294, -10.2309, -10.1240, -10.1521, -10.2346, -10.2089, -10.2270, -10.1799, -10.1517,
    -10.2258, -10.2407, -10.2247, -10.2217, -10.1541, -10.1343, -10.1699, -10.2441, -10.2343, -10.2058,
    -10.1575, -10.1855, -10.2187, -10.1496, -10.1728, -10.1688, -10.2284, -10.1466, -10.1824, -10.1905,
  ]

#### reward_nonzero_frac
  Points: 100
  Min: 0.0246, Max: 0.0852, Mean: 0.0509
  Data: [
    0.0271, 0.0579, 0.0497, 0.0637, 0.0555, 0.0557, 0.0521, 0.0526, 0.0530, 0.0610,
    0.0616, 0.0594, 0.0498, 0.0556, 0.0461, 0.0692, 0.0408, 0.0559, 0.0852, 0.0606,
    0.0634, 0.0462, 0.0521, 0.0510, 0.0478, 0.0557, 0.0580, 0.0646, 0.0575, 0.0572,
    0.0657, 0.0567, 0.0507, 0.0434, 0.0765, 0.0513, 0.0274, 0.0732, 0.0541, 0.0472,
    0.0448, 0.0613, 0.0464, 0.0655, 0.0510, 0.0604, 0.0673, 0.0572, 0.0501, 0.0598,
    0.0439, 0.0683, 0.0552, 0.0577, 0.0373, 0.0422, 0.0524, 0.0670, 0.0481, 0.0619,
    0.0552, 0.0459, 0.0355, 0.0246, 0.0554, 0.0415, 0.0360, 0.0544, 0.0491, 0.0341,
    0.0428, 0.0417, 0.0436, 0.0389, 0.0610, 0.0459, 0.0384, 0.0421, 0.0419, 0.0485,
    0.0606, 0.0562, 0.0419, 0.0463, 0.0477, 0.0293, 0.0399, 0.0377, 0.0386, 0.0494,
    0.0541, 0.0372, 0.0507, 0.0593, 0.0429, 0.0364, 0.0615, 0.0444, 0.0340, 0.0359,
  ]

#### reward_significant_frac
  Points: 100
  Min: 0.0071, Max: 0.0231, Mean: 0.0137
  Data: [
    0.0165, 0.0166, 0.0162, 0.0151, 0.0132, 0.0186, 0.0104, 0.0117, 0.0160, 0.0135,
    0.0231, 0.0155, 0.0169, 0.0151, 0.0166, 0.0204, 0.0132, 0.0183, 0.0158, 0.0172,
    0.0206, 0.0136, 0.0176, 0.0122, 0.0145, 0.0182, 0.0172, 0.0166, 0.0144, 0.0178,
    0.0130, 0.0132, 0.0139, 0.0094, 0.0149, 0.0108, 0.0143, 0.0117, 0.0102, 0.0135,
    0.0131, 0.0084, 0.0112, 0.0101, 0.0152, 0.0138, 0.0127, 0.0136, 0.0138, 0.0125,
    0.0081, 0.0129, 0.0207, 0.0146, 0.0132, 0.0142, 0.0117, 0.0200, 0.0128, 0.0121,
    0.0130, 0.0121, 0.0151, 0.0071, 0.0136, 0.0156, 0.0093, 0.0092, 0.0109, 0.0089,
    0.0143, 0.0119, 0.0125, 0.0107, 0.0137, 0.0191, 0.0089, 0.0132, 0.0132, 0.0096,
    0.0156, 0.0107, 0.0159, 0.0148, 0.0138, 0.0096, 0.0096, 0.0148, 0.0082, 0.0112,
    0.0159, 0.0122, 0.0099, 0.0131, 0.0076, 0.0148, 0.0179, 0.0152, 0.0089, 0.0115,
  ]

#### reward_std
  Points: 100
  Min: 0.7356, Max: 1.4246, Mean: 1.0746
  Data: [
    1.1293, 1.2058, 1.1455, 1.1378, 1.0766, 1.2918, 0.9758, 1.0269, 1.2008, 1.1248,
    1.4246, 1.1609, 1.2152, 1.1583, 1.2348, 1.3769, 1.1029, 1.2956, 1.1745, 1.2411,
    1.3031, 1.1167, 1.2284, 1.0261, 1.1295, 1.2671, 1.2170, 1.1963, 1.1136, 1.2162,
    1.0452, 1.0795, 1.0881, 0.9054, 1.0986, 0.9651, 1.1361, 0.9872, 0.9488, 1.1041,
    1.0534, 0.8628, 0.9957, 0.9344, 1.1628, 1.0902, 1.0539, 1.0865, 1.1023, 1.0155,
    0.8272, 1.0340, 1.2568, 1.0973, 1.0748, 1.1255, 1.0007, 1.2722, 1.0121, 1.0095,
    1.0429, 1.0010, 1.1106, 0.7356, 1.0978, 1.1389, 0.8893, 0.8879, 0.9774, 0.8761,
    1.1050, 1.0329, 0.9950, 0.9419, 1.0639, 1.2625, 0.8929, 1.0768, 1.0593, 0.9152,
    1.1599, 0.9628, 1.1528, 1.1202, 1.0888, 0.9132, 0.8774, 1.1186, 0.8347, 0.9780,
    1.1023, 1.0323, 0.9254, 1.0349, 0.8059, 1.1300, 1.1716, 1.1097, 0.8756, 1.0269,
  ]


### ACTIONS
#### abs_mean
  Points: 100
  Min: 0.4760, Max: 0.5354, Mean: 0.5055
  Data: [
    0.5070, 0.5052, 0.4949, 0.5109, 0.4867, 0.4760, 0.4946, 0.5075, 0.5027, 0.5084,
    0.5289, 0.5061, 0.5148, 0.4939, 0.5042, 0.5099, 0.4989, 0.4950, 0.5254, 0.5187,
    0.5246, 0.5181, 0.5288, 0.4880, 0.5129, 0.4957, 0.5109, 0.5083, 0.4998, 0.5247,
    0.5175, 0.5040, 0.5246, 0.4980, 0.5354, 0.5074, 0.4926, 0.5106, 0.4976, 0.4850,
    0.5037, 0.5079, 0.5225, 0.5176, 0.5122, 0.5193, 0.5008, 0.5188, 0.5165, 0.5249,
    0.4861, 0.5235, 0.5120, 0.5084, 0.5028, 0.5087, 0.5053, 0.5235, 0.5190, 0.5105,
    0.5327, 0.4966, 0.4946, 0.5049, 0.4907, 0.5219, 0.4908, 0.5053, 0.5051, 0.5032,
    0.5025, 0.4829, 0.5131, 0.5070, 0.5245, 0.5087, 0.4968, 0.5189, 0.5227, 0.5059,
    0.4778, 0.5049, 0.5095, 0.4992, 0.4933, 0.4954, 0.4968, 0.4790, 0.4917, 0.5061,
    0.5060, 0.4974, 0.5041, 0.4819, 0.4880, 0.4861, 0.4933, 0.4835, 0.5093, 0.5002,
  ]

#### dim0_mean
  Points: 100
  Min: 0.0092, Max: 0.2759, Mean: 0.1385
  Data: [
    0.2702, 0.1337, 0.1174, 0.2759, 0.1694, 0.1488, 0.1012, 0.1710, 0.1708, 0.2104,
    0.2008, 0.1554, 0.1967, 0.1702, 0.1089, 0.2330, 0.1729, 0.1250, 0.1015, 0.2530,
    0.1774, 0.1671, 0.0713, 0.1384, 0.0574, 0.1126, 0.0730, 0.1795, 0.0641, 0.0911,
    0.1022, 0.1875, 0.2135, 0.0738, 0.0826, 0.0092, 0.1446, 0.1640, 0.2144, 0.1506,
    0.1832, 0.0947, 0.0934, 0.0538, 0.1186, 0.1384, 0.0988, 0.1441, 0.1183, 0.1975,
    0.1718, 0.0869, 0.1654, 0.1354, 0.1179, 0.2069, 0.0485, 0.2033, 0.1504, 0.1070,
    0.1180, 0.1339, 0.1911, 0.0543, 0.1672, 0.2044, 0.0789, 0.1486, 0.1309, 0.1438,
    0.1976, 0.1192, 0.1243, 0.0983, 0.1252, 0.1588, 0.1440, 0.1191, 0.1151, 0.1074,
    0.1328, 0.0941, 0.1145, 0.1526, 0.1717, 0.1383, 0.1413, 0.1305, 0.0645, 0.1307,
    0.1359, 0.0884, 0.1803, 0.1661, 0.1061, 0.1295, 0.0979, 0.1797, 0.0767, 0.1393,
  ]

#### dim1_mean
  Points: 100
  Min: -0.0884, Max: 0.1255, Mean: 0.0123
  Data: [
    0.0874, 0.0276, -0.0622, 0.0447, -0.0400, 0.0887, 0.0111, 0.0519, -0.0250, 0.0423,
    0.0459, 0.0416, -0.0032, -0.0465, 0.0178, -0.0135, -0.0137, -0.0242, -0.0184, 0.0635,
    0.0111, 0.0065, -0.0220, 0.0312, 0.0049, -0.0884, 0.0040, 0.0239, -0.0147, 0.0349,
    0.0473, 0.0153, 0.0230, 0.0396, 0.0218, -0.0054, -0.0752, -0.0492, 0.0431, -0.0275,
    0.0004, 0.0479, 0.0330, 0.0129, -0.0323, -0.0500, 0.0790, -0.0262, -0.0250, 0.0428,
    0.0520, 0.0825, -0.0525, 0.0464, 0.0365, 0.0098, 0.0339, 0.0643, -0.0294, -0.0480,
    0.0612, -0.0175, -0.0068, 0.0579, 0.0248, -0.0603, -0.0119, 0.0547, 0.1195, 0.0091,
    0.0348, 0.0169, 0.0377, -0.0461, -0.0749, -0.0474, 0.0696, 0.0456, 0.0242, 0.1255,
    0.0080, 0.0471, 0.0430, -0.0389, 0.0815, 0.0255, -0.0371, 0.0097, 0.1107, 0.0399,
    0.0597, -0.0338, -0.0438, 0.0364, -0.0347, -0.0688, 0.0138, -0.0016, 0.0349, -0.0170,
  ]

#### dim2_mean
  Points: 100
  Min: -0.2214, Max: 0.0360, Mean: -0.0752
  Data: [
    -0.2214, -0.0997, -0.0399, -0.0443, -0.1517, -0.0512, -0.0630, -0.0986, -0.1150, -0.1102,
    -0.0687, -0.0880, -0.0816, -0.0413, -0.2069, -0.0777, -0.1035, -0.0769, -0.1601, -0.0545,
    -0.0519, -0.1399, -0.1343, -0.1030, -0.1165, -0.0254, -0.0488, -0.1012, -0.1021, -0.0807,
    -0.1351, -0.0823, -0.0740, -0.1284, -0.0578, -0.1469, -0.0914, -0.0988, -0.1424, -0.0940,
    -0.1085, -0.1153, -0.0767, -0.1057, -0.1202, -0.1057, -0.0547, -0.1058, -0.1207, -0.0974,
    -0.1032, -0.0361, -0.0895, -0.0234, -0.0463, -0.0714, -0.1010, -0.0540, -0.0920, -0.0915,
    -0.0803, -0.0882, -0.0465, -0.0981, -0.0466, -0.0185, -0.0490, -0.0439, -0.0392, -0.0319,
    -0.0180, 0.0195, -0.0024, -0.1007, -0.0519, -0.0298, -0.0267, -0.0183, 0.0360, -0.0169,
    -0.1275, -0.0644, -0.0535, -0.0967, -0.0420, -0.0208, -0.0490, -0.0015, 0.0046, -0.0593,
    -0.0919, -0.0721, -0.0992, -0.0821, -0.0183, -0.0601, -0.0427, -0.0410, -0.0679, -0.0572,
  ]

#### dim3_mean
  Points: 100
  Min: -0.1225, Max: 0.1100, Mean: -0.0138
  Data: [
    -0.1225, 0.0182, 0.0121, 0.0399, 0.0324, 0.0364, 0.0798, 0.0264, 0.0176, 0.0475,
    0.0150, -0.0079, 0.0597, 0.0601, 0.0117, -0.0620, 0.0577, 0.0389, -0.0180, -0.0253,
    0.0198, 0.0314, 0.0159, 0.0130, 0.0606, -0.0026, -0.0185, 0.0563, 0.0123, 0.0049,
    -0.0151, 0.0006, 0.0377, 0.0187, 0.0426, -0.0046, 0.0626, -0.0251, 0.0161, 0.0544,
    0.0101, -0.0093, -0.0423, 0.0052, 0.0339, -0.0056, 0.0057, 0.1100, 0.0579, 0.0178,
    -0.0325, -0.0619, -0.0135, -0.0940, -0.0349, -0.0403, -0.0901, -0.0326, -0.0758, -0.0575,
    -0.0323, -0.0373, -0.0772, -0.0143, -0.0537, 0.0082, -0.0298, 0.0214, -0.0530, -0.0442,
    -0.1124, -0.0396, -0.0191, 0.0105, -0.0004, -0.0105, -0.0629, -0.0150, -0.0486, -0.0397,
    -0.0504, -0.0511, 0.0055, -0.0351, -0.0932, -0.0544, 0.0050, -0.1031, -0.1000, -0.0414,
    -0.0555, -0.0638, -0.0542, -0.0908, -0.0706, -0.0218, -0.0590, -0.1152, 0.0063, -0.0404,
  ]

#### max
  Points: 100
  Min: 0.9995, Max: 1.0000, Mean: 0.9999
  Data: [
    1.0000, 1.0000, 1.0000, 0.9999, 0.9999, 1.0000, 0.9998, 0.9999, 0.9998, 1.0000,
    0.9998, 1.0000, 0.9999, 0.9999, 0.9999, 0.9998, 1.0000, 0.9999, 1.0000, 0.9997,
    0.9999, 1.0000, 1.0000, 1.0000, 1.0000, 0.9999, 1.0000, 1.0000, 0.9999, 1.0000,
    0.9999, 0.9999, 0.9999, 1.0000, 1.0000, 0.9999, 0.9997, 0.9997, 1.0000, 0.9998,
    0.9999, 1.0000, 1.0000, 1.0000, 0.9999, 0.9999, 1.0000, 1.0000, 0.9999, 1.0000,
    0.9999, 0.9998, 1.0000, 0.9999, 0.9999, 0.9999, 0.9995, 1.0000, 0.9999, 1.0000,
    1.0000, 0.9999, 0.9999, 1.0000, 1.0000, 1.0000, 1.0000, 1.0000, 0.9998, 1.0000,
    1.0000, 1.0000, 0.9999, 0.9999, 1.0000, 1.0000, 1.0000, 1.0000, 0.9998, 1.0000,
    0.9999, 1.0000, 1.0000, 0.9999, 1.0000, 0.9999, 0.9998, 0.9996, 0.9997, 1.0000,
    1.0000, 1.0000, 0.9999, 1.0000, 0.9999, 0.9999, 0.9999, 1.0000, 0.9999, 1.0000,
  ]

#### mean
  Points: 100
  Min: -0.0369, Max: 0.0791, Mean: 0.0154
  Data: [
    0.0034, 0.0200, 0.0068, 0.0791, 0.0025, 0.0557, 0.0323, 0.0377, 0.0121, 0.0475,
    0.0483, 0.0252, 0.0429, 0.0356, -0.0171, 0.0200, 0.0284, 0.0157, -0.0238, 0.0592,
    0.0391, 0.0163, -0.0173, 0.0199, 0.0016, -0.0009, 0.0024, 0.0396, -0.0101, 0.0125,
    -0.0002, 0.0302, 0.0500, 0.0009, 0.0223, -0.0369, 0.0102, -0.0023, 0.0328, 0.0209,
    0.0213, 0.0045, 0.0019, -0.0084, 0.0000, -0.0057, 0.0322, 0.0305, 0.0076, 0.0402,
    0.0220, 0.0179, 0.0025, 0.0161, 0.0183, 0.0262, -0.0272, 0.0453, -0.0117, -0.0225,
    0.0166, -0.0023, 0.0152, -0.0000, 0.0229, 0.0335, -0.0029, 0.0452, 0.0396, 0.0192,
    0.0255, 0.0290, 0.0351, -0.0095, -0.0005, 0.0177, 0.0310, 0.0328, 0.0317, 0.0441,
    -0.0093, 0.0064, 0.0274, -0.0045, 0.0295, 0.0221, 0.0151, 0.0089, 0.0200, 0.0175,
    0.0120, -0.0203, -0.0042, 0.0074, -0.0044, -0.0053, 0.0025, 0.0055, 0.0125, 0.0062,
  ]

#### min
  Points: 100
  Min: -1.0000, Max: -0.9995, Mean: -0.9999
  Data: [
    -0.9999, -1.0000, -1.0000, -0.9999, -0.9997, -0.9998, -0.9998, -1.0000, -0.9997, -1.0000,
    -0.9995, -0.9999, -1.0000, -0.9998, -1.0000, -0.9999, -0.9998, -0.9998, -1.0000, -0.9999,
    -0.9999, -1.0000, -0.9999, -0.9999, -1.0000, -1.0000, -0.9999, -0.9999, -1.0000, -1.0000,
    -0.9999, -0.9998, -1.0000, -1.0000, -0.9999, -1.0000, -0.9998, -1.0000, -1.0000, -0.9997,
    -1.0000, -0.9999, -0.9999, -0.9999, -0.9999, -0.9999, -0.9999, -1.0000, -1.0000, -0.9999,
    -0.9999, -0.9999, -0.9998, -0.9997, -0.9999, -0.9998, -1.0000, -1.0000, -1.0000, -1.0000,
    -0.9999, -1.0000, -0.9999, -1.0000, -0.9999, -1.0000, -0.9998, -0.9999, -0.9998, -1.0000,
    -0.9999, -0.9998, -1.0000, -1.0000, -1.0000, -0.9999, -0.9996, -0.9999, -1.0000, -1.0000,
    -1.0000, -1.0000, -0.9999, -1.0000, -0.9998, -0.9999, -0.9999, -0.9999, -1.0000, -0.9999,
    -1.0000, -1.0000, -0.9999, -0.9995, -1.0000, -0.9999, -0.9998, -0.9999, -1.0000, -0.9997,
  ]

#### std
  Points: 100
  Min: 0.5531, Max: 0.6119, Mean: 0.5834
  Data: [
    0.5872, 0.5873, 0.5765, 0.5827, 0.5642, 0.5531, 0.5728, 0.5848, 0.5812, 0.5860,
    0.6031, 0.5849, 0.5899, 0.5712, 0.5831, 0.5881, 0.5773, 0.5752, 0.6030, 0.5908,
    0.5993, 0.5938, 0.6074, 0.5669, 0.5916, 0.5752, 0.5889, 0.5834, 0.5799, 0.6017,
    0.5970, 0.5805, 0.5987, 0.5801, 0.6119, 0.5856, 0.5714, 0.5867, 0.5729, 0.5640,
    0.5820, 0.5875, 0.6019, 0.5964, 0.5888, 0.5961, 0.5779, 0.5933, 0.5932, 0.5990,
    0.5651, 0.6002, 0.5899, 0.5838, 0.5824, 0.5886, 0.5817, 0.5995, 0.5963, 0.5897,
    0.6109, 0.5766, 0.5726, 0.5849, 0.5689, 0.5990, 0.5722, 0.5839, 0.5826, 0.5813,
    0.5818, 0.5622, 0.5911, 0.5861, 0.6032, 0.5868, 0.5740, 0.5972, 0.5977, 0.5810,
    0.5564, 0.5843, 0.5889, 0.5765, 0.5707, 0.5743, 0.5757, 0.5577, 0.5725, 0.5853,
    0.5841, 0.5778, 0.5812, 0.5573, 0.5655, 0.5677, 0.5732, 0.5599, 0.5895, 0.5793,
  ]


### GRADIENTS
#### actor_norm
  Points: 100
  Min: 0.0747, Max: 1.3346, Mean: 0.1683
  Data: [
    1.3346, 0.1800, 0.1347, 0.1697, 0.1237, 0.1278, 0.1011, 0.1177, 0.1282, 0.2110,
    0.1876, 0.1943, 0.2091, 0.2139, 0.1318, 0.2172, 0.1629, 0.1557, 0.1746, 0.2437,
    0.2536, 0.1329, 0.1232, 0.0944, 0.1061, 0.1778, 0.1264, 0.1139, 0.1265, 0.1654,
    0.1660, 0.1206, 0.1552, 0.1600, 0.1348, 0.1505, 0.1072, 0.1296, 0.1438, 0.2177,
    0.1236, 0.0926, 0.1615, 0.1234, 0.1147, 0.1697, 0.1306, 0.1440, 0.1541, 0.1957,
    0.1572, 0.2302, 0.3062, 0.2084, 0.1313, 0.1202, 0.1553, 0.2605, 0.1514, 0.2320,
    0.1871, 0.1957, 0.1334, 0.1413, 0.1587, 0.2015, 0.1372, 0.2792, 0.1699, 0.1040,
    0.1554, 0.2006, 0.2233, 0.1559, 0.2252, 0.1959, 0.1544, 0.1986, 0.1233, 0.1850,
    0.1848, 0.1548, 0.1290, 0.1299, 0.1844, 0.1156, 0.1293, 0.1603, 0.0913, 0.1381,
    0.1266, 0.0892, 0.0993, 0.0901, 0.0747, 0.1525, 0.1208, 0.1564, 0.0788, 0.1160,
  ]

#### critic_norm
  Points: 100
  Min: 0.1640, Max: 0.9794, Mean: 0.3565
  Data: [
    0.9794, 0.3843, 0.3986, 0.4448, 0.4430, 0.2021, 0.4470, 0.2607, 0.2442, 0.5133,
    0.6464, 0.4420, 0.3658, 0.3595, 0.3420, 0.2669, 0.1640, 0.2612, 0.2893, 0.3500,
    0.3897, 0.4134, 0.2846, 0.2164, 0.2976, 0.2770, 0.3789, 0.3662, 0.3771, 0.3806,
    0.4979, 0.2410, 0.3079, 0.3377, 0.5591, 0.3914, 0.4049, 0.3341, 0.3400, 0.3373,
    0.3970, 0.3030, 0.3721, 0.3554, 0.4444, 0.3660, 0.6320, 0.3337, 0.3141, 0.3822,
    0.3022, 0.3259, 0.4208, 0.2867, 0.3204, 0.3934, 0.3347, 0.4027, 0.3143, 0.2802,
    0.3159, 0.3240, 0.2280, 0.2916, 0.3048, 0.3163, 0.2399, 0.3129, 0.3093, 0.2634,
    0.2208, 0.3447, 0.3875, 0.2625, 0.3503, 0.2945, 0.2013, 0.3019, 0.3278, 0.2856,
    0.2926, 0.3992, 0.3048, 0.5146, 0.4727, 0.3513, 0.3696, 0.4918, 0.4158, 0.4008,
    0.2993, 0.3168, 0.3282, 0.1913, 0.2791, 0.3830, 0.4032, 0.4697, 0.5822, 0.2778,
  ]

#### world_model_norm
  Points: 100
  Min: 5.9749, Max: 33.4600, Mean: 10.8839
  Data: [
    10.0409, 8.1501, 5.9749, 8.3117, 12.5477, 15.3989, 10.7548, 6.8389, 7.9167, 7.7194,
    10.2185, 7.0892, 8.9218, 33.4600, 8.0281, 16.7561, 11.0133, 7.8002, 10.3470, 23.3715,
    8.0346, 21.1566, 10.4154, 9.1320, 9.9950, 19.2535, 9.3533, 11.6293, 12.2912, 16.6282,
    12.8178, 8.9576, 11.0168, 12.2859, 9.6518, 8.9639, 11.6333, 8.1291, 10.2945, 12.5826,
    8.7471, 12.2907, 11.6498, 12.9047, 10.6110, 9.6628, 11.1624, 10.6240, 19.6472, 7.8275,
    7.8043, 10.3563, 13.0959, 10.2697, 13.9389, 10.3036, 10.0518, 11.2167, 8.2210, 9.7054,
    8.3958, 12.0227, 16.4291, 7.4669, 8.8627, 14.9421, 6.7551, 8.1296, 8.6941, 6.9656,
    10.9183, 11.4437, 7.7480, 8.1253, 16.4831, 9.3589, 9.8985, 9.5887, 10.2367, 8.1955,
    13.1805, 8.5417, 10.5395, 10.6027, 7.5821, 7.3906, 12.7453, 10.3445, 11.7791, 14.2105,
    9.5130, 13.5369, 9.4881, 8.0606, 9.1951, 8.0100, 10.7441, 8.5036, 10.0658, 8.7190,
  ]


### DIAGNOSTICS
#### advantage_contribution
  Points: 100
  Min: 0.1083, Max: 1.5745, Mean: 0.1859
  Data: [
    1.5745, 0.1818, 0.1539, 0.1828, 0.1758, 0.1305, 0.1293, 0.1563, 0.1602, 0.2090,
    0.2368, 0.2192, 0.1862, 0.1966, 0.1586, 0.2008, 0.1730, 0.1778, 0.2040, 0.2221,
    0.2061, 0.1463, 0.1802, 0.1461, 0.1375, 0.2150, 0.1568, 0.1420, 0.1434, 0.1828,
    0.1813, 0.1415, 0.1784, 0.1662, 0.1668, 0.1496, 0.1366, 0.1624, 0.1587, 0.1529,
    0.1367, 0.1317, 0.1482, 0.1370, 0.1836, 0.1974, 0.1726, 0.1811, 0.1774, 0.2105,
    0.1508, 0.2312, 0.2833, 0.2362, 0.1860, 0.1748, 0.1798, 0.2728, 0.2135, 0.1910,
    0.2237, 0.1930, 0.1587, 0.1302, 0.1875, 0.1776, 0.1483, 0.1883, 0.1835, 0.1270,
    0.1736, 0.1899, 0.2342, 0.1726, 0.1765, 0.2134, 0.1583, 0.2214, 0.1673, 0.1516,
    0.1539, 0.1478, 0.1736, 0.1819, 0.1768, 0.1432, 0.1376, 0.2015, 0.1265, 0.1471,
    0.1675, 0.1332, 0.1350, 0.1083, 0.1146, 0.1612, 0.1449, 0.1542, 0.1113, 0.1198,
  ]

#### entropy_advantage_ratio
  Points: 100
  Min: 0.0006, Max: 0.0089, Mean: 0.0054
  Data: [
    0.0006, 0.0050, 0.0051, 0.0050, 0.0050, 0.0060, 0.0074, 0.0057, 0.0056, 0.0043,
    0.0039, 0.0044, 0.0045, 0.0044, 0.0056, 0.0041, 0.0051, 0.0048, 0.0046, 0.0038,
    0.0045, 0.0060, 0.0050, 0.0062, 0.0070, 0.0042, 0.0059, 0.0062, 0.0067, 0.0050,
    0.0056, 0.0067, 0.0054, 0.0060, 0.0059, 0.0064, 0.0060, 0.0057, 0.0063, 0.0055,
    0.0067, 0.0073, 0.0064, 0.0068, 0.0049, 0.0045, 0.0055, 0.0049, 0.0048, 0.0042,
    0.0059, 0.0037, 0.0031, 0.0036, 0.0048, 0.0054, 0.0053, 0.0031, 0.0040, 0.0050,
    0.0041, 0.0043, 0.0054, 0.0067, 0.0046, 0.0047, 0.0060, 0.0050, 0.0052, 0.0071,
    0.0050, 0.0045, 0.0040, 0.0052, 0.0054, 0.0041, 0.0054, 0.0039, 0.0056, 0.0060,
    0.0054, 0.0066, 0.0049, 0.0049, 0.0053, 0.0068, 0.0074, 0.0040, 0.0074, 0.0058,
    0.0056, 0.0063, 0.0068, 0.0082, 0.0078, 0.0052, 0.0063, 0.0059, 0.0089, 0.0079,
  ]

#### entropy_contribution
  Points: 100
  Min: 0.0008, Max: 0.0010, Mean: 0.0009
  Data: [
    0.0009, 0.0009, 0.0008, 0.0009, 0.0009, 0.0008, 0.0010, 0.0009, 0.0009, 0.0009,
    0.0009, 0.0010, 0.0008, 0.0009, 0.0009, 0.0008, 0.0009, 0.0009, 0.0009, 0.0008,
    0.0009, 0.0009, 0.0009, 0.0009, 0.0010, 0.0009, 0.0009, 0.0009, 0.0010, 0.0009,
    0.0010, 0.0009, 0.0010, 0.0010, 0.0010, 0.0010, 0.0008, 0.0009, 0.0010, 0.0008,
    0.0009, 0.0010, 0.0009, 0.0009, 0.0009, 0.0009, 0.0009, 0.0009, 0.0008, 0.0009,
    0.0009, 0.0008, 0.0009, 0.0009, 0.0009, 0.0009, 0.0010, 0.0009, 0.0009, 0.0010,
    0.0009, 0.0008, 0.0009, 0.0009, 0.0009, 0.0008, 0.0009, 0.0009, 0.0009, 0.0009,
    0.0009, 0.0009, 0.0009, 0.0009, 0.0009, 0.0009, 0.0009, 0.0009, 0.0009, 0.0009,
    0.0008, 0.0010, 0.0009, 0.0009, 0.0009, 0.0010, 0.0010, 0.0008, 0.0009, 0.0009,
    0.0009, 0.0008, 0.0009, 0.0009, 0.0009, 0.0008, 0.0009, 0.0009, 0.0010, 0.0010,
  ]

#### return_range_S
  Points: 100
  Min: 0.8013, Max: 11.4341, Mean: 7.7383
  Data: [
    0.8013, 8.2132, 6.6341, 6.4170, 6.8525, 7.3025, 7.7080, 7.4765, 7.0224, 7.5737,
    7.2732, 7.8263, 7.5757, 6.9439, 7.6111, 7.2780, 6.3803, 6.9834, 7.2965, 7.1267,
    7.6859, 8.0151, 8.5847, 7.8313, 7.5193, 6.5726, 7.7670, 9.0809, 8.4227, 8.5473,
    8.1325, 7.4100, 7.4836, 7.8668, 8.3665, 7.7797, 8.3378, 8.1138, 8.0787, 7.8428,
    8.3735, 7.5391, 8.4898, 8.1001, 7.9116, 7.6794, 7.8342, 7.9268, 7.7270, 7.5301,
    6.8045, 6.6751, 6.7092, 7.2681, 6.4766, 7.3006, 7.3518, 6.3610, 6.4071, 5.7105,
    6.3579, 6.1431, 6.2124, 8.1190, 6.9805, 7.0401, 6.2101, 6.3993, 7.2714, 7.1833,
    7.3864, 6.7895, 6.5311, 7.2311, 7.0963, 8.3367, 6.8711, 7.0727, 7.6592, 7.4616,
    9.1531, 7.8849, 8.1840, 8.6695, 8.6655, 9.3704, 9.4313, 8.6031, 8.1073, 9.8867,
    8.3717, 9.7443, 9.4724, 10.4192, 9.4144, 9.6093, 11.2558, 10.7136, 11.4341, 11.1706,
  ]

#### return_range_at_floor
  Points: 100
  Min: 0.0000, Max: 1.0000, Mean: 0.0100
  Data: [
    1.0000, 0.0000, 0.0000, 0.0000, 0.0000, 0.0000, 0.0000, 0.0000, 0.0000, 0.0000,
    0.0000, 0.0000, 0.0000, 0.0000, 0.0000, 0.0000, 0.0000, 0.0000, 0.0000, 0.0000,
    0.0000, 0.0000, 0.0000, 0.0000, 0.0000, 0.0000, 0.0000, 0.0000, 0.0000, 0.0000,
    0.0000, 0.0000, 0.0000, 0.0000, 0.0000, 0.0000, 0.0000, 0.0000, 0.0000, 0.0000,
    0.0000, 0.0000, 0.0000, 0.0000, 0.0000, 0.0000, 0.0000, 0.0000, 0.0000, 0.0000,
    0.0000, 0.0000, 0.0000, 0.0000, 0.0000, 0.0000, 0.0000, 0.0000, 0.0000, 0.0000,
    0.0000, 0.0000, 0.0000, 0.0000, 0.0000, 0.0000, 0.0000, 0.0000, 0.0000, 0.0000,
    0.0000, 0.0000, 0.0000, 0.0000, 0.0000, 0.0000, 0.0000, 0.0000, 0.0000, 0.0000,
    0.0000, 0.0000, 0.0000, 0.0000, 0.0000, 0.0000, 0.0000, 0.0000, 0.0000, 0.0000,
    0.0000, 0.0000, 0.0000, 0.0000, 0.0000, 0.0000, 0.0000, 0.0000, 0.0000, 0.0000,
  ]


### SPARSE_SIGNAL
#### advantage_nonzero_frac
  Points: 100
  Min: 0.6977, Max: 0.9569, Mean: 0.8293
  Data: [
    0.9569, 0.8624, 0.8364, 0.8612, 0.8084, 0.8149, 0.8203, 0.8324, 0.8125, 0.8407,
    0.8641, 0.8767, 0.8722, 0.8579, 0.8475, 0.8546, 0.8253, 0.8368, 0.8677, 0.9080,
    0.8708, 0.8389, 0.8459, 0.8248, 0.8519, 0.8749, 0.8257, 0.8523, 0.8475, 0.8591,
    0.8554, 0.8258, 0.8759, 0.8450, 0.8588, 0.8401, 0.8537, 0.8414, 0.8287, 0.8439,
    0.8414, 0.8280, 0.8458, 0.8242, 0.8526, 0.8735, 0.8887, 0.8535, 0.8474, 0.8490,
    0.7842, 0.8283, 0.8245, 0.8409, 0.8390, 0.8404, 0.8525, 0.9027, 0.8503, 0.8157,
    0.8342, 0.8366, 0.7765, 0.7834, 0.8425, 0.8393, 0.8272, 0.8506, 0.8263, 0.7758,
    0.8332, 0.8232, 0.8340, 0.7731, 0.7959, 0.7931, 0.8190, 0.8582, 0.8332, 0.7883,
    0.7769, 0.8044, 0.8148, 0.7958, 0.8175, 0.7923, 0.7892, 0.8281, 0.7755, 0.7954,
    0.8016, 0.7881, 0.7807, 0.6977, 0.7588, 0.7664, 0.7853, 0.8170, 0.7490, 0.7523,
  ]

#### advantage_significant_frac
  Points: 100
  Min: 0.1915, Max: 0.7396, Mean: 0.2850
  Data: [
    0.7396, 0.3219, 0.3000, 0.3508, 0.2993, 0.2236, 0.2436, 0.2832, 0.3202, 0.3705,
    0.3947, 0.3871, 0.3165, 0.3364, 0.3039, 0.3268, 0.2763, 0.3184, 0.3185, 0.4025,
    0.3658, 0.2527, 0.3191, 0.2393, 0.2414, 0.3650, 0.2807, 0.2727, 0.2763, 0.3190,
    0.3275, 0.2728, 0.3362, 0.2828, 0.3029, 0.2534, 0.2743, 0.2792, 0.2730, 0.2841,
    0.2435, 0.2329, 0.2602, 0.2670, 0.3387, 0.3512, 0.3283, 0.2988, 0.3058, 0.3168,
    0.2115, 0.2836, 0.2800, 0.3160, 0.2855, 0.2707, 0.2887, 0.3616, 0.2977, 0.2625,
    0.3217, 0.2877, 0.2180, 0.1920, 0.2895, 0.2590, 0.2445, 0.2836, 0.2918, 0.2216,
    0.2946, 0.2926, 0.3041, 0.2281, 0.2423, 0.2650, 0.2362, 0.3443, 0.2632, 0.2498,
    0.2197, 0.2327, 0.2514, 0.2795, 0.2833, 0.2231, 0.2283, 0.2740, 0.2220, 0.2150,
    0.2646, 0.2465, 0.2161, 0.1915, 0.2130, 0.2608, 0.2401, 0.2619, 0.2013, 0.1949,
  ]

#### event_rate_in_batch
  Points: 100
  Min: 0.0040, Max: 0.0192, Mean: 0.0105
  Data: [
    0.0101, 0.0121, 0.0131, 0.0181, 0.0131, 0.0121, 0.0091, 0.0101, 0.0141, 0.0121,
    0.0161, 0.0121, 0.0141, 0.0101, 0.0192, 0.0161, 0.0111, 0.0171, 0.0121, 0.0111,
    0.0151, 0.0171, 0.0121, 0.0101, 0.0111, 0.0161, 0.0181, 0.0131, 0.0111, 0.0141,
    0.0081, 0.0131, 0.0131, 0.0060, 0.0151, 0.0040, 0.0101, 0.0071, 0.0071, 0.0101,
    0.0111, 0.0101, 0.0111, 0.0071, 0.0101, 0.0081, 0.0101, 0.0111, 0.0101, 0.0071,
    0.0081, 0.0071, 0.0131, 0.0111, 0.0091, 0.0091, 0.0131, 0.0141, 0.0091, 0.0071,
    0.0151, 0.0050, 0.0101, 0.0050, 0.0131, 0.0101, 0.0050, 0.0071, 0.0071, 0.0060,
    0.0111, 0.0101, 0.0091, 0.0060, 0.0050, 0.0101, 0.0060, 0.0091, 0.0091, 0.0111,
    0.0101, 0.0091, 0.0081, 0.0101, 0.0101, 0.0091, 0.0081, 0.0111, 0.0091, 0.0101,
    0.0111, 0.0091, 0.0060, 0.0121, 0.0071, 0.0131, 0.0081, 0.0071, 0.0050, 0.0101,
  ]

#### lambda_return_abs_mean
  Points: 100
  Min: 6.7224, Max: 11.6737, Mean: 8.3416
  Data: [
    11.6737, 7.1332, 8.1902, 8.8566, 8.6764, 8.7313, 7.5662, 7.1654, 8.0847, 8.7639,
    8.7567, 8.5526, 8.5237, 8.3606, 7.7865, 8.2340, 8.3214, 8.6888, 8.4123, 8.9249,
    9.1140, 8.4757, 8.2559, 8.4414, 8.5133, 8.1021, 8.2526, 8.7241, 7.2944, 7.8173,
    7.4387, 8.5698, 7.9139, 7.5990, 8.2859, 8.2325, 9.2835, 7.5509, 7.7552, 7.3693,
    7.1553, 7.8776, 8.6660, 7.2084, 7.6477, 7.7794, 6.7771, 7.7581, 7.8392, 8.2116,
    8.8521, 9.1100, 9.7818, 8.4900, 8.7451, 8.5500, 8.8481, 9.6971, 9.2240, 9.1015,
    9.0623, 9.3460, 9.6945, 8.6885, 8.7209, 9.0074, 8.8569, 8.3417, 8.4099, 8.9321,
    8.7958, 8.6753, 9.5388, 9.1250, 9.5601, 9.2793, 8.9993, 9.0997, 8.0917, 8.6648,
    8.7057, 7.8870, 8.4443, 8.2115, 7.3556, 7.4328, 6.8914, 8.5557, 8.4621, 7.7580,
    8.7401, 7.5933, 7.7963, 8.5613, 6.7224, 7.5170, 7.9211, 6.8275, 7.2908, 6.8819,
  ]

#### lambda_return_nonzero_frac
  Points: 100
  Min: 0.9808, Max: 1.0000, Mean: 0.9991
  Data: [
    1.0000, 0.9986, 0.9997, 0.9999, 0.9999, 1.0000, 0.9996, 0.9995, 0.9996, 0.9993,
    0.9998, 0.9995, 0.9998, 0.9999, 0.9996, 0.9999, 0.9999, 0.9999, 0.9994, 0.9994,
    0.9996, 1.0000, 0.9999, 0.9996, 0.9998, 1.0000, 1.0000, 0.9999, 0.9909, 0.9992,
    0.9976, 0.9998, 0.9992, 0.9989, 0.9988, 0.9999, 0.9999, 0.9984, 0.9967, 0.9992,
    0.9993, 1.0000, 0.9998, 0.9976, 0.9988, 0.9991, 0.9994, 0.9994, 0.9997, 0.9996,
    0.9997, 0.9995, 0.9999, 0.9993, 0.9994, 0.9999, 0.9996, 1.0000, 1.0000, 0.9999,
    0.9995, 0.9996, 1.0000, 0.9999, 0.9994, 0.9997, 1.0000, 0.9999, 0.9997, 1.0000,
    1.0000, 0.9999, 0.9997, 0.9999, 0.9991, 0.9997, 0.9996, 0.9999, 0.9999, 0.9997,
    0.9996, 1.0000, 0.9992, 0.9991, 0.9994, 1.0000, 0.9997, 0.9996, 0.9999, 0.9997,
    0.9998, 0.9994, 0.9996, 0.9994, 0.9996, 0.9992, 0.9986, 0.9808, 0.9983, 0.9824,
  ]

#### lambda_return_significant_frac
  Points: 100
  Min: 0.8993, Max: 1.0000, Mean: 0.9925
  Data: [
    0.9995, 0.9882, 0.9981, 0.9976, 0.9981, 0.9991, 0.9969, 0.9954, 0.9960, 0.9937,
    0.9934, 0.9941, 0.9975, 0.9956, 0.9958, 0.9956, 0.9976, 0.9971, 0.9936, 0.9958,
    0.9970, 0.9992, 0.9963, 0.9978, 0.9976, 0.9986, 0.9976, 0.9947, 0.9403, 0.9856,
    0.9907, 0.9988, 0.9874, 0.9958, 0.9824, 0.9965, 0.9978, 0.9783, 0.9695, 0.9954,
    0.9975, 1.0000, 0.9988, 0.9873, 0.9958, 0.9944, 0.9928, 0.9910, 0.9987, 0.9952,
    0.9971, 0.9947, 0.9988, 0.9947, 0.9978, 0.9976, 0.9958, 0.9999, 0.9973, 0.9989,
    0.9976, 0.9983, 0.9988, 0.9988, 0.9978, 0.9990, 0.9988, 0.9985, 0.9947, 0.9992,
    0.9995, 0.9979, 0.9977, 0.9981, 0.9968, 0.9976, 0.9976, 0.9977, 0.9991, 0.9965,
    0.9948, 0.9995, 0.9950, 0.9933, 0.9943, 0.9973, 0.9976, 0.9960, 0.9994, 0.9974,
    0.9964, 0.9922, 0.9940, 0.9898, 0.9952, 0.9892, 0.9589, 0.9115, 0.9614, 0.8993,
  ]

#### nonsparse_pred_error
  Points: 100
  Min: 0.0033, Max: 0.0575, Mean: 0.0186
  Data: [
    0.0111, 0.0033, 0.0110, 0.0222, 0.0307, 0.0113, 0.0046, 0.0036, 0.0063, 0.0101,
    0.0531, 0.0361, 0.0080, 0.0035, 0.0330, 0.0048, 0.0043, 0.0041, 0.0192, 0.0171,
    0.0301, 0.0246, 0.0056, 0.0098, 0.0123, 0.0289, 0.0249, 0.0069, 0.0152, 0.0535,
    0.0539, 0.0084, 0.0209, 0.0036, 0.0231, 0.0169, 0.0241, 0.0133, 0.0114, 0.0049,
    0.0118, 0.0204, 0.0542, 0.0088, 0.0075, 0.0347, 0.0235, 0.0143, 0.0050, 0.0126,
    0.0070, 0.0064, 0.0180, 0.0051, 0.0189, 0.0263, 0.0105, 0.0085, 0.0219, 0.0283,
    0.0148, 0.0112, 0.0339, 0.0039, 0.0075, 0.0443, 0.0128, 0.0107, 0.0063, 0.0059,
    0.0125, 0.0144, 0.0363, 0.0064, 0.0411, 0.0432, 0.0085, 0.0165, 0.0110, 0.0190,
    0.0389, 0.0161, 0.0047, 0.0575, 0.0182, 0.0161, 0.0227, 0.0446, 0.0229, 0.0337,
    0.0341, 0.0238, 0.0167, 0.0235, 0.0143, 0.0138, 0.0298, 0.0095, 0.0128, 0.0110,
  ]

#### num_sparse_events
  Points: 100
  Min: 4.0000, Max: 19.0000, Mean: 10.3700
  Data: [
    10.0000, 12.0000, 13.0000, 18.0000, 13.0000, 12.0000, 9.0000, 10.0000, 14.0000, 12.0000,
    16.0000, 12.0000, 14.0000, 10.0000, 19.0000, 16.0000, 11.0000, 17.0000, 12.0000, 11.0000,
    15.0000, 17.0000, 12.0000, 10.0000, 11.0000, 16.0000, 18.0000, 13.0000, 11.0000, 14.0000,
    8.0000, 13.0000, 13.0000, 6.0000, 15.0000, 4.0000, 10.0000, 7.0000, 7.0000, 10.0000,
    11.0000, 10.0000, 11.0000, 7.0000, 10.0000, 8.0000, 10.0000, 11.0000, 10.0000, 7.0000,
    8.0000, 7.0000, 13.0000, 11.0000, 9.0000, 9.0000, 13.0000, 14.0000, 9.0000, 7.0000,
    15.0000, 5.0000, 10.0000, 5.0000, 13.0000, 10.0000, 5.0000, 7.0000, 7.0000, 6.0000,
    11.0000, 10.0000, 9.0000, 6.0000, 5.0000, 10.0000, 6.0000, 9.0000, 9.0000, 11.0000,
    10.0000, 9.0000, 8.0000, 10.0000, 10.0000, 9.0000, 8.0000, 11.0000, 9.0000, 10.0000,
    11.0000, 9.0000, 6.0000, 12.0000, 7.0000, 13.0000, 8.0000, 7.0000, 5.0000, 10.0000,
  ]

#### reward_max
  Points: 100
  Min: 10.0000, Max: 10.0000, Mean: 10.0000
  Data: [
    10.0000, 10.0000, 10.0000, 10.0000, 10.0000, 10.0000, 10.0000, 10.0000, 10.0000, 10.0000,
    10.0000, 10.0000, 10.0000, 10.0000, 10.0000, 10.0000, 10.0000, 10.0000, 10.0000, 10.0000,
    10.0000, 10.0000, 10.0000, 10.0000, 10.0000, 10.0000, 10.0000, 10.0000, 10.0000, 10.0000,
    10.0000, 10.0000, 10.0000, 10.0000, 10.0000, 10.0000, 10.0000, 10.0000, 10.0000, 10.0000,
    10.0000, 10.0000, 10.0000, 10.0000, 10.0000, 10.0000, 10.0000, 10.0000, 10.0000, 10.0000,
    10.0000, 10.0000, 10.0000, 10.0000, 10.0000, 10.0000, 10.0000, 10.0000, 10.0000, 10.0000,
    10.0000, 10.0000, 10.0000, 10.0000, 10.0000, 10.0000, 10.0000, 10.0000, 10.0000, 10.0000,
    10.0000, 10.0000, 10.0000, 10.0000, 10.0000, 10.0000, 10.0000, 10.0000, 10.0000, 10.0000,
    10.0000, 10.0000, 10.0000, 10.0000, 10.0000, 10.0000, 10.0000, 10.0000, 10.0000, 10.0000,
    10.0000, 10.0000, 10.0000, 10.0000, 10.0000, 10.0000, 10.0000, 10.0000, 10.0000, 10.0000,
  ]

#### reward_min
  Points: 100
  Min: -10.2376, Max: -0.1444, Mean: -9.1565
  Data: [
    -0.1444, -10.0752, -10.1483, -10.1382, -10.2002, -10.1226, -10.2118, -10.0942, -10.0882, -10.1794,
    -10.1877, -10.1232, -10.2028, -10.1794, -10.0557, -10.1548, -10.1036, -10.1841, -10.1548, -10.1877,
    -10.1116, -10.1479, -10.1769, -10.1046, -0.1764, -10.1224, -10.1637, -10.2172, -10.0727, -10.1774,
    -10.1692, -10.0549, -10.1745, -10.1118, -10.1230, -10.1344, -10.1899, -10.1895, -10.1230, -10.1560,
    -10.1165, -10.1343, -10.1069, -0.2487, -10.1587, -10.1641, -10.1232, -10.1416, -10.1333, -10.1811,
    -10.1186, -10.1180, -10.1309, -10.2199, -10.1607, -10.1506, -10.1509, -10.1932, -10.2212, -10.2141,
    -10.1338, -0.1681, -10.1178, -0.1781, -10.1337, -0.1832, -10.1348, -0.2162, -10.1296, -0.2260,
    -10.0882, -10.2376, -0.2205, -10.1210, -10.1937, -10.1791, -10.1168, -10.0694, -10.1245, -10.1867,
    -10.2085, -10.2198, -10.1352, -10.2281, -10.1708, -0.2140, -10.1413, -10.2168, -10.1927, -10.1983,
    -10.1373, -10.1646, -10.1795, -10.1651, -10.1754, -10.0800, -10.1856, -10.1344, -10.1497, -10.1708,
  ]

#### reward_range
  Points: 100
  Min: 10.1444, Max: 20.2376, Mean: 19.1565
  Data: [
    10.1444, 20.0752, 20.1483, 20.1382, 20.2002, 20.1226, 20.2118, 20.0942, 20.0882, 20.1794,
    20.1877, 20.1232, 20.2028, 20.1794, 20.0557, 20.1548, 20.1036, 20.1841, 20.1548, 20.1877,
    20.1116, 20.1479, 20.1769, 20.1046, 10.1764, 20.1224, 20.1637, 20.2172, 20.0727, 20.1774,
    20.1692, 20.0549, 20.1745, 20.1118, 20.1230, 20.1344, 20.1899, 20.1895, 20.1230, 20.1560,
    20.1165, 20.1343, 20.1069, 10.2487, 20.1587, 20.1641, 20.1232, 20.1416, 20.1333, 20.1811,
    20.1186, 20.1180, 20.1309, 20.2199, 20.1607, 20.1506, 20.1509, 20.1932, 20.2212, 20.2141,
    20.1338, 10.1681, 20.1178, 10.1781, 20.1337, 10.1832, 20.1348, 10.2162, 20.1296, 10.2260,
    20.0882, 20.2376, 10.2205, 20.1210, 20.1937, 20.1791, 20.1168, 20.0694, 20.1245, 20.1867,
    20.2085, 20.2198, 20.1352, 20.2281, 20.1708, 10.2140, 20.1413, 20.2168, 20.1927, 20.1983,
    20.1373, 20.1646, 20.1795, 20.1651, 20.1754, 20.0800, 20.1856, 20.1344, 20.1497, 20.1708,
  ]

#### reward_variance
  Points: 100
  Min: 0.4080, Max: 1.8957, Mean: 1.0506
  Data: [
    1.0008, 1.2123, 1.3077, 1.8191, 1.3269, 1.2072, 0.9115, 1.0124, 1.4045, 1.2164,
    1.6039, 1.2175, 1.4292, 1.0156, 1.8957, 1.6312, 1.1080, 1.7205, 1.2226, 1.1199,
    1.5149, 1.7093, 1.2186, 1.0124, 1.1018, 1.6256, 1.8099, 1.3192, 1.1068, 1.4278,
    0.8155, 1.3058, 1.3260, 0.6082, 1.5224, 0.4080, 1.0133, 0.7166, 0.7119, 1.0098,
    1.1120, 1.0170, 1.1125, 0.7051, 1.0162, 0.8133, 1.0134, 1.1245, 1.0089, 0.7103,
    0.8090, 0.7157, 1.3162, 1.1202, 0.9164, 0.9099, 1.3206, 1.4116, 0.9152, 0.7174,
    1.5257, 0.5037, 1.0158, 0.5037, 1.3198, 1.0028, 0.5110, 0.7048, 0.7112, 0.6046,
    1.1067, 1.0105, 0.9035, 0.6087, 0.5125, 1.0177, 0.6083, 0.9072, 0.9130, 1.1233,
    1.0183, 0.9218, 0.8116, 1.0263, 1.0139, 0.9028, 0.8138, 1.1274, 0.9110, 1.0178,
    1.1143, 0.9140, 0.6095, 1.2204, 0.7100, 1.3101, 0.8142, 0.7087, 0.5110, 1.0138,
  ]

#### sparse_actual_mean
  Points: 100
  Min: -4.3553, Max: 10.0000, Mean: 5.5857
  Data: [
    10.0000, 6.6541, 8.4501, 5.5324, 2.2561, 8.3231, 7.7542, 5.9825, 8.5651, 4.9764,
    8.7383, 4.9747, 2.8014, 5.9667, 8.9444, 2.4537, 8.1724, 5.2684, 3.2936, 2.6885,
    5.9826, 7.6325, 4.9648, 5.9801, 10.0000, 3.7160, 7.7619, 5.3552, 8.1752, 1.3806,
    2.4602, 8.4573, 0.7225, 6.6480, 4.6389, 4.9664, 5.9730, 4.2332, 7.1253, 7.9844,
    6.3461, 3.9674, 6.3466, 10.0000, 3.9685, 4.9705, 5.9808, 0.8530, 7.9867, 7.1170,
    7.4852, -4.3553, 5.3630, 4.5033, 3.2956, 7.7610, 3.8166, 7.1249, 5.5201, 1.3638,
    3.2967, 10.0000, 3.9686, 10.0000, 3.8176, 10.0000, -2.0588, 10.0000, 4.2607, 10.0000,
    8.1738, 7.9762, 10.0000, 6.6465, 1.9423, 3.9614, 6.6472, 7.7701, 5.5309, 0.8564,
    3.9593, 1.0461, 4.9763, 1.9241, 5.9777, 10.0000, 2.4685, 0.8393, 7.7564, 3.9639,
    6.3387, 5.5202, 6.6368, 4.9622, 7.1178, 6.9129, 4.9629, 7.1237, 1.9486, 5.9724,
  ]

#### sparse_pred_error
  Points: 100
  Min: 0.0017, Max: 0.5389, Mean: 0.0338
  Data: [
    0.0469, 0.0067, 0.0039, 0.0102, 0.0094, 0.0229, 0.0183, 0.0072, 0.0102, 0.0077,
    0.0035, 0.0057, 0.0142, 0.1363, 0.0068, 0.0574, 0.0051, 0.0088, 0.0299, 0.0038,
    0.0062, 0.0029, 0.0079, 0.0029, 0.0021, 0.0196, 0.0034, 0.0061, 0.0378, 0.0121,
    0.0043, 0.0228, 0.0035, 0.2849, 0.0074, 0.0098, 0.0131, 0.0115, 0.0040, 0.0202,
    0.0035, 0.0577, 0.0085, 0.0292, 0.0312, 0.0042, 0.0053, 0.0091, 0.1543, 0.0136,
    0.0075, 0.5389, 0.0689, 0.0489, 0.4120, 0.0053, 0.0218, 0.1276, 0.0113, 0.3114,
    0.0034, 0.0026, 0.0024, 0.0242, 0.0136, 0.0146, 0.0195, 0.0055, 0.0094, 0.0224,
    0.0074, 0.0068, 0.0271, 0.0017, 0.0140, 0.0073, 0.0065, 0.0329, 0.0074, 0.0146,
    0.0194, 0.0233, 0.0160, 0.0288, 0.0052, 0.0069, 0.0310, 0.0167, 0.0111, 0.0111,
    0.0946, 0.0087, 0.0067, 0.0077, 0.0081, 0.0289, 0.0024, 0.0324, 0.0070, 0.0047,
  ]

#### sparse_pred_mean
  Points: 100
  Min: -3.8315, Max: 9.9982, Mean: 5.5768
  Data: [
    9.9531, 6.6501, 8.4512, 5.5272, 2.2491, 8.3002, 7.7364, 5.9794, 8.5558, 4.9727,
    8.7351, 4.9704, 2.7931, 5.8333, 8.9379, 2.3962, 8.1675, 5.2606, 3.2649, 2.6848,
    5.9831, 7.6297, 4.9692, 5.9827, 9.9982, 3.7304, 7.7585, 5.3580, 8.1374, 1.3685,
    2.4610, 8.4346, 0.7228, 6.3715, 4.6325, 4.9566, 5.9718, 4.2366, 7.1216, 7.9705,
    6.3453, 3.9332, 6.3389, 9.9708, 3.9373, 4.9663, 5.9755, 0.8566, 7.8426, 7.1290,
    7.4777, -3.8315, 5.3852, 4.4554, 3.7058, 7.7559, 3.7978, 7.0002, 5.5224, 1.0686,
    3.2934, 9.9974, 3.9682, 9.9758, 3.8041, 9.9856, -2.0682, 9.9945, 4.2558, 9.9776,
    8.1664, 7.9728, 9.9729, 6.6469, 1.9422, 3.9544, 6.6528, 7.7373, 5.5239, 0.8642,
    3.9489, 1.0229, 4.9720, 1.9341, 5.9762, 9.9931, 2.4469, 0.8536, 7.7453, 3.9729,
    6.2551, 5.5115, 6.6337, 4.9621, 7.1159, 6.8848, 4.9611, 7.0967, 1.9556, 5.9718,
  ]

#### sparse_sign_accuracy
  Points: 100
  Min: 1.0000, Max: 1.0000, Mean: 1.0000
  Data: [
    1.0000, 1.0000, 1.0000, 1.0000, 1.0000, 1.0000, 1.0000, 1.0000, 1.0000, 1.0000,
    1.0000, 1.0000, 1.0000, 1.0000, 1.0000, 1.0000, 1.0000, 1.0000, 1.0000, 1.0000,
    1.0000, 1.0000, 1.0000, 1.0000, 1.0000, 1.0000, 1.0000, 1.0000, 1.0000, 1.0000,
    1.0000, 1.0000, 1.0000, 1.0000, 1.0000, 1.0000, 1.0000, 1.0000, 1.0000, 1.0000,
    1.0000, 1.0000, 1.0000, 1.0000, 1.0000, 1.0000, 1.0000, 1.0000, 1.0000, 1.0000,
    1.0000, 1.0000, 1.0000, 1.0000, 1.0000, 1.0000, 1.0000, 1.0000, 1.0000, 1.0000,
    1.0000, 1.0000, 1.0000, 1.0000, 1.0000, 1.0000, 1.0000, 1.0000, 1.0000, 1.0000,
    1.0000, 1.0000, 1.0000, 1.0000, 1.0000, 1.0000, 1.0000, 1.0000, 1.0000, 1.0000,
    1.0000, 1.0000, 1.0000, 1.0000, 1.0000, 1.0000, 1.0000, 1.0000, 1.0000, 1.0000,
    1.0000, 1.0000, 1.0000, 1.0000, 1.0000, 1.0000, 1.0000, 1.0000, 1.0000, 1.0000,
  ]

#### sparse_vs_nonsparse_error_ratio
  Points: 100
  Min: 0.0669, Max: 83.8394, Mean: 4.0735
  Data: [
    4.2337, 1.9941, 0.3583, 0.4578, 0.3073, 2.0290, 4.0037, 1.9968, 1.6198, 0.7634,
    0.0669, 0.1585, 1.7783, 39.3493, 0.2064, 11.8859, 1.1770, 2.1253, 1.5555, 0.2217,
    0.2049, 0.1182, 1.4069, 0.2962, 0.1681, 0.6782, 0.1375, 0.8842, 2.4875, 0.2263,
    0.0792, 2.7103, 0.1693, 78.8288, 0.3212, 0.5827, 0.5445, 0.8582, 0.3490, 4.1555,
    0.2988, 2.8344, 0.1564, 3.3181, 4.1545, 0.1225, 0.2261, 0.6342, 31.0429, 1.0799,
    1.0681, 83.8394, 3.8235, 9.6614, 21.8146, 0.2011, 2.0641, 14.9340, 0.5176, 10.9879,
    0.2305, 0.2356, 0.0710, 6.1915, 1.8054, 0.3299, 1.5236, 0.5106, 1.5018, 3.7699,
    0.5957, 0.4709, 0.7451, 0.2668, 0.3417, 0.1686, 0.7555, 2.0002, 0.6765, 0.7672,
    0.4992, 1.4428, 3.3984, 0.5005, 0.2849, 0.4255, 1.3705, 0.3751, 0.4838, 0.3290,
    2.7783, 0.3640, 0.4027, 0.3295, 0.5694, 2.0876, 0.0797, 3.4220, 0.5472, 0.4253,
  ]

#### sparse_weight_applied
  Points: 100
  Min: 51.2105, Max: 100.0000, Mean: 89.1738
  Data: [
    98.2000, 81.6667, 75.3077, 54.1111, 75.3077, 81.6667, 100.0000, 98.2000, 69.8571, 81.6667,
    61.0000, 81.6667, 69.8571, 98.2000, 51.2105, 61.0000, 89.1818, 57.3529, 81.6667, 89.1818,
    65.1333, 57.3529, 81.6667, 98.2000, 89.1818, 61.0000, 54.1111, 75.3077, 89.1818, 69.8571,
    100.0000, 75.3077, 75.3077, 100.0000, 65.1333, 100.0000, 98.2000, 100.0000, 100.0000, 98.2000,
    89.1818, 98.2000, 89.1818, 100.0000, 98.2000, 100.0000, 98.2000, 89.1818, 98.2000, 100.0000,
    100.0000, 100.0000, 75.3077, 89.1818, 100.0000, 100.0000, 75.3077, 69.8571, 100.0000, 100.0000,
    65.1333, 100.0000, 98.2000, 100.0000, 75.3077, 98.2000, 100.0000, 100.0000, 100.0000, 100.0000,
    89.1818, 98.2000, 100.0000, 100.0000, 100.0000, 98.2000, 100.0000, 100.0000, 100.0000, 89.1818,
    98.2000, 100.0000, 100.0000, 98.2000, 98.2000, 100.0000, 100.0000, 89.1818, 100.0000, 98.2000,
    89.1818, 100.0000, 100.0000, 81.6667, 100.0000, 75.3077, 100.0000, 100.0000, 100.0000, 98.2000,
  ]

#### unweighted_reward_loss
  Points: 100
  Min: 0.0848, Max: 0.2423, Mean: 0.1563
  Data: [
    0.0848, 0.1701, 0.1713, 0.1547, 0.1464, 0.1478, 0.1451, 0.1403, 0.1154, 0.1346,
    0.1544, 0.1560, 0.1267, 0.1367, 0.1701, 0.1944, 0.1583, 0.1448, 0.1695, 0.1480,
    0.1468, 0.1639, 0.1553, 0.1295, 0.1272, 0.1583, 0.1826, 0.1562, 0.1380, 0.1784,
    0.1810, 0.1371, 0.1654, 0.1206, 0.2423, 0.1571, 0.1427, 0.1922, 0.2272, 0.1725,
    0.1462, 0.1592, 0.1766, 0.1310, 0.1469, 0.1656, 0.2010, 0.1804, 0.1538, 0.1380,
    0.1470, 0.1849, 0.1692, 0.1417, 0.1546, 0.1597, 0.1766, 0.1373, 0.1761, 0.1788,
    0.1904, 0.1045, 0.1528, 0.1131, 0.1603, 0.1744, 0.1183, 0.1275, 0.1577, 0.1355,
    0.1314, 0.1388, 0.1424, 0.1399, 0.1847, 0.1848, 0.1340, 0.1469, 0.1624, 0.1530,
    0.1800, 0.1761, 0.1427, 0.1768, 0.1733, 0.1226, 0.1370, 0.2244, 0.1732, 0.1913,
    0.1751, 0.1346, 0.1290, 0.1992, 0.1359, 0.1765, 0.1478, 0.1359, 0.1385, 0.1421,
  ]

#### value_lambda_gap_abs_mean
  Points: 100
  Min: 0.5571, Max: 1.1137, Mean: 0.8150
  Data: [
    0.7810, 0.9814, 0.7173, 0.7850, 0.7591, 0.6307, 0.6625, 0.7759, 0.7664, 1.0270,
    1.0998, 1.1137, 0.8868, 0.9055, 0.7934, 0.9240, 0.7182, 0.8285, 0.9359, 1.0113,
    0.9924, 0.7560, 1.0399, 0.6965, 0.6721, 0.8968, 0.7550, 0.8507, 0.8094, 1.0238,
    0.9844, 0.6851, 0.8449, 0.8225, 0.8627, 0.7312, 0.7823, 0.8619, 0.8003, 0.8004,
    0.7559, 0.6464, 0.8170, 0.7171, 0.9437, 1.0153, 0.8997, 0.8843, 0.8703, 0.9436,
    0.5604, 0.8686, 0.8953, 0.9166, 0.7021, 0.7503, 0.8251, 0.9413, 0.6953, 0.6354,
    0.8104, 0.7134, 0.5767, 0.6106, 0.8007, 0.7219, 0.5571, 0.7073, 0.7945, 0.5595,
    0.7626, 0.7530, 0.8390, 0.6776, 0.7731, 0.9162, 0.6431, 0.9121, 0.7685, 0.6958,
    0.8713, 0.7004, 0.8665, 0.9406, 0.9252, 0.7949, 0.8164, 0.9764, 0.6075, 0.8783,
    0.8199, 0.8277, 0.7958, 0.7606, 0.6877, 0.9271, 0.9744, 1.0314, 0.8251, 0.8258,
  ]

#### value_lambda_gap_mean
  Points: 100
  Min: -0.0945, Max: 0.3188, Mean: 0.1162
  Data: [
    0.2130, 0.0510, 0.2248, 0.0805, 0.0492, 0.0738, -0.0048, 0.1011, 0.0648, 0.2684,
    0.3139, -0.0339, 0.0994, 0.0632, 0.0893, 0.0899, 0.1233, 0.0572, 0.0713, 0.1346,
    0.2014, 0.0635, 0.0455, 0.0801, 0.0490, 0.1355, 0.0613, 0.1296, 0.0973, 0.0777,
    0.2597, 0.0815, 0.1770, 0.1361, 0.0434, 0.0959, 0.1749, 0.1744, 0.0682, 0.1720,
    0.1618, 0.0971, 0.2195, 0.1523, 0.1856, 0.1300, 0.0384, 0.0635, 0.0881, 0.1358,
    0.0968, -0.0945, 0.2405, 0.2634, 0.1353, 0.2423, 0.0331, 0.0616, 0.0807, 0.0480,
    0.0749, 0.0112, 0.0575, 0.0327, 0.0664, 0.2488, 0.1348, -0.0148, 0.1721, 0.1088,
    0.1703, 0.2035, 0.2849, 0.1007, -0.0136, 0.1055, 0.2111, 0.1392, 0.1197, 0.1598,
    -0.0871, 0.0357, -0.0456, 0.3188, 0.2330, 0.1033, 0.0965, 0.2261, 0.1463, 0.0613,
    0.1778, 0.1074, 0.0861, 0.0986, 0.1350, 0.1029, 0.2167, 0.1744, 0.1583, 0.0708,
  ]

#### weighted_reward_loss
  Points: 100
  Min: 0.2479, Max: 0.3978, Mean: 0.3398
  Data: [
    0.3086, 0.3545, 0.3541, 0.3485, 0.3529, 0.3426, 0.3358, 0.3413, 0.3244, 0.3394,
    0.3449, 0.3510, 0.3438, 0.3457, 0.3502, 0.3766, 0.3475, 0.3442, 0.3623, 0.3508,
    0.3434, 0.3506, 0.3531, 0.3364, 0.3289, 0.3541, 0.3602, 0.3515, 0.3372, 0.3682,
    0.3488, 0.3353, 0.3617, 0.2846, 0.3949, 0.2707, 0.3448, 0.3452, 0.3582, 0.3567,
    0.3439, 0.3561, 0.3593, 0.2977, 0.3490, 0.3374, 0.3723, 0.3724, 0.3495, 0.3075,
    0.3234, 0.3589, 0.3576, 0.3487, 0.3554, 0.3420, 0.3628, 0.3410, 0.3553, 0.3458,
    0.3711, 0.2479, 0.3516, 0.2539, 0.3542, 0.3532, 0.2692, 0.2953, 0.3194, 0.2855,
    0.3337, 0.3410, 0.3288, 0.2925, 0.3123, 0.3695, 0.2887, 0.3336, 0.3460, 0.3572,
    0.3676, 0.3634, 0.3236, 0.3750, 0.3589, 0.3180, 0.3228, 0.3978, 0.3502, 0.3720,
    0.3622, 0.3338, 0.2874, 0.3759, 0.3059, 0.3575, 0.3292, 0.3052, 0.2807, 0.3446,
  ]

